timestamp,hour,voltage,current,active_power,reactive_power,frequency,ev_demand,total_load,temperature,attack_type
2026-01-01 00:00:00,0,0.67,263.8,363.0,152.8,60.3,125.8,652.5,61.9,fdi
2026-01-01 01:00:00,1,0.98,55.0,110.3,45.4,60.01,35.0,201.0,18.0,replay
2026-01-01 02:00:00,2,0.0,0.0,0.0,0.0,0.0,0.0,26.0,-999.0,dos
2026-01-01 03:00:00,3,1.37,384.9,1159.8,460.1,57.54,342.8,2007.0,5.9,unauthorized
2026-01-01 04:00:00,4,1.15,311.9,681.8,285.2,59.33,121.6,1123.0,47.3,fdi
2026-01-01 05:00:00,5,0.97,55.0,105.1,39.0,60.0,35.0,211.8,19.0,replay
2026-01-01 06:00:00,6,0.0,0.0,0.0,0.0,0.0,0.0,28.0,-999.0,dos
2026-01-01 07:00:00,7,1.33,459.1,1330.5,578.0,58.96,335.6,2284.0,22.5,unauthorized
2026-01-01 08:00:00,8,0.71,265.0,372.7,145.1,60.35,136.5,676.1,42.4,fdi
2026-01-01 09:00:00,9,1.11,459.4,938.7,409.6,61.63,261.1,1644.4,3.0,replay
2026-01-01 10:00:00,10,0.0,0.0,0.0,0.0,0.0,0.0,22.4,-999.0,dos
2026-01-01 11:00:00,11,1.13,445.6,1049.7,447.3,62.32,320.8,1850.3,-25.6,unauthorized
2026-01-01 12:00:00,12,1.25,239.9,579.5,232.3,60.29,123.1,981.2,56.6,fdi
2026-01-01 13:00:00,13,0.95,60.0,104.4,39.5,59.99,30.0,190.4,18.0,replay
2026-01-01 14:00:00,14,0.0,0.0,0.0,0.0,0.0,0.0,35.3,-999.0,dos
2026-01-01 15:00:00,15,1.2,378.0,982.0,374.9,62.36,330.9,1702.3,56.9,unauthorized
2026-01-01 16:00:00,16,1.31,300.5,729.5,279.9,60.43,161.7,1218.9,47.1,fdi
2026-01-01 17:00:00,17,0.98,65.0,139.4,62.2,60.0,30.0,251.7,19.0,replay
2026-01-01 18:00:00,18,0.0,0.0,0.0,0.0,0.0,0.0,21.4,-999.0,dos
2026-01-01 19:00:00,19,1.01,425.4,814.2,296.8,57.31,291.8,1432.3,69.0,unauthorized
2026-01-01 20:00:00,20,1.28,286.6,756.0,305.1,60.5,156.8,1231.4,56.5,fdi
2026-01-01 21:00:00,21,0.98,60.0,119.7,50.0,60.01,30.0,210.4,20.0,replay
2026-01-01 22:00:00,22,0.0,0.0,0.0,0.0,0.0,0.0,35.8,-999.0,dos
2026-01-01 23:00:00,23,1.09,408.0,821.4,363.4,62.62,270.6,1500.6,0.9,unauthorized
2026-01-02 00:00:00,0,0.69,257.7,383.6,158.5,59.28,129.3,694.9,62.6,fdi
2026-01-02 01:00:00,1,0.98,65.0,131.0,47.0,59.99,35.0,229.4,18.0,replay
2026-01-02 02:00:00,2,0.0,0.0,0.0,0.0,0.0,0.0,10.4,-999.0,dos
2026-01-02 03:00:00,3,1.06,350.8,768.7,286.3,57.96,332.3,1425.8,43.0,unauthorized
2026-01-02 04:00:00,4,1.3,270.9,685.5,258.1,59.43,176.8,1140.1,44.2,fdi
2026-01-02 05:00:00,5,0.95,60.0,120.7,48.3,60.01,40.0,242.1,20.0,replay
2026-01-02 06:00:00,6,0.0,0.0,0.0,0.0,0.0,0.0,38.9,-999.0,dos
2026-01-02 07:00:00,7,0.42,446.8,410.6,158.9,58.06,391.1,971.3,74.5,unauthorized
2026-01-02 08:00:00,8,1.34,314.9,815.1,299.1,59.3,158.5,1304.9,61.6,fdi
2026-01-02 09:00:00,9,0.96,60.0,126.5,46.0,60.01,35.0,238.3,20.0,replay
2026-01-02 10:00:00,10,0.0,0.0,0.0,0.0,0.0,0.0,37.9,-999.0,dos
2026-01-02 11:00:00,11,0.76,394.0,648.0,259.9,61.86,371.5,1309.5,64.0,unauthorized
2026-01-02 12:00:00,12,0.67,291.4,396.2,140.1,59.32,157.6,722.5,44.2,fdi
2026-01-02 13:00:00,13,0.95,55.0,99.3,35.1,60.01,35.0,191.5,19.0,replay
2026-01-02 14:00:00,14,0.0,0.0,0.0,0.0,0.0,0.0,43.1,-999.0,dos
2026-01-02 15:00:00,15,1.37,418.6,1188.6,432.4,62.05,279.2,1915.5,9.4,unauthorized
2026-01-02 16:00:00,16,0.56,235.8,240.7,94.6,60.51,145.1,517.9,46.2,fdi
2026-01-02 17:00:00,17,0.96,50.0,88.2,32.5,59.99,35.0,203.1,19.0,replay
2026-01-02 18:00:00,18,0.0,0.0,0.0,0.0,0.0,0.0,36.3,-999.0,dos
2026-01-02 19:00:00,19,1.13,357.2,781.7,280.8,60.4,273.8,1350.0,-25.6,unauthorized
2026-01-02 20:00:00,20,0.58,182.4,217.9,77.3,59.48,154.6,497.7,52.7,fdi
2026-01-02 21:00:00,21,0.98,60.0,117.7,51.3,60.01,35.0,240.3,20.0,replay
2026-01-02 22:00:00,22,0.0,0.0,0.0,0.0,0.0,0.0,35.7,-999.0,dos
2026-01-02 23:00:00,23,0.99,491.0,960.0,388.4,60.45,308.2,1704.3,37.2,unauthorized
2026-01-03 00:00:00,0,0.7,207.4,302.7,108.1,60.29,121.8,555.4,44.2,fdi
2026-01-03 01:00:00,1,0.96,55.0,105.5,44.2,60.01,40.0,213.7,18.0,replay
2026-01-03 02:00:00,2,0.0,0.0,0.0,0.0,0.0,0.0,26.7,-999.0,dos
2026-01-03 03:00:00,3,0.95,413.5,725.6,272.1,60.41,336.4,1367.4,47.8,unauthorized
2026-01-03 04:00:00,4,0.59,275.2,324.8,126.3,59.28,157.8,630.8,54.3,fdi
2026-01-03 05:00:00,5,0.98,65.0,117.0,44.7,60.0,30.0,239.7,20.0,replay
2026-01-03 06:00:00,6,0.0,0.0,0.0,0.0,0.0,0.0,35.3,-999.0,dos
2026-01-03 07:00:00,7,0.69,399.3,585.7,210.3,61.04,362.9,1188.6,55.0,unauthorized
2026-01-03 08:00:00,8,0.63,304.3,389.4,140.2,60.29,134.3,677.3,59.5,fdi
2026-01-03 09:00:00,9,0.96,50.0,89.2,35.8,60.01,40.0,184.3,19.0,replay
2026-01-03 10:00:00,10,0.0,0.0,0.0,0.0,0.0,0.0,45.2,-999.0,dos
2026-01-03 11:00:00,11,1.31,438.8,1119.6,470.8,59.1,356.2,1966.6,17.8,unauthorized
2026-01-03 12:00:00,12,1.2,236.7,596.3,249.3,59.46,196.7,1061.8,60.9,fdi
2026-01-03 13:00:00,13,0.98,50.0,96.8,41.6,60.0,30.0,217.5,19.0,replay
2026-01-03 14:00:00,14,0.0,0.0,0.0,0.0,0.0,0.0,11.7,-999.0,dos
2026-01-03 15:00:00,15,1.32,387.9,965.5,366.4,61.17,261.3,1643.0,-20.1,unauthorized
2026-01-03 16:00:00,16,1.3,308.1,773.3,283.8,59.22,159.5,1252.4,44.5,fdi
2026-01-03 17:00:00,17,0.98,55.0,112.1,45.2,60.0,30.0,209.7,20.0,replay
2026-01-03 18:00:00,18,0.0,0.0,0.0,0.0,0.0,0.0,16.5,-999.0,dos
2026-01-03 19:00:00,19,1.22,492.5,1308.3,571.2,61.35,342.0,2233.4,10.2,unauthorized
2026-01-03 20:00:00,20,1.31,318.2,892.2,387.1,60.46,158.1,1466.1,64.3,fdi
2026-01-03 21:00:00,21,0.95,50.0,95.7,40.7,59.99,35.0,217.8,18.0,replay
2026-01-03 22:00:00,22,0.0,0.0,0.0,0.0,0.0,0.0,40.3,-999.0,dos
2026-01-03 23:00:00,23,0.64,380.8,525.1,223.5,58.51,291.2,1051.8,-15.1,unauthorized
2026-01-04 00:00:00,0,1.25,246.7,565.7,242.8,59.31,201.6,1043.8,64.3,fdi
2026-01-04 01:00:00,1,0.97,60.0,121.2,45.0,60.0,30.0,211.6,19.0,replay
2026-01-04 02:00:00,2,0.96,55.0,104.3,45.9,60.01,35.0,209.1,20.0,dos
2026-01-04 03:00:00,3,1.18,409.5,900.9,398.8,60.73,379.4,1708.8,73.9,unauthorized
2026-01-04 04:00:00,4,1.35,249.0,620.5,225.1,60.47,144.0,1005.7,43.7,fdi
2026-01-04 05:00:00,5,0.98,65.0,127.8,57.2,60.0,40.0,259.0,20.0,replay
2026-01-04 06:00:00,6,0.0,0.0,0.0,0.0,0.0,0.0,23.8,-999.0,dos
2026-01-04 07:00:00,7,0.43,432.3,345.6,132.4,60.21,303.4,804.3,67.3,unauthorized
2026-01-04 08:00:00,8,1.29,251.6,594.1,243.4,60.38,120.3,1007.3,62.0,fdi
2026-01-04 09:00:00,9,0.98,55.0,108.5,45.8,60.01,35.0,201.7,20.0,replay
2026-01-04 10:00:00,10,0.0,0.0,0.0,0.0,0.0,0.0,37.5,-999.0,dos
2026-01-04 11:00:00,11,1.15,354.6,750.8,318.2,62.2,303.1,1389.4,7.7,unauthorized
2026-01-04 12:00:00,12,0.57,254.9,296.8,118.1,60.37,167.4,615.6,50.2,fdi
2026-01-04 13:00:00,13,0.97,65.0,120.6,46.6,60.0,40.0,243.1,19.0,replay
2026-01-04 14:00:00,14,0.0,0.0,0.0,0.0,0.0,0.0,49.5,-999.0,dos
2026-01-04 15:00:00,15,0.64,365.3,436.3,165.2,57.92,286.9,905.3,-20.7,unauthorized
2026-01-04 16:00:00,16,1.25,237.5,639.5,276.1,59.24,159.8,1095.7,64.3,fdi
2026-01-04 17:00:00,17,0.97,55.0,107.4,42.7,60.0,35.0,228.7,20.0,replay
2026-01-04 18:00:00,18,0.0,0.0,0.0,0.0,0.0,0.0,38.4,-999.0,dos
2026-01-04 19:00:00,19,1.14,429.5,977.2,433.1,61.24,365.2,1798.3,-29.5,unauthorized
2026-01-04 20:00:00,20,1.24,256.8,591.3,207.1,59.27,188.5,1001.5,44.0,fdi
2026-01-04 21:00:00,21,0.96,60.0,125.1,54.2,59.99,35.0,262.9,20.0,replay
2026-01-04 22:00:00,22,0.0,0.0,0.0,0.0,0.0,0.0,47.5,-999.0,dos
2026-01-04 23:00:00,23,0.47,461.2,455.7,168.7,60.45,376.3,1017.2,-23.2,unauthorized
2026-01-05 00:00:00,0,0.66,253.2,331.7,128.6,60.56,159.2,648.1,60.8,fdi
2026-01-05 01:00:00,1,0.97,60.0,113.0,44.0,59.99,30.0,218.3,18.0,replay
2026-01-05 02:00:00,2,0.0,0.0,0.0,0.0,0.0,0.0,31.7,-999.0,dos
2026-01-05 03:00:00,3,0.73,459.6,673.0,285.4,61.16,275.0,1266.3,65.4,unauthorized
2026-01-05 04:00:00,4,0.67,289.0,407.1,146.7,60.32,191.4,776.6,53.4,fdi
2026-01-05 05:00:00,5,0.95,65.0,123.2,48.1,59.99,30.0,242.2,18.0,replay
2026-01-05 06:00:00,6,1.09,431.4,1021.0,416.9,58.51,301.9,1765.8,-18.2,dos
2026-01-05 07:00:00,7,1.35,373.0,908.2,397.1,60.52,325.9,1678.5,33.4,unauthorized
2026-01-05 08:00:00,8,0.71,279.0,413.1,183.2,60.45,180.7,823.9,51.8,fdi
2026-01-05 09:00:00,9,0.96,50.0,90.0,39.0,60.0,35.0,187.3,19.0,replay
2026-01-05 10:00:00,10,0.0,0.0,0.0,0.0,0.0,0.0,34.3,-999.0,dos
2026-01-05 11:00:00,11,1.14,380.8,856.6,373.8,61.73,340.6,1617.9,-26.3,unauthorized
2026-01-05 12:00:00,12,1.33,262.2,652.6,230.6,60.57,144.8,1050.5,55.3,fdi
2026-01-05 13:00:00,13,0.97,55.0,107.0,47.9,60.01,35.0,218.3,18.0,replay
2026-01-05 14:00:00,14,0.0,0.0,0.0,0.0,0.0,0.0,31.4,-999.0,dos
2026-01-05 15:00:00,15,0.7,396.5,538.1,213.5,59.38,314.0,1100.6,56.0,unauthorized
2026-01-05 16:00:00,16,0.65,221.2,287.3,122.5,59.38,173.4,597.4,53.1,fdi
2026-01-05 17:00:00,17,0.97,60.0,125.7,50.6,59.99,35.0,253.3,19.0,replay
2026-01-05 18:00:00,18,0.0,0.0,0.0,0.0,0.0,0.0,44.7,-999.0,dos
2026-01-05 19:00:00,19,0.95,388.1,714.9,290.9,58.18,325.8,1377.2,31.4,unauthorized
2026-01-05 20:00:00,20,0.69,318.4,406.0,158.6,59.48,216.3,803.9,63.7,fdi
2026-01-05 21:00:00,21,0.96,60.0,104.3,38.4,60.0,40.0,216.0,18.0,replay
2026-01-05 22:00:00,22,0.0,0.0,0.0,0.0,0.0,0.0,42.7,-999.0,dos
2026-01-05 23:00:00,23,0.66,407.0,527.0,213.5,60.54,290.2,1058.2,34.9,unauthorized
2026-01-06 00:00:00,0,0.68,199.6,267.3,94.2,59.37,209.5,591.7,60.4,fdi
2026-01-06 01:00:00,1,0.95,50.0,97.8,38.3,59.99,30.0,181.4,19.0,replay
2026-01-06 02:00:00,2,0.0,0.0,0.0,0.0,0.0,0.0,37.3,-999.0,dos
2026-01-06 03:00:00,3,0.93,472.3,877.6,370.4,59.99,260.1,1522.4,8.6,unauthorized
2026-01-06 04:00:00,4,1.2,282.5,725.9,283.4,60.47,169.4,1219.5,55.2,fdi
2026-01-06 05:00:00,5,0.96,65.0,114.4,46.9,60.01,40.0,221.1,18.0,replay
2026-01-06 06:00:00,6,0.0,0.0,0.0,0.0,0.0,0.0,24.2,-999.0,dos
2026-01-06 07:00:00,7,0.7,435.0,634.6,235.8,59.86,349.6,1231.2,72.4,unauthorized
2026-01-06 08:00:00,8,0.56,249.5,255.1,107.9,59.32,197.1,589.9,44.5,fdi
2026-01-06 09:00:00,9,0.96,50.0,87.9,30.8,59.99,40.0,207.4,20.0,replay
2026-01-06 10:00:00,10,0.71,471.1,676.2,242.5,62.77,368.5,1335.5,42.9,dos
2026-01-06 11:00:00,11,1.04,463.9,1041.6,431.9,61.34,345.6,1856.8,77.7,unauthorized
2026-01-06 12:00:00,12,0.56,262.4,270.3,114.4,59.39,167.3,569.7,49.2,fdi
2026-01-06 13:00:00,13,0.97,60.0,124.8,54.2,60.0,35.0,236.8,20.0,replay
2026-01-06 14:00:00,14,0.0,0.0,0.0,0.0,0.0,0.0,33.9,-999.0,dos
2026-01-06 15:00:00,15,0.52,361.5,343.7,131.1,61.18,301.0,807.4,47.0,unauthorized
2026-01-06 16:00:00,16,1.28,304.0,701.2,306.7,59.28,122.4,1161.5,62.0,fdi
2026-01-06 17:00:00,17,0.97,60.0,122.6,47.8,59.99,35.0,234.7,18.0,replay
2026-01-06 18:00:00,18,0.0,0.0,0.0,0.0,0.0,0.0,49.4,-999.0,dos
2026-01-06 19:00:00,19,0.82,413.2,656.2,248.5,61.43,285.8,1212.3,-26.7,unauthorized
2026-01-06 20:00:00,20,1.15,318.3,800.4,343.1,60.38,188.0,1345.0,47.0,fdi
2026-01-06 21:00:00,21,0.98,60.0,120.3,44.1,60.01,40.0,254.0,19.0,replay
2026-01-06 22:00:00,22,0.0,0.0,0.0,0.0,0.0,0.0,36.0,-999.0,dos
2026-01-06 23:00:00,23,0.91,384.6,741.3,285.4,58.06,283.1,1322.1,-17.6,unauthorized
2026-01-07 00:00:00,0,0.71,319.3,420.6,181.5,60.39,195.8,817.0,58.0,fdi
2026-01-07 01:00:00,1,0.97,50.0,89.1,39.0,60.0,35.0,183.7,18.0,replay
2026-01-07 02:00:00,2,0.0,0.0,0.0,0.0,0.0,0.0,48.2,-999.0,dos
2026-01-07 03:00:00,3,1.21,448.3,1056.8,397.3,60.31,263.0,1756.1,9.0,unauthorized
2026-01-07 04:00:00,4,1.19,275.7,670.5,289.9,60.55,169.5,1153.8,53.1,fdi
2026-01-07 05:00:00,5,0.97,50.0,97.4,42.6,60.0,30.0,189.8,19.0,replay
2026-01-07 06:00:00,6,0.0,0.0,0.0,0.0,0.0,0.0,23.4,-999.0,dos
2026-01-07 07:00:00,7,1.33,365.9,1063.1,421.6,61.19,278.4,1808.2,65.8,unauthorized
2026-01-07 08:00:00,8,0.63,486.3,581.9,214.9,57.01,333.4,1143.6,50.8,fdi
2026-01-07 09:00:00,9,0.95,50.0,100.3,36.2,59.99,35.0,211.9,18.0,replay
2026-01-07 10:00:00,10,0.0,0.0,0.0,0.0,0.0,0.0,23.7,-999.0,dos
2026-01-07 11:00:00,11,1.33,365.4,934.6,393.3,62.62,353.2,1693.8,-31.9,unauthorized
2026-01-07 12:00:00,12,1.27,186.4,439.9,187.3,59.54,216.9,855.1,59.2,fdi
2026-01-07 13:00:00,13,0.96,60.0,119.4,47.1,59.99,40.0,227.5,20.0,replay
2026-01-07 14:00:00,14,0.0,0.0,0.0,0.0,0.0,0.0,28.1,-999.0,dos
2026-01-07 15:00:00,15,1.19,454.1,1118.5,422.1,58.32,262.4,1851.0,41.7,unauthorized
2026-01-07 16:00:00,16,1.34,238.8,627.7,275.8,59.34,147.4,1070.1,64.6,fdi
2026-01-07 17:00:00,17,0.98,50.0,97.4,39.4,60.0,35.0,188.2,20.0,replay
2026-01-07 18:00:00,18,0.0,0.0,0.0,0.0,0.0,0.0,16.1,-999.0,dos
2026-01-07 19:00:00,19,0.93,352.7,717.6,264.5,61.78,294.1,1304.7,69.4,unauthorized
2026-01-07 20:00:00,20,0.53,452.8,434.2,177.2,59.58,280.1,912.3,19.0,fdi
2026-01-07 21:00:00,21,0.97,65.0,115.3,44.9,60.0,30.0,219.4,18.0,replay
2026-01-07 22:00:00,22,0.0,0.0,0.0,0.0,0.0,0.0,37.8,-999.0,dos
2026-01-07 23:00:00,23,1.18,355.9,921.7,335.7,59.88,265.7,1553.1,-11.0,unauthorized
2026-01-08 00:00:00,0,0.65,181.4,212.2,75.9,60.43,128.8,442.8,50.1,fdi
2026-01-08 01:00:00,1,0.97,55.0,113.6,40.2,60.01,35.0,225.6,19.0,replay
2026-01-08 02:00:00,2,0.0,0.0,0.0,0.0,0.0,0.0,45.8,-999.0,dos
2026-01-08 03:00:00,3,1.02,441.9,921.1,394.5,58.79,390.3,1740.4,73.7,unauthorized
2026-01-08 04:00:00,4,0.64,263.6,335.4,141.7,59.37,124.1,634.9,45.8,fdi
2026-01-08 05:00:00,5,0.95,50.0,104.0,39.9,59.99,35.0,196.2,20.0,replay
2026-01-08 06:00:00,6,0.0,0.0,0.0,0.0,0.0,0.0,29.9,-999.0,dos
2026-01-08 07:00:00,7,1.12,384.3,808.5,338.0,62.98,396.2,1555.5,38.0,unauthorized
2026-01-08 08:00:00,8,1.24,301.6,730.1,327.6,59.46,162.5,1231.8,50.0,fdi
2026-01-08 09:00:00,9,0.98,50.0,97.7,42.7,60.01,30.0,216.5,19.0,replay
2026-01-08 10:00:00,10,0.0,0.0,0.0,0.0,0.0,0.0,33.7,-999.0,dos
2026-01-08 11:00:00,11,0.61,443.4,565.0,249.1,60.79,360.0,1191.2,-24.2,unauthorized
2026-01-08 12:00:00,12,0.58,299.6,349.0,134.7,60.34,207.1,724.5,52.2,fdi
2026-01-08 13:00:00,13,0.97,50.0,100.0,38.3,60.0,35.0,214.2,20.0,replay
2026-01-08 14:00:00,14,0.0,0.0,0.0,0.0,0.0,0.0,28.2,-999.0,dos
2026-01-08 15:00:00,15,0.47,375.5,350.6,131.4,60.12,300.6,817.3,59.5,unauthorized
2026-01-08 16:00:00,16,1.18,185.1,465.0,190.0,59.43,167.5,867.2,61.4,fdi
2026-01-08 17:00:00,17,0.95,65.0,114.2,42.6,60.01,35.0,203.9,19.0,replay
2026-01-08 18:00:00,18,0.0,0.0,0.0,0.0,0.0,0.0,17.2,-999.0,dos
2026-01-08 19:00:00,19,0.5,437.7,457.0,160.7,61.13,309.6,950.3,17.6,unauthorized
2026-01-08 20:00:00,20,0.59,253.0,278.8,123.8,60.44,132.6,574.5,45.1,fdi
2026-01-08 21:00:00,21,0.95,50.0,102.0,37.5,59.99,30.0,207.2,19.0,replay
2026-01-08 22:00:00,22,0.0,0.0,0.0,0.0,0.0,0.0,37.3,-999.0,dos
2026-01-08 23:00:00,23,1.02,480.3,1014.9,423.9,60.42,254.6,1711.9,71.7,unauthorized
2026-01-09 00:00:00,0,1.28,194.9,489.8,214.1,59.55,124.8,870.0,64.5,fdi
2026-01-09 01:00:00,1,0.95,60.0,110.1,45.9,60.01,30.0,228.2,19.0,replay
2026-01-09 02:00:00,2,0.0,0.0,0.0,0.0,0.0,0.0,27.4,-999.0,dos
2026-01-09 03:00:00,3,0.52,431.7,439.8,184.5,57.03,298.7,948.5,4.0,unauthorized
2026-01-09 04:00:00,4,1.22,211.8,515.0,199.8,60.46,186.8,946.2,56.2,fdi
2026-01-09 05:00:00,5,0.96,65.0,115.0,42.0,60.0,30.0,218.1,19.0,replay
2026-01-09 06:00:00,6,0.0,0.0,0.0,0.0,0.0,0.0,25.8,-999.0,dos
2026-01-09 07:00:00,7,1.15,457.3,1132.2,404.3,60.13,373.4,1958.1,11.7,unauthorized
2026-01-09 08:00:00,8,1.19,247.1,607.8,269.2,60.31,181.7,1090.0,54.0,fdi
2026-01-09 09:00:00,9,0.96,65.0,119.1,46.6,60.01,35.0,215.6,19.0,replay
2026-01-09 10:00:00,10,0.0,0.0,0.0,0.0,0.0,0.0,17.3,-999.0,dos
2026-01-09 11:00:00,11,1.11,366.0,809.2,348.4,60.4,288.5,1478.2,75.6,unauthorized
2026-01-09 12:00:00,12,0.71,264.2,384.5,150.4,59.51,142.8,721.2,46.9,fdi
2026-01-09 13:00:00,13,0.98,50.0,94.1,39.8,60.01,40.0,218.0,18.0,replay
2026-01-09 14:00:00,14,0.0,0.0,0.0,0.0,0.0,0.0,40.7,-999.0,dos
2026-01-09 15:00:00,15,0.82,372.9,618.9,227.7,58.41,380.4,1249.5,16.7,unauthorized
2026-01-09 16:00:00,16,1.28,216.0,562.5,234.9,59.22,134.2,959.3,48.3,fdi
2026-01-09 17:00:00,17,0.95,50.0,87.5,37.0,59.99,40.0,197.6,19.0,replay
2026-01-09 18:00:00,18,0.0,0.0,0.0,0.0,0.0,0.0,13.4,-999.0,dos
2026-01-09 19:00:00,19,0.59,398.5,473.5,168.9,58.36,303.2,987.7,-31.7,unauthorized
2026-01-09 20:00:00,20,0.7,271.1,416.9,173.5,59.31,153.3,776.0,57.4,fdi
2026-01-09 21:00:00,21,0.96,65.0,116.7,48.9,60.01,35.0,218.6,18.0,replay
2026-01-09 22:00:00,22,0.0,0.0,0.0,0.0,0.0,0.0,28.0,-999.0,dos
2026-01-09 23:00:00,23,0.75,449.7,658.9,240.7,61.77,389.1,1338.3,-11.8,unauthorized
2026-01-10 00:00:00,0,0.69,252.9,373.5,159.9,59.23,195.5,767.3,44.9,fdi
2026-01-10 01:00:00,1,0.95,60.0,111.3,42.8,60.01,30.0,203.7,19.0,replay
2026-01-10 02:00:00,2,0.0,0.0,0.0,0.0,0.0,0.0,21.2,-999.0,dos
2026-01-10 03:00:00,3,1.27,374.3,932.4,373.1,61.72,336.2,1667.5,28.0,unauthorized
2026-01-10 04:00:00,4,0.66,254.5,326.4,115.0,59.25,141.2,598.7,60.8,fdi
2026-01-10 05:00:00,5,0.96,65.0,126.7,50.4,60.01,35.0,234.6,18.0,replay
2026-01-10 06:00:00,6,0.0,0.0,0.0,0.0,0.0,0.0,45.9,-999.0,dos
2026-01-10 07:00:00,7,0.72,492.9,704.3,282.1,61.95,349.9,1355.7,-25.4,unauthorized
2026-01-10 08:00:00,8,0.57,263.2,270.4,95.1,59.51,147.8,547.4,61.6,fdi
2026-01-10 09:00:00,9,0.97,60.0,115.5,41.1,60.0,40.0,246.3,19.0,replay
2026-01-10 10:00:00,10,0.0,0.0,0.0,0.0,0.0,0.0,49.3,-999.0,dos
2026-01-10 11:00:00,11,0.54,368.2,364.4,146.1,58.82,265.2,825.5,43.1,unauthorized
2026-01-10 12:00:00,12,0.6,267.3,318.7,117.7,59.35,133.1,594.2,62.4,fdi
2026-01-10 13:00:00,13,0.96,60.0,125.9,47.2,60.0,30.0,218.4,19.0,replay
2026-01-10 14:00:00,14,0.0,0.0,0.0,0.0,0.0,0.0,33.3,-999.0,dos
2026-01-10 15:00:00,15,0.59,442.8,490.8,175.0,58.94,375.1,1052.6,35.5,unauthorized
2026-01-10 16:00:00,16,1.28,249.9,606.6,251.8,60.3,132.7,1033.5,61.9,fdi
2026-01-10 17:00:00,17,0.95,55.0,112.7,50.2,60.01,30.0,234.4,19.0,replay
2026-01-10 18:00:00,18,0.0,0.0,0.0,0.0,0.0,0.0,27.5,-999.0,dos
2026-01-10 19:00:00,19,1.24,355.8,911.1,400.4,62.41,319.2,1666.2,36.5,unauthorized
2026-01-10 20:00:00,20,1.25,201.0,462.2,194.9,59.38,188.0,858.0,43.0,fdi
2026-01-10 21:00:00,21,0.98,50.0,97.3,43.7,60.0,30.0,219.8,19.0,replay
2026-01-10 22:00:00,22,0.0,0.0,0.0,0.0,0.0,0.0,24.2,-999.0,dos
2026-01-10 23:00:00,23,0.95,474.6,904.0,397.7,57.41,313.6,1656.6,-30.1,unauthorized
2026-01-11 00:00:00,0,0.66,181.5,239.7,105.4,60.34,126.9,494.9,64.1,fdi
2026-01-11 01:00:00,1,0.97,65.0,128.2,54.5,60.01,35.0,260.1,18.0,replay
2026-01-11 02:00:00,2,0.0,0.0,0.0,0.0,0.0,0.0,23.5,-999.0,dos
2026-01-11 03:00:00,3,0.62,405.8,551.9,206.4,59.59,315.9,1089.1,33.6,unauthorized
2026-01-11 04:00:00,4,0.66,220.0,276.0,117.4,59.5,204.7,626.4,63.1,fdi
2026-01-11 05:00:00,5,0.98,55.0,103.9,44.2,59.99,40.0,208.9,20.0,replay
2026-01-11 06:00:00,6,0.0,0.0,0.0,0.0,0.0,0.0,14.3,-999.0,dos
2026-01-11 07:00:00,7,0.49,494.8,478.3,203.7,59.93,272.6,994.3,1.1,unauthorized
2026-01-11 08:00:00,8,1.18,193.1,461.2,198.9,59.51,163.4,863.1,45.7,fdi
2026-01-11 09:00:00,9,0.98,65.0,119.9,48.6,59.99,35.0,242.8,19.0,replay
2026-01-11 10:00:00,10,0.0,0.0,0.0,0.0,0.0,0.0,24.2,-999.0,dos
2026-01-11 11:00:00,11,0.95,350.8,629.6,280.7,61.57,255.3,1190.3,49.5,unauthorized
2026-01-11 12:00:00,12,1.21,302.7,789.9,323.3,59.33,164.9,1303.8,58.6,fdi
2026-01-11 13:00:00,13,0.98,60.0,109.8,40.4,60.0,35.0,210.7,19.0,replay
2026-01-11 14:00:00,14,0.0,0.0,0.0,0.0,0.0,0.0,30.4,-999.0,dos
2026-01-11 15:00:00,15,0.5,383.8,394.7,161.9,61.22,257.9,825.4,18.4,unauthorized
2026-01-11 16:00:00,16,0.58,277.4,320.4,124.1,59.54,141.0,600.4,61.0,fdi
2026-01-11 17:00:00,17,0.95,55.0,110.8,47.3,59.99,30.0,227.4,20.0,replay
2026-01-11 18:00:00,18,0.0,0.0,0.0,0.0,0.0,0.0,35.5,-999.0,dos
2026-01-11 19:00:00,19,0.58,452.9,570.9,211.4,62.95,362.1,1177.1,48.8,unauthorized
2026-01-11 20:00:00,20,1.29,262.0,616.0,268.1,59.44,213.0,1116.1,60.0,fdi
2026-01-11 21:00:00,21,0.98,50.0,106.6,44.8,60.0,30.0,216.6,19.0,replay
2026-01-11 22:00:00,22,0.0,0.0,0.0,0.0,0.0,0.0,46.4,-999.0,dos
2026-01-11 23:00:00,23,0.41,358.6,316.6,125.8,58.35,269.7,722.6,7.9,unauthorized
2026-01-12 00:00:00,0,1.16,218.6,498.8,216.7,60.53,217.5,953.7,50.5,fdi
2026-01-12 01:00:00,1,0.98,65.0,129.0,49.6,59.99,35.0,236.2,19.0,replay
2026-01-12 02:00:00,2,0.0,0.0,0.0,0.0,0.0,0.0,19.5,-999.0,dos
2026-01-12 03:00:00,3,0.95,369.2,740.5,305.4,62.29,309.0,1384.8,59.3,unauthorized
2026-01-12 04:00:00,4,1.3,206.8,501.6,176.7,60.36,214.7,931.8,64.2,fdi
2026-01-12 05:00:00,5,0.95,60.0,114.5,41.4,60.01,40.0,240.3,18.0,replay
2026-01-12 06:00:00,6,0.0,0.0,0.0,0.0,0.0,0.0,38.3,-999.0,dos
2026-01-12 07:00:00,7,0.48,418.7,431.7,180.0,59.91,274.9,915.0,73.5,unauthorized
2026-01-12 08:00:00,8,0.64,188.7,256.5,94.9,59.48,165.9,537.7,43.2,fdi
2026-01-12 09:00:00,9,0.97,65.0,118.7,51.9,60.01,35.0,250.8,20.0,replay
2026-01-12 10:00:00,10,0.0,0.0,0.0,0.0,0.0,0.0,28.0,-999.0,dos
2026-01-12 11:00:00,11,1.17,354.1,836.4,334.4,57.39,319.6,1504.6,69.1,unauthorized
2026-01-12 12:00:00,12,0.61,288.6,375.5,153.1,59.27,172.3,736.4,48.6,fdi
2026-01-12 13:00:00,13,0.97,60.0,115.2,46.7,60.01,35.0,213.6,19.0,replay
2026-01-12 14:00:00,14,0.0,0.0,0.0,0.0,0.0,0.0,45.9,-999.0,dos
2026-01-12 15:00:00,15,0.91,439.7,848.8,323.7,57.2,304.6,1519.0,47.9,unauthorized
2026-01-12 16:00:00,16,0.57,283.6,337.8,129.1,60.6,168.5,685.4,44.8,fdi
2026-01-12 17:00:00,17,0.97,60.0,106.9,37.7,59.99,30.0,217.6,18.0,replay
2026-01-12 18:00:00,18,0.0,0.0,0.0,0.0,0.0,0.0,48.9,-999.0,dos
2026-01-12 19:00:00,19,0.7,487.7,733.9,304.7,57.66,363.9,1425.1,78.6,unauthorized
2026-01-12 20:00:00,20,0.7,253.6,349.1,153.8,60.29,128.7,671.2,58.5,fdi
2026-01-12 21:00:00,21,0.97,50.0,103.6,41.2,59.99,35.0,228.9,18.0,replay
2026-01-12 22:00:00,22,0.0,0.0,0.0,0.0,0.0,0.0,37.0,-999.0,dos
2026-01-12 23:00:00,23,1.09,360.4,835.9,315.9,58.05,378.4,1565.9,-12.7,unauthorized
2026-01-13 00:00:00,0,0.6,209.8,271.3,115.7,60.36,185.3,613.8,63.6,fdi
2026-01-13 01:00:00,1,0.96,60.0,103.7,38.0,60.0,35.0,202.3,20.0,replay
2026-01-13 02:00:00,2,0.0,0.0,0.0,0.0,0.0,0.0,25.3,-999.0,dos
2026-01-13 03:00:00,3,0.81,470.4,692.3,309.2,59.87,252.7,1269.2,10.6,unauthorized
2026-01-13 04:00:00,4,0.69,277.9,393.6,158.7,59.54,182.1,769.8,54.9,fdi
2026-01-13 05:00:00,5,0.98,55.0,102.2,35.9,60.0,30.0,196.9,18.0,replay
2026-01-13 06:00:00,6,0.0,0.0,0.0,0.0,0.0,0.0,21.9,-999.0,dos
2026-01-13 07:00:00,7,1.14,357.2,832.0,365.4,62.42,377.8,1592.7,40.1,unauthorized
2026-01-13 08:00:00,8,1.31,184.9,441.7,191.3,59.55,205.6,872.5,54.0,fdi
2026-01-13 09:00:00,9,0.95,50.0,101.3,44.3,60.0,30.0,208.5,20.0,replay
2026-01-13 10:00:00,10,0.0,0.0,0.0,0.0,0.0,0.0,22.7,-999.0,dos
2026-01-13 11:00:00,11,1.17,440.3,1060.8,434.1,62.36,316.5,1849.5,32.9,unauthorized
2026-01-13 12:00:00,12,0.57,233.8,278.4,111.5,60.48,215.1,640.4,55.8,fdi
2026-01-13 13:00:00,13,0.95,55.0,95.0,34.6,60.0,30.0,180.7,19.0,replay
2026-01-13 14:00:00,14,0.0,0.0,0.0,0.0,0.0,0.0,29.3,-999.0,dos
2026-01-13 15:00:00,15,1.01,392.1,714.6,265.8,58.24,327.5,1319.3,-39.3,unauthorized
2026-01-13 16:00:00,16,1.31,260.1,625.4,257.5,59.3,213.2,1110.6,51.1,fdi
2026-01-13 17:00:00,17,0.97,60.0,120.5,42.7,60.0,40.0,231.2,18.0,replay
2026-01-13 18:00:00,18,0.0,0.0,0.0,0.0,0.0,0.0,25.6,-999.0,dos
2026-01-13 19:00:00,19,1.28,450.6,1206.2,537.2,58.55,351.2,2133.4,-4.4,unauthorized
2026-01-13 20:00:00,20,1.29,296.1,812.2,338.1,60.56,145.7,1309.6,57.3,fdi
2026-01-13 21:00:00,21,0.98,65.0,122.8,52.2,60.0,30.0,231.6,19.0,replay
2026-01-13 22:00:00,22,0.0,0.0,0.0,0.0,0.0,0.0,45.5,-999.0,dos
2026-01-13 23:00:00,23,0.9,370.8,687.5,291.6,57.69,273.1,1283.5,-19.4,unauthorized
2026-01-14 00:00:00,0,0.69,277.3,413.7,178.2,59.36,128.4,739.0,51.2,fdi
2026-01-14 01:00:00,1,0.98,50.0,104.9,41.0,60.01,30.0,189.0,19.0,replay
2026-01-14 02:00:00,2,0.0,0.0,0.0,0.0,0.0,0.0,33.6,-999.0,dos
2026-01-14 03:00:00,3,0.78,417.5,705.9,247.9,60.48,363.9,1342.5,-28.1,unauthorized
2026-01-14 04:00:00,4,1.26,251.6,688.1,264.2,60.48,124.5,1107.5,59.5,fdi
2026-01-14 05:00:00,5,0.97,60.0,114.3,43.6,59.99,40.0,234.9,20.0,replay
2026-01-14 06:00:00,6,0.0,0.0,0.0,0.0,0.0,0.0,18.7,-999.0,dos
2026-01-14 07:00:00,7,0.85,453.2,775.0,346.0,57.84,322.8,1469.1,-36.7,unauthorized
2026-01-14 08:00:00,8,1.23,202.4,536.7,194.1,60.51,165.9,944.9,48.7,fdi
2026-01-14 09:00:00,9,0.97,55.0,97.9,40.2,60.01,30.0,184.2,18.0,replay
2026-01-14 10:00:00,10,0.0,0.0,0.0,0.0,0.0,0.0,40.9,-999.0,dos
2026-01-14 11:00:00,11,0.88,429.8,733.0,317.1,58.01,287.0,1375.5,60.6,unauthorized
2026-01-14 12:00:00,12,0.67,212.9,311.5,113.7,59.39,136.5,604.5,55.4,fdi
2026-01-14 13:00:00,13,0.95,50.0,96.3,39.7,59.99,35.0,189.1,19.0,replay
2026-01-14 14:00:00,14,0.0,0.0,0.0,0.0,0.0,0.0,29.0,-999.0,dos
2026-01-14 15:00:00,15,0.63,494.6,666.9,242.1,62.46,358.3,1309.0,24.0,unauthorized
2026-01-14 16:00:00,16,0.6,302.8,360.3,157.2,59.25,166.3,717.3,64.6,fdi
2026-01-14 17:00:00,17,0.96,60.0,112.6,45.2,60.0,35.0,222.4,20.0,replay
2026-01-14 18:00:00,18,0.0,0.0,0.0,0.0,0.0,0.0,49.2,-999.0,dos
2026-01-14 19:00:00,19,1.23,464.7,1051.7,457.9,60.44,393.4,1930.5,-15.9,unauthorized
2026-01-14 20:00:00,20,0.56,303.7,307.8,122.4,60.43,182.7,650.3,63.3,fdi
2026-01-14 21:00:00,21,0.96,55.0,102.6,44.2,60.01,35.0,202.9,18.0,replay
2026-01-14 22:00:00,22,0.0,0.0,0.0,0.0,0.0,0.0,10.4,-999.0,dos
2026-01-14 23:00:00,23,1.08,474.3,1089.7,462.1,58.77,252.1,1819.6,48.5,unauthorized
2026-01-15 00:00:00,0,0.66,287.3,348.2,136.1,59.41,128.9,639.4,53.2,fdi
2026-01-15 01:00:00,1,0.97,65.0,137.4,49.1,59.99,35.0,269.7,18.0,replay
2026-01-15 02:00:00,2,0.0,0.0,0.0,0.0,0.0,0.0,13.1,-999.0,dos
2026-01-15 03:00:00,3,1.19,456.1,1044.9,390.0,57.3,260.9,1717.1,8.3,unauthorized
2026-01-15 04:00:00,4,0.62,306.9,416.2,170.8,60.42,142.6,753.9,56.7,fdi
2026-01-15 05:00:00,5,0.96,60.0,123.7,48.9,60.0,40.0,255.4,20.0,replay
2026-01-15 06:00:00,6,0.0,0.0,0.0,0.0,0.0,0.0,31.1,-999.0,dos
2026-01-15 07:00:00,7,0.63,395.5,543.8,229.5,58.74,334.5,1133.9,-25.6,unauthorized
2026-01-15 08:00:00,8,0.69,281.0,409.8,172.7,60.39,130.3,746.6,46.3,fdi
2026-01-15 09:00:00,9,0.98,55.0,117.3,42.0,60.0,35.0,241.6,18.0,replay
2026-01-15 10:00:00,10,0.0,0.0,0.0,0.0,0.0,0.0,32.6,-999.0,dos
2026-01-15 11:00:00,11,0.97,486.1,1027.2,428.9,62.66,313.4,1784.1,5.3,unauthorized
2026-01-15 12:00:00,12,0.71,298.2,395.5,149.4,59.25,145.4,705.6,62.1,fdi
2026-01-15 13:00:00,13,0.95,55.0,107.3,48.3,60.0,30.0,199.8,20.0,replay
2026-01-15 14:00:00,14,0.0,0.0,0.0,0.0,0.0,0.0,44.6,-999.0,dos
2026-01-15 15:00:00,15,0.51,445.2,426.4,172.8,61.62,250.4,876.2,63.1,unauthorized
2026-01-15 16:00:00,16,1.32,282.3,731.7,324.2,59.48,195.4,1266.3,42.8,fdi
2026-01-15 17:00:00,17,0.96,65.0,126.8,45.5,60.0,35.0,219.0,19.0,replay
2026-01-15 18:00:00,18,0.0,0.0,0.0,0.0,0.0,0.0,41.3,-999.0,dos
2026-01-15 19:00:00,19,0.5,453.2,472.1,210.0,58.45,386.7,1080.0,60.6,unauthorized
2026-01-15 20:00:00,20,1.33,217.3,609.0,240.9,59.51,124.2,994.7,51.1,fdi
2026-01-15 21:00:00,21,0.98,55.0,98.7,38.3,59.99,35.0,196.7,18.0,replay
2026-01-15 22:00:00,22,0.0,0.0,0.0,0.0,0.0,0.0,23.3,-999.0,dos
2026-01-15 23:00:00,23,1.14,383.5,902.1,365.2,60.85,335.6,1648.1,28.2,unauthorized
2026-01-16 00:00:00,0,0.69,264.9,381.5,169.3,60.32,135.2,720.1,62.7,fdi
2026-01-16 01:00:00,1,0.98,60.0,111.5,44.9,60.01,35.0,227.4,18.0,replay
2026-01-16 02:00:00,2,0.0,0.0,0.0,0.0,0.0,0.0,41.1,-999.0,dos
2026-01-16 03:00:00,3,1.13,443.0,952.6,426.9,62.38,377.1,1787.7,-2.2,unauthorized
2026-01-16 04:00:00,4,1.28,293.4,684.3,286.7,59.32,192.5,1201.1,54.4,fdi
2026-01-16 05:00:00,5,0.98,65.0,125.3,47.6,60.0,40.0,253.3,19.0,replay
2026-01-16 06:00:00,6,0.0,0.0,0.0,0.0,0.0,0.0,48.5,-999.0,dos
2026-01-16 07:00:00,7,1.33,464.1,1248.4,544.8,60.28,277.0,2099.4,15.0,unauthorized
2026-01-16 08:00:00,8,0.57,319.3,376.1,150.4,59.34,185.9,738.6,44.5,fdi
2026-01-16 09:00:00,9,0.96,50.0,104.1,38.3,59.99,30.0,190.9,18.0,replay
2026-01-16 10:00:00,10,0.98,65.0,123.7,51.9,59.99,30.0,231.5,20.0,dos
2026-01-16 11:00:00,11,1.37,408.9,1058.1,418.8,62.13,366.0,1884.2,-2.8,unauthorized
2026-01-16 12:00:00,12,0.7,264.4,390.2,138.4,59.47,157.7,728.6,54.7,fdi
2026-01-16 13:00:00,13,0.97,65.0,119.7,46.7,59.99,35.0,247.2,18.0,replay
2026-01-16 14:00:00,14,1.35,313.7,776.5,274.3,60.43,168.2,1231.2,56.6,dos
2026-01-16 15:00:00,15,0.68,443.3,588.8,256.0,62.95,307.9,1198.9,28.9,unauthorized
2026-01-16 16:00:00,16,0.55,297.6,342.0,127.4,59.28,215.6,712.2,45.4,fdi
2026-01-16 17:00:00,17,0.98,60.0,125.6,45.8,60.0,40.0,238.6,19.0,replay
2026-01-16 18:00:00,18,0.0,0.0,0.0,0.0,0.0,0.0,26.0,-999.0,dos
2026-01-16 19:00:00,19,1.22,483.3,1134.1,464.3,60.27,280.7,1890.3,-9.4,unauthorized
2026-01-16 20:00:00,20,1.21,303.1,766.2,327.5,60.28,202.7,1320.5,43.1,fdi
2026-01-16 21:00:00,21,0.96,50.0,91.8,36.0,60.0,40.0,179.4,18.0,replay
2026-01-16 22:00:00,22,0.0,0.0,0.0,0.0,0.0,0.0,10.0,-999.0,dos
2026-01-16 23:00:00,23,0.92,358.2,635.0,236.9,62.84,283.9,1165.8,-3.5,unauthorized
2026-01-17 00:00:00,0,0.59,272.8,309.7,130.5,59.5,162.3,645.1,49.0,fdi
2026-01-17 01:00:00,1,0.96,65.0,122.4,45.6,59.99,40.0,248.5,19.0,replay
2026-01-17 02:00:00,2,0.0,0.0,0.0,0.0,0.0,0.0,25.2,-999.0,dos
2026-01-17 03:00:00,3,1.15,353.1,835.8,332.8,58.61,327.6,1520.7,-7.7,unauthorized
2026-01-17 04:00:00,4,0.57,258.4,292.6,107.1,59.45,137.2,554.1,64.4,fdi
2026-01-17 05:00:00,5,0.96,50.0,100.4,43.8,59.99,40.0,205.1,19.0,replay
2026-01-17 06:00:00,6,0.0,0.0,0.0,0.0,0.0,0.0,23.8,-999.0,dos
2026-01-17 07:00:00,7,1.38,478.5,1437.2,574.3,61.21,359.1,2395.8,27.4,unauthorized
2026-01-17 08:00:00,8,0.67,233.8,345.3,136.0,60.54,121.1,621.7,58.2,fdi
2026-01-17 09:00:00,9,0.97,55.0,107.6,42.3,60.0,30.0,202.2,18.0,replay
2026-01-17 10:00:00,10,0.0,0.0,0.0,0.0,0.0,0.0,48.5,-999.0,dos
2026-01-17 11:00:00,11,1.35,384.0,1064.7,406.3,62.28,371.3,1885.0,41.3,unauthorized
2026-01-17 12:00:00,12,1.21,310.9,703.2,259.3,59.54,182.8,1156.1,47.7,fdi
2026-01-17 13:00:00,13,0.95,60.0,112.4,49.2,60.0,35.0,230.9,18.0,replay
2026-01-17 14:00:00,14,0.0,0.0,0.0,0.0,0.0,0.0,13.4,-999.0,dos
2026-01-17 15:00:00,15,1.08,360.8,821.9,347.9,58.23,307.2,1491.7,77.8,unauthorized
2026-01-17 16:00:00,16,0.65,318.7,411.5,184.2,60.58,211.5,821.3,42.3,fdi
2026-01-17 17:00:00,17,0.98,55.0,112.2,44.0,60.0,30.0,210.1,19.0,replay
2026-01-17 18:00:00,18,0.0,0.0,0.0,0.0,0.0,0.0,18.2,-999.0,dos
2026-01-17 19:00:00,19,0.67,393.1,481.2,172.0,60.94,395.3,1096.5,32.4,unauthorized
2026-01-17 20:00:00,20,1.27,267.3,645.0,269.4,59.29,121.5,1074.2,64.2,fdi
2026-01-17 21:00:00,21,0.95,60.0,106.6,38.5,59.99,35.0,208.1,18.0,replay
2026-01-17 22:00:00,22,0.0,0.0,0.0,0.0,0.0,0.0,47.6,-999.0,dos
2026-01-17 23:00:00,23,0.98,55.0,105.8,37.2,60.01,30.0,206.3,18.0,unauthorized
2026-01-18 00:00:00,0,1.34,235.9,582.4,204.3,59.27,187.2,1001.4,64.5,fdi
2026-01-18 01:00:00,1,0.97,50.0,92.3,36.3,59.99,30.0,197.6,20.0,replay
2026-01-18 02:00:00,2,0.66,278.1,399.8,141.1,60.48,201.8,766.9,43.2,dos
2026-01-18 03:00:00,3,0.0,0.0,0.0,0.0,0.0,0.0,12.5,-999.0,unauthorized
2026-01-18 04:00:00,4,0.65,274.2,381.3,169.0,60.58,203.8,786.0,60.5,fdi
2026-01-18 05:00:00,5,0.96,55.0,106.1,37.8,60.0,40.0,208.7,20.0,replay
2026-01-18 06:00:00,6,0.0,0.0,0.0,0.0,0.0,0.0,31.5,-999.0,dos
2026-01-18 07:00:00,7,0.77,484.3,763.7,286.3,61.0,368.1,1456.3,14.5,unauthorized
2026-01-18 08:00:00,8,1.28,311.1,720.1,273.7,60.54,149.2,1173.2,52.2,fdi
2026-01-18 09:00:00,9,0.96,65.0,130.1,45.7,59.99,30.0,232.2,20.0,replay
2026-01-18 10:00:00,10,0.0,0.0,0.0,0.0,0.0,0.0,30.7,-999.0,dos
2026-01-18 11:00:00,11,1.34,462.0,1316.4,461.8,61.32,374.0,2199.2,13.5,unauthorized
2026-01-18 12:00:00,12,0.59,284.0,357.8,153.4,60.56,202.8,749.3,47.0,fdi
2026-01-18 13:00:00,13,0.96,60.0,124.5,44.5,60.0,30.0,242.2,18.0,replay
2026-01-18 14:00:00,14,0.0,0.0,0.0,0.0,0.0,0.0,41.8,-999.0,dos
2026-01-18 15:00:00,15,0.74,419.3,619.4,242.3,59.49,252.0,1152.6,-4.5,unauthorized
2026-01-18 16:00:00,16,1.24,283.7,707.0,271.9,59.39,198.9,1204.4,48.8,fdi
2026-01-18 17:00:00,17,0.97,55.0,98.3,36.6,60.01,35.0,200.6,20.0,replay
2026-01-18 18:00:00,18,0.0,0.0,0.0,0.0,0.0,0.0,12.3,-999.0,dos
2026-01-18 19:00:00,19,0.63,382.9,477.5,187.6,62.76,342.4,1039.2,26.8,unauthorized
2026-01-18 20:00:00,20,0.58,250.0,267.3,109.8,60.55,183.1,574.9,54.2,fdi
2026-01-18 21:00:00,21,0.98,65.0,117.6,50.1,60.01,30.0,234.9,20.0,replay
2026-01-18 22:00:00,22,0.0,0.0,0.0,0.0,0.0,0.0,41.1,-999.0,dos
2026-01-18 23:00:00,23,1.26,451.0,1182.7,518.2,59.45,382.8,2123.1,-13.4,unauthorized
2026-01-19 00:00:00,0,0.63,302.4,381.2,164.7,60.29,148.6,720.7,54.2,fdi
2026-01-19 01:00:00,1,0.97,50.0,102.9,45.3,60.01,35.0,201.3,18.0,replay
2026-01-19 02:00:00,2,0.0,0.0,0.0,0.0,0.0,0.0,25.6,-999.0,dos
2026-01-19 03:00:00,3,1.37,360.0,1044.8,411.0,60.89,261.1,1766.8,5.1,unauthorized
2026-01-19 04:00:00,4,1.19,229.1,571.4,237.5,60.27,157.0,1004.2,52.7,fdi
2026-01-19 05:00:00,5,1.23,476.3,1080.1,383.3,59.24,344.8,1841.5,-28.6,replay
2026-01-19 06:00:00,6,0.0,0.0,0.0,0.0,0.0,0.0,30.8,-999.0,dos
2026-01-19 07:00:00,7,1.08,463.8,976.7,406.6,57.09,281.1,1688.3,45.6,unauthorized
2026-01-19 08:00:00,8,1.2,264.8,669.2,254.7,60.52,205.3,1155.8,54.5,fdi
2026-01-19 09:00:00,9,0.98,65.0,120.1,47.2,59.99,30.0,243.6,18.0,replay
2026-01-19 10:00:00,10,0.0,0.0,0.0,0.0,0.0,0.0,13.1,-999.0,dos
2026-01-19 11:00:00,11,0.78,473.3,769.5,289.6,60.96,369.4,1476.1,-7.4,unauthorized
2026-01-19 12:00:00,12,1.2,206.7,513.9,221.7,59.28,179.5,956.3,48.1,fdi
2026-01-19 13:00:00,13,0.96,65.0,123.1,43.5,60.01,30.0,217.0,18.0,replay
2026-01-19 14:00:00,14,0.0,0.0,0.0,0.0,0.0,0.0,19.7,-999.0,dos
2026-01-19 15:00:00,15,0.44,450.0,381.3,167.8,58.94,384.7,983.6,66.6,unauthorized
2026-01-19 16:00:00,16,0.59,260.7,324.2,139.6,60.28,219.9,728.1,49.5,fdi
2026-01-19 17:00:00,17,0.97,60.0,107.8,38.0,59.99,30.0,200.2,18.0,replay
2026-01-19 18:00:00,18,0.0,0.0,0.0,0.0,0.0,0.0,22.5,-999.0,dos
2026-01-19 19:00:00,19,0.63,352.2,404.1,175.3,61.59,343.6,957.7,51.5,unauthorized
2026-01-19 20:00:00,20,0.7,262.2,380.6,148.0,59.55,195.7,743.5,52.2,fdi
2026-01-19 21:00:00,21,0.98,60.0,120.4,49.8,60.01,35.0,233.9,20.0,replay
2026-01-19 22:00:00,22,0.0,0.0,0.0,0.0,0.0,0.0,44.4,-999.0,dos
2026-01-19 23:00:00,23,1.34,425.6,1223.5,441.7,62.7,374.9,2087.1,3.5,unauthorized
2026-01-20 00:00:00,0,1.28,316.4,795.3,294.6,60.44,194.8,1296.4,60.6,fdi
2026-01-20 01:00:00,1,0.95,50.0,85.9,36.7,60.01,35.0,192.0,19.0,replay
2026-01-20 02:00:00,2,0.0,0.0,0.0,0.0,0.0,0.0,42.1,-999.0,dos
2026-01-20 03:00:00,3,0.94,423.3,757.0,334.7,59.41,273.1,1398.0,28.7,unauthorized
2026-01-20 04:00:00,4,1.16,184.4,460.8,191.7,60.28,180.7,851.6,62.3,fdi
2026-01-20 05:00:00,5,0.97,65.0,120.7,51.9,59.99,30.0,252.5,20.0,replay
2026-01-20 06:00:00,6,0.0,0.0,0.0,0.0,0.0,0.0,34.9,-999.0,dos
2026-01-20 07:00:00,7,0.87,477.1,903.9,390.2,57.37,300.3,1638.5,-32.0,unauthorized
2026-01-20 08:00:00,8,1.23,189.9,429.0,157.3,60.33,166.9,769.1,48.2,fdi
2026-01-20 09:00:00,9,0.96,50.0,98.5,36.6,59.99,40.0,186.0,19.0,replay
2026-01-20 10:00:00,10,0.0,0.0,0.0,0.0,0.0,0.0,24.1,-999.0,dos
2026-01-20 11:00:00,11,1.38,375.5,1133.5,427.5,62.39,366.5,1941.5,-30.8,unauthorized
2026-01-20 12:00:00,12,0.65,201.8,238.1,87.5,60.52,150.4,521.0,49.2,fdi
2026-01-20 13:00:00,13,0.97,60.0,106.1,41.6,60.01,30.0,206.0,20.0,replay
2026-01-20 14:00:00,14,0.0,0.0,0.0,0.0,0.0,0.0,36.7,-999.0,dos
2026-01-20 15:00:00,15,1.26,397.1,1080.5,418.3,60.23,376.0,1892.6,78.7,unauthorized
2026-01-20 16:00:00,16,0.63,247.6,303.1,119.8,59.33,206.0,669.4,51.4,fdi
2026-01-20 17:00:00,17,0.95,50.0,95.2,40.3,60.0,30.0,196.0,18.0,replay
2026-01-20 18:00:00,18,0.0,0.0,0.0,0.0,0.0,0.0,48.8,-999.0,dos
2026-01-20 19:00:00,19,1.14,391.9,958.2,382.4,57.79,378.2,1745.1,-20.2,unauthorized
2026-01-20 20:00:00,20,0.65,258.2,361.0,138.6,60.52,145.3,684.1,63.6,fdi
2026-01-20 21:00:00,21,0.95,55.0,99.3,39.9,60.0,40.0,210.1,18.0,replay
2026-01-20 22:00:00,22,0.0,0.0,0.0,0.0,0.0,0.0,34.9,-999.0,dos
2026-01-20 23:00:00,23,0.45,406.5,346.5,131.5,58.39,289.8,787.3,26.5,unauthorized
2026-01-21 00:00:00,0,0.65,309.4,420.9,173.2,59.41,120.6,755.2,59.8,fdi
2026-01-21 01:00:00,1,0.96,60.0,120.0,47.7,60.0,35.0,239.7,18.0,replay
2026-01-21 02:00:00,2,0.0,0.0,0.0,0.0,0.0,0.0,35.9,-999.0,dos
2026-01-21 03:00:00,3,1.07,420.2,859.5,374.1,61.64,268.5,1549.3,35.2,unauthorized
2026-01-21 04:00:00,4,0.68,210.2,267.3,118.2,60.41,197.3,620.7,63.0,fdi
2026-01-21 05:00:00,5,0.96,55.0,97.7,41.7,59.99,40.0,198.9,20.0,replay
2026-01-21 06:00:00,6,0.0,0.0,0.0,0.0,0.0,0.0,47.2,-999.0,dos
2026-01-21 07:00:00,7,0.47,352.9,311.5,119.8,61.96,328.7,771.2,53.0,unauthorized
2026-01-21 08:00:00,8,0.71,217.2,335.3,147.0,59.44,151.8,673.7,61.5,fdi
2026-01-21 09:00:00,9,0.97,65.0,131.5,55.3,60.01,30.0,251.8,19.0,replay
2026-01-21 10:00:00,10,0.0,0.0,0.0,0.0,0.0,0.0,23.6,-999.0,dos
2026-01-21 11:00:00,11,0.84,389.2,614.7,238.1,59.06,375.2,1275.1,72.3,unauthorized
2026-01-21 12:00:00,12,1.18,263.3,591.2,234.8,60.59,164.7,1027.2,53.5,fdi
2026-01-21 13:00:00,13,0.98,65.0,122.2,44.2,60.01,40.0,254.0,20.0,replay
2026-01-21 14:00:00,14,0.0,0.0,0.0,0.0,0.0,0.0,44.6,-999.0,dos
2026-01-21 15:00:00,15,1.12,478.4,1025.9,370.0,59.14,363.6,1787.2,-4.6,unauthorized
2026-01-21 16:00:00,16,0.65,300.8,407.0,181.1,59.26,168.6,772.2,44.7,fdi
2026-01-21 17:00:00,17,0.95,50.0,92.2,32.7,60.0,35.0,178.7,18.0,replay
2026-01-21 18:00:00,18,1.33,473.1,1234.7,472.5,60.4,348.6,2066.2,67.8,dos
2026-01-21 19:00:00,19,1.2,365.7,962.7,357.6,60.46,319.6,1652.7,-25.8,unauthorized
2026-01-21 20:00:00,20,0.56,272.2,290.1,128.8,59.24,137.3,598.9,55.1,fdi
2026-01-21 21:00:00,21,0.95,60.0,108.1,39.4,59.99,35.0,197.1,18.0,replay
2026-01-21 22:00:00,22,0.0,0.0,0.0,0.0,0.0,0.0,18.7,-999.0,dos
2026-01-21 23:00:00,23,0.97,370.7,661.2,290.7,61.13,384.7,1378.3,49.4,unauthorized
2026-01-22 00:00:00,0,1.26,201.8,476.9,173.6,59.33,211.3,894.8,55.0,fdi
2026-01-22 01:00:00,1,0.95,50.0,85.8,35.9,59.99,30.0,164.7,20.0,replay
2026-01-22 02:00:00,2,0.0,0.0,0.0,0.0,0.0,0.0,47.5,-999.0,dos
2026-01-22 03:00:00,3,0.65,448.1,622.5,231.8,60.72,299.8,1173.7,71.4,unauthorized
2026-01-22 04:00:00,4,0.56,277.1,280.9,107.3,59.28,188.1,603.9,63.6,fdi
2026-01-22 05:00:00,5,0.96,50.0,99.4,41.3,59.99,30.0,183.5,19.0,replay
2026-01-22 06:00:00,6,0.0,0.0,0.0,0.0,0.0,0.0,16.3,-999.0,dos
2026-01-22 07:00:00,7,0.44,412.9,345.3,138.2,58.01,381.9,904.7,26.8,unauthorized
2026-01-22 08:00:00,8,1.33,310.8,866.7,349.4,59.42,183.0,1436.1,51.3,fdi
2026-01-22 09:00:00,9,0.98,55.0,111.2,39.0,59.99,35.0,232.9,18.0,replay
2026-01-22 10:00:00,10,0.0,0.0,0.0,0.0,0.0,0.0,40.7,-999.0,dos
2026-01-22 11:00:00,11,0.83,387.4,609.2,267.1,60.28,291.2,1199.9,68.2,unauthorized
2026-01-22 12:00:00,12,0.67,225.4,297.8,108.2,60.32,205.7,636.9,60.9,fdi
2026-01-22 13:00:00,13,0.95,60.0,116.4,48.4,60.01,40.0,242.3,18.0,replay
2026-01-22 14:00:00,14,0.0,0.0,0.0,0.0,0.0,0.0,17.2,-999.0,dos
2026-01-22 15:00:00,15,0.62,396.1,460.8,180.5,60.28,312.6,994.2,-20.8,unauthorized
2026-01-22 16:00:00,16,1.23,194.0,451.4,159.1,60.48,180.2,834.1,45.7,fdi
2026-01-22 17:00:00,17,0.97,50.0,95.4,33.9,60.01,35.0,175.9,18.0,replay
2026-01-22 18:00:00,18,0.0,0.0,0.0,0.0,0.0,0.0,11.1,-999.0,dos
2026-01-22 19:00:00,19,0.41,468.1,377.2,168.7,58.84,256.0,833.7,30.6,unauthorized
2026-01-22 20:00:00,20,0.6,306.6,389.9,167.9,60.44,125.1,701.7,51.8,fdi
2026-01-22 21:00:00,21,0.95,65.0,119.5,52.2,60.0,35.0,220.0,19.0,replay
2026-01-22 22:00:00,22,0.0,0.0,0.0,0.0,0.0,0.0,12.1,-999.0,dos
2026-01-22 23:00:00,23,0.84,400.2,683.7,294.3,59.37,329.5,1347.9,-20.6,unauthorized
2026-01-23 00:00:00,0,1.2,230.6,543.0,227.9,60.49,125.7,914.3,42.8,fdi
2026-01-23 01:00:00,1,0.95,65.0,116.8,45.7,60.01,40.0,222.1,18.0,replay
2026-01-23 02:00:00,2,0.0,0.0,0.0,0.0,0.0,0.0,36.9,-999.0,dos
2026-01-23 03:00:00,3,0.8,373.4,568.0,203.4,61.43,304.1,1125.1,40.6,unauthorized
2026-01-23 04:00:00,4,0.72,291.1,414.3,170.7,59.4,206.6,818.0,48.7,fdi
2026-01-23 05:00:00,5,0.98,65.0,138.5,58.0,60.0,35.0,274.4,20.0,replay
2026-01-23 06:00:00,6,0.0,0.0,0.0,0.0,0.0,0.0,10.6,-999.0,dos
2026-01-23 07:00:00,7,0.44,483.5,448.2,168.2,62.95,294.1,955.1,-14.8,unauthorized
2026-01-23 08:00:00,8,1.35,274.3,753.7,315.2,59.31,187.6,1289.5,55.7,fdi
2026-01-23 09:00:00,9,0.96,65.0,129.6,48.4,60.0,30.0,243.0,19.0,replay
2026-01-23 10:00:00,10,0.0,0.0,0.0,0.0,0.0,0.0,12.4,-999.0,dos
2026-01-23 11:00:00,11,1.01,477.4,956.4,423.6,57.27,360.1,1763.4,1.0,unauthorized
2026-01-23 12:00:00,12,1.17,216.2,471.5,179.0,60.47,162.6,849.7,54.6,fdi
2026-01-23 13:00:00,13,0.95,60.0,114.0,40.7,60.0,30.0,198.3,20.0,replay
2026-01-23 14:00:00,14,0.0,0.0,0.0,0.0,0.0,0.0,46.7,-999.0,dos
2026-01-23 15:00:00,15,0.54,457.2,536.6,230.3,58.76,328.8,1132.7,43.7,unauthorized
2026-01-23 16:00:00,16,0.6,180.2,220.3,77.5,60.33,186.2,523.1,56.6,fdi
2026-01-23 17:00:00,17,0.95,60.0,105.5,45.5,60.01,30.0,227.9,20.0,replay
2026-01-23 18:00:00,18,0.0,0.0,0.0,0.0,0.0,0.0,22.7,-999.0,dos
2026-01-23 19:00:00,19,1.04,393.2,792.7,321.4,58.79,383.7,1513.6,-38.4,unauthorized
2026-01-23 20:00:00,20,0.7,295.3,428.4,192.3,59.39,201.2,841.0,50.8,fdi
2026-01-23 21:00:00,21,0.95,65.0,135.5,53.5,59.99,40.0,260.3,20.0,replay
2026-01-23 22:00:00,22,0.0,0.0,0.0,0.0,0.0,0.0,33.3,-999.0,dos
2026-01-23 23:00:00,23,0.73,395.9,554.3,201.4,59.42,350.9,1141.8,41.9,unauthorized
2026-01-24 00:00:00,0,0.67,278.1,380.3,140.2,59.51,170.0,701.5,58.8,fdi
2026-01-24 01:00:00,1,0.98,60.0,111.3,41.5,60.0,30.0,214.8,19.0,replay
2026-01-24 02:00:00,2,0.0,0.0,0.0,0.0,0.0,0.0,21.9,-999.0,dos
2026-01-24 03:00:00,3,1.17,447.8,958.2,340.0,61.99,396.3,1716.4,16.9,unauthorized
2026-01-24 04:00:00,4,0.6,235.9,283.8,103.2,59.43,135.4,568.1,64.5,fdi
2026-01-24 05:00:00,5,0.97,50.0,98.1,37.9,60.0,35.0,217.4,19.0,replay
2026-01-24 06:00:00,6,0.0,0.0,0.0,0.0,0.0,0.0,12.3,-999.0,dos
2026-01-24 07:00:00,7,1.1,399.7,873.0,341.5,61.05,309.4,1571.3,50.8,unauthorized
2026-01-24 08:00:00,8,1.27,315.7,745.9,310.1,60.27,153.9,1259.8,53.6,fdi
2026-01-24 09:00:00,9,0.96,65.0,123.6,55.4,60.0,30.0,219.1,20.0,replay
2026-01-24 10:00:00,10,0.0,0.0,0.0,0.0,0.0,0.0,28.3,-999.0,dos
2026-01-24 11:00:00,11,0.86,412.2,660.2,248.4,61.38,270.3,1209.9,-16.3,unauthorized
2026-01-24 12:00:00,12,0.6,202.8,229.6,81.3,59.21,182.0,517.5,58.1,fdi
2026-01-24 13:00:00,13,0.98,50.0,101.5,41.5,59.99,35.0,194.0,20.0,replay
2026-01-24 14:00:00,14,0.0,0.0,0.0,0.0,0.0,0.0,32.3,-999.0,dos
2026-01-24 15:00:00,15,0.77,442.2,682.6,252.6,60.14,297.9,1255.7,16.4,unauthorized
2026-01-24 16:00:00,16,0.61,223.0,263.0,102.4,60.49,152.3,551.9,64.7,fdi
2026-01-24 17:00:00,17,0.97,50.0,105.5,44.0,60.01,40.0,218.7,19.0,replay
2026-01-24 18:00:00,18,0.0,0.0,0.0,0.0,0.0,0.0,10.9,-999.0,dos
2026-01-24 19:00:00,19,0.49,472.2,472.3,183.3,58.68,269.8,937.6,12.8,unauthorized
2026-01-24 20:00:00,20,0.62,210.3,263.3,101.4,60.27,202.0,608.7,61.0,fdi
2026-01-24 21:00:00,21,0.98,60.0,116.3,40.9,60.01,35.0,212.1,18.0,replay
2026-01-24 22:00:00,22,0.0,0.0,0.0,0.0,0.0,0.0,26.6,-999.0,dos
2026-01-24 23:00:00,23,0.58,188.3,226.3,81.0,59.47,172.3,507.3,47.2,unauthorized
2026-01-25 00:00:00,0,1.19,234.1,544.4,236.2,60.39,171.2,967.6,53.1,fdi
2026-01-25 01:00:00,1,0.95,60.0,125.3,46.4,60.0,40.0,232.0,18.0,replay
2026-01-25 02:00:00,2,0.0,0.0,0.0,0.0,0.0,0.0,41.1,-999.0,dos
2026-01-25 03:00:00,3,1.3,428.7,1106.9,437.4,59.71,299.6,1891.3,30.7,unauthorized
2026-01-25 04:00:00,4,0.68,275.3,339.8,150.5,60.27,189.1,693.0,58.8,fdi
2026-01-25 05:00:00,5,0.97,65.0,121.8,52.0,59.99,30.0,230.4,20.0,replay
2026-01-25 06:00:00,6,0.0,0.0,0.0,0.0,0.0,0.0,10.9,-999.0,dos
2026-01-25 07:00:00,7,0.44,495.2,436.3,160.1,60.3,394.5,1002.9,-26.2,unauthorized
2026-01-25 08:00:00,8,1.27,195.7,510.8,221.9,60.52,163.7,919.4,56.4,fdi
2026-01-25 09:00:00,9,0.96,55.0,103.7,46.4,60.0,30.0,197.4,18.0,replay
2026-01-25 10:00:00,10,0.0,0.0,0.0,0.0,0.0,0.0,39.2,-999.0,dos
2026-01-25 11:00:00,11,0.98,474.9,964.9,351.2,61.82,380.0,1722.7,-32.8,unauthorized
2026-01-25 12:00:00,12,1.25,319.5,746.6,332.2,60.49,159.6,1283.6,45.1,fdi
2026-01-25 13:00:00,13,0.95,50.0,91.3,38.6,60.0,35.0,202.9,20.0,replay
2026-01-25 14:00:00,14,0.0,0.0,0.0,0.0,0.0,0.0,24.0,-999.0,dos
2026-01-25 15:00:00,15,1.06,379.8,854.6,320.9,58.89,283.7,1488.1,-31.7,unauthorized
2026-01-25 16:00:00,16,0.61,284.3,340.5,130.0,60.32,171.3,688.3,45.0,fdi
2026-01-25 17:00:00,17,0.98,50.0,88.3,35.3,60.01,30.0,175.0,19.0,replay
2026-01-25 18:00:00,18,0.0,0.0,0.0,0.0,0.0,0.0,33.4,-999.0,dos
2026-01-25 19:00:00,19,0.57,420.7,474.4,190.8,57.55,343.9,1054.9,26.1,unauthorized
2026-01-25 20:00:00,20,1.32,260.8,724.2,319.6,59.41,201.0,1277.7,51.9,fdi
2026-01-25 21:00:00,21,0.96,65.0,123.2,50.4,59.99,35.0,242.2,19.0,replay
2026-01-25 22:00:00,22,0.0,0.0,0.0,0.0,0.0,0.0,17.1,-999.0,dos
2026-01-25 23:00:00,23,1.17,457.2,1094.9,425.6,60.47,252.2,1817.2,3.2,unauthorized
2026-01-26 00:00:00,0,1.2,226.6,587.3,253.5,59.45,186.3,1037.9,60.6,fdi
2026-01-26 01:00:00,1,0.95,60.0,107.9,47.4,60.0,40.0,215.6,20.0,replay
2026-01-26 02:00:00,2,0.0,0.0,0.0,0.0,0.0,0.0,44.4,-999.0,dos
2026-01-26 03:00:00,3,1.07,385.9,814.7,302.2,61.55,364.0,1530.0,-2.5,unauthorized
2026-01-26 04:00:00,4,0.6,289.5,322.5,134.6,59.44,216.6,712.8,51.1,fdi
2026-01-26 05:00:00,5,0.96,60.0,107.1,39.7,60.01,40.0,209.3,19.0,replay
2026-01-26 06:00:00,6,0.0,0.0,0.0,0.0,0.0,0.0,10.3,-999.0,dos
2026-01-26 07:00:00,7,1.32,471.8,1313.2,478.4,61.95,369.3,2197.1,-1.2,unauthorized
2026-01-26 08:00:00,8,1.31,306.5,799.1,323.3,60.53,128.2,1297.7,55.8,fdi
2026-01-26 09:00:00,9,0.96,55.0,115.0,48.1,60.0,35.0,221.4,19.0,replay
2026-01-26 10:00:00,10,0.0,0.0,0.0,0.0,0.0,0.0,30.4,-999.0,dos
2026-01-26 11:00:00,11,0.71,470.4,646.9,269.3,62.17,270.6,1226.9,74.3,unauthorized
2026-01-26 12:00:00,12,0.6,300.2,344.2,150.5,60.5,194.2,705.7,57.6,fdi
2026-01-26 13:00:00,13,0.97,50.0,94.7,34.8,59.99,35.0,207.9,20.0,replay
2026-01-26 14:00:00,14,0.0,0.0,0.0,0.0,0.0,0.0,38.8,-999.0,dos
2026-01-26 15:00:00,15,1.0,419.1,775.4,336.5,61.97,374.4,1523.2,45.1,unauthorized
2026-01-26 16:00:00,16,1.33,281.6,815.5,340.8,60.39,208.6,1400.2,43.1,fdi
2026-01-26 17:00:00,17,0.97,55.0,98.9,44.3,59.99,30.0,206.4,18.0,replay
2026-01-26 18:00:00,18,0.0,0.0,0.0,0.0,0.0,0.0,18.9,-999.0,dos
2026-01-26 19:00:00,19,0.66,429.1,510.2,184.8,58.03,275.1,996.7,15.5,unauthorized
2026-01-26 20:00:00,20,1.24,243.2,643.9,283.0,59.39,166.8,1137.8,51.4,fdi
2026-01-26 21:00:00,21,0.97,50.0,105.4,43.8,60.01,40.0,229.0,19.0,replay
2026-01-26 22:00:00,22,0.0,0.0,0.0,0.0,0.0,0.0,20.4,-999.0,dos
2026-01-26 23:00:00,23,0.0,0.0,0.0,0.0,0.0,0.0,18.2,-999.0,unauthorized
2026-01-27 00:00:00,0,1.15,308.1,647.4,273.5,59.46,136.8,1104.8,44.8,fdi
2026-01-27 01:00:00,1,0.98,65.0,124.2,51.2,60.0,35.0,249.2,20.0,replay
2026-01-27 02:00:00,2,0.0,0.0,0.0,0.0,0.0,0.0,49.8,-999.0,dos
2026-01-27 03:00:00,3,0.45,378.5,332.6,131.2,57.23,308.8,809.6,56.3,unauthorized
2026-01-27 04:00:00,4,0.7,181.4,277.6,118.1,59.36,218.9,634.5,53.1,fdi
2026-01-27 05:00:00,5,0.96,50.0,100.0,38.4,60.01,40.0,188.7,18.0,replay
2026-01-27 06:00:00,6,0.0,0.0,0.0,0.0,0.0,0.0,42.8,-999.0,dos
2026-01-27 07:00:00,7,1.23,350.1,785.3,289.5,58.85,286.2,1393.2,-12.0,unauthorized
2026-01-27 08:00:00,8,1.23,302.6,808.9,288.0,59.37,153.0,1271.8,44.5,fdi
2026-01-27 09:00:00,9,0.96,60.0,124.8,52.6,60.0,40.0,238.8,19.0,replay
2026-01-27 10:00:00,10,0.0,0.0,0.0,0.0,0.0,0.0,40.4,-999.0,dos
2026-01-27 11:00:00,11,1.26,367.8,863.1,340.1,58.03,321.5,1554.0,48.5,unauthorized
2026-01-27 12:00:00,12,1.32,250.3,660.0,289.0,60.53,218.1,1215.2,55.9,fdi
2026-01-27 13:00:00,13,0.98,60.0,110.4,43.6,59.99,35.0,232.2,19.0,replay
2026-01-27 14:00:00,14,0.0,0.0,0.0,0.0,0.0,0.0,36.5,-999.0,dos
2026-01-27 15:00:00,15,0.8,469.0,708.1,266.3,58.32,277.9,1301.1,74.1,unauthorized
2026-01-27 16:00:00,16,0.69,196.2,279.3,111.1,59.38,202.9,622.4,53.7,fdi
2026-01-27 17:00:00,17,0.97,60.0,126.6,55.9,60.0,35.0,263.0,18.0,replay
2026-01-27 18:00:00,18,0.0,0.0,0.0,0.0,0.0,0.0,12.8,-999.0,dos
2026-01-27 19:00:00,19,0.71,445.3,675.7,262.3,59.14,272.3,1225.5,31.6,unauthorized
2026-01-27 20:00:00,20,1.21,270.0,614.7,244.0,59.44,156.3,1057.0,61.0,fdi
2026-01-27 21:00:00,21,0.98,55.0,101.3,39.6,59.99,30.0,183.8,20.0,replay
2026-01-27 22:00:00,22,0.0,0.0,0.0,0.0,0.0,0.0,39.0,-999.0,dos
2026-01-27 23:00:00,23,0.49,380.3,350.6,152.5,60.27,281.1,810.0,25.3,unauthorized
2026-01-28 00:00:00,0,0.61,195.6,235.3,89.0,59.4,191.5,529.0,47.5,fdi
2026-01-28 01:00:00,1,0.96,65.0,117.3,51.5,60.0,30.0,213.5,19.0,replay
2026-01-28 02:00:00,2,1.14,439.6,993.5,370.3,62.29,257.4,1661.0,-9.2,dos
2026-01-28 03:00:00,3,0.82,401.3,641.6,282.9,62.77,316.7,1274.0,18.7,unauthorized
2026-01-28 04:00:00,4,0.61,240.7,300.0,127.2,59.33,199.4,668.8,63.6,fdi
2026-01-28 05:00:00,5,0.96,50.0,87.6,34.1,60.0,30.0,185.0,19.0,replay
2026-01-28 06:00:00,6,0.0,0.0,0.0,0.0,0.0,0.0,29.2,-999.0,dos
2026-01-28 07:00:00,7,0.62,366.9,443.5,159.9,60.58,322.7,957.4,-36.8,unauthorized
2026-01-28 08:00:00,8,0.69,222.0,315.1,126.4,59.39,181.8,650.5,57.7,fdi
2026-01-28 09:00:00,9,0.96,50.0,99.1,43.0,59.99,40.0,214.2,18.0,replay
2026-01-28 10:00:00,10,0.0,0.0,0.0,0.0,0.0,0.0,34.0,-999.0,dos
2026-01-28 11:00:00,11,1.17,496.3,1060.9,466.5,60.44,301.2,1843.4,37.8,unauthorized
2026-01-28 12:00:00,12,0.65,235.1,281.1,120.2,60.55,154.0,599.3,62.0,fdi
2026-01-28 13:00:00,13,0.98,60.0,124.4,45.0,60.01,30.0,215.0,20.0,replay
2026-01-28 14:00:00,14,0.0,0.0,0.0,0.0,0.0,0.0,39.9,-999.0,dos
2026-01-28 15:00:00,15,1.1,489.3,1123.1,414.7,61.43,295.9,1847.5,-8.2,unauthorized
2026-01-28 16:00:00,16,0.57,290.9,343.7,144.7,59.37,125.7,660.1,46.0,fdi
2026-01-28 17:00:00,17,0.97,55.0,100.0,38.3,60.0,35.0,202.7,19.0,replay
2026-01-28 18:00:00,18,0.0,0.0,0.0,0.0,0.0,0.0,26.3,-999.0,dos
2026-01-28 19:00:00,19,0.54,459.2,481.3,192.9,61.88,288.6,1007.0,52.9,unauthorized
2026-01-28 20:00:00,20,0.57,189.8,232.2,101.3,59.34,148.8,504.9,58.7,fdi
2026-01-28 21:00:00,21,0.96,55.0,110.7,44.1,60.01,30.0,198.2,20.0,replay
2026-01-28 22:00:00,22,0.0,0.0,0.0,0.0,0.0,0.0,34.6,-999.0,dos
2026-01-28 23:00:00,23,0.88,414.4,694.1,256.5,57.45,265.9,1246.7,60.5,unauthorized
2026-01-29 00:00:00,0,1.27,196.7,452.5,178.2,60.27,203.4,877.8,44.7,fdi
2026-01-29 01:00:00,1,0.95,50.0,96.5,39.3,60.01,40.0,199.0,20.0,replay
2026-01-29 02:00:00,2,0.0,0.0,0.0,0.0,0.0,0.0,24.7,-999.0,dos
2026-01-29 03:00:00,3,1.17,494.9,1201.2,454.7,62.82,379.8,2070.8,32.1,unauthorized
2026-01-29 04:00:00,4,1.3,219.5,618.5,254.2,60.57,125.6,1030.2,53.2,fdi
2026-01-29 05:00:00,5,0.95,60.0,114.3,41.2,60.01,40.0,206.1,19.0,replay
2026-01-29 06:00:00,6,0.0,0.0,0.0,0.0,0.0,0.0,34.1,-999.0,dos
2026-01-29 07:00:00,7,1.08,489.9,1117.7,436.6,60.45,268.9,1868.5,29.8,unauthorized
2026-01-29 08:00:00,8,0.66,198.4,269.5,102.4,60.32,210.9,600.1,59.5,fdi
2026-01-29 09:00:00,9,0.95,65.0,112.1,42.9,59.99,35.0,218.8,18.0,replay
2026-01-29 10:00:00,10,0.0,0.0,0.0,0.0,0.0,0.0,18.4,-999.0,dos
2026-01-29 11:00:00,11,0.6,465.4,509.4,201.0,59.55,334.8,1087.9,-37.5,unauthorized
2026-01-29 12:00:00,12,1.26,307.9,813.3,361.2,60.54,133.4,1344.9,63.5,fdi
2026-01-29 13:00:00,13,0.96,55.0,109.8,46.9,60.0,30.0,233.9,20.0,replay
2026-01-29 14:00:00,14,0.0,0.0,0.0,0.0,0.0,0.0,39.5,-999.0,dos
2026-01-29 15:00:00,15,0.79,392.4,644.7,288.6,58.83,397.4,1355.9,37.1,unauthorized
2026-01-29 16:00:00,16,1.32,205.3,532.0,218.6,59.28,152.6,931.0,59.4,fdi
2026-01-29 17:00:00,17,0.96,65.0,121.5,50.6,60.0,35.0,221.9,19.0,replay
2026-01-29 18:00:00,18,0.0,0.0,0.0,0.0,0.0,0.0,33.1,-999.0,dos
2026-01-29 19:00:00,19,0.42,400.8,339.7,127.6,61.77,261.6,776.3,-6.1,unauthorized
2026-01-29 20:00:00,20,0.64,285.0,352.6,142.3,60.43,205.7,739.3,52.7,fdi
2026-01-29 21:00:00,21,0.98,65.0,132.4,47.5,60.01,35.0,259.4,20.0,replay
2026-01-29 22:00:00,22,0.0,0.0,0.0,0.0,0.0,0.0,32.0,-999.0,dos
2026-01-29 23:00:00,23,1.28,380.6,1064.4,427.1,61.96,333.7,1846.8,-33.4,unauthorized
2026-01-30 00:00:00,0,0.6,207.0,235.6,86.4,60.35,198.0,543.2,52.8,fdi
2026-01-30 01:00:00,1,0.95,60.0,106.7,46.8,60.01,35.0,216.9,18.0,replay
2026-01-30 02:00:00,2,0.0,0.0,0.0,0.0,0.0,0.0,12.0,-999.0,dos
2026-01-30 03:00:00,3,1.12,392.3,927.3,337.0,58.11,255.9,1548.9,-37.4,unauthorized
2026-01-30 04:00:00,4,1.16,289.7,674.2,268.1,60.52,209.3,1177.2,52.0,fdi
2026-01-30 05:00:00,5,0.95,60.0,124.2,44.2,60.01,40.0,255.6,18.0,replay
2026-01-30 06:00:00,6,0.0,0.0,0.0,0.0,0.0,0.0,45.6,-999.0,dos
2026-01-30 07:00:00,7,0.87,398.6,707.6,305.7,62.71,373.5,1412.6,45.1,unauthorized
2026-01-30 08:00:00,8,0.61,188.9,240.7,93.7,60.29,207.0,561.7,52.9,fdi
2026-01-30 09:00:00,9,0.95,50.0,103.5,37.2,60.0,35.0,192.2,20.0,replay
2026-01-30 10:00:00,10,0.0,0.0,0.0,0.0,0.0,0.0,10.6,-999.0,dos
2026-01-30 11:00:00,11,0.85,453.9,777.5,313.6,61.4,399.3,1516.7,-5.5,unauthorized
2026-01-30 12:00:00,12,0.7,249.8,348.3,156.4,59.28,174.4,713.5,58.0,fdi
2026-01-30 13:00:00,13,0.98,60.0,126.9,44.8,59.99,40.0,231.3,18.0,replay
2026-01-30 14:00:00,14,0.0,0.0,0.0,0.0,0.0,0.0,30.6,-999.0,dos
2026-01-30 15:00:00,15,0.74,455.8,624.8,230.3,58.13,362.6,1235.0,-11.7,unauthorized
2026-01-30 16:00:00,16,0.56,279.0,341.2,141.9,59.51,144.4,653.1,52.4,fdi
2026-01-30 17:00:00,17,0.97,60.0,110.4,49.3,60.0,40.0,248.1,18.0,replay
2026-01-30 18:00:00,18,0.0,0.0,0.0,0.0,0.0,0.0,45.8,-999.0,dos
2026-01-30 19:00:00,19,0.84,398.1,703.4,249.8,60.16,353.2,1318.4,-7.2,unauthorized
2026-01-30 20:00:00,20,1.21,248.7,592.8,233.8,60.32,150.9,1010.6,64.4,fdi
2026-01-30 21:00:00,21,0.98,60.0,125.8,48.8,60.01,30.0,234.5,20.0,replay
2026-01-30 22:00:00,22,0.96,50.0,94.0,39.4,60.01,40.0,215.9,19.0,dos
2026-01-30 23:00:00,23,0.71,490.7,694.1,258.2,61.06,267.9,1240.4,-31.7,unauthorized
2026-01-31 00:00:00,0,1.29,218.0,523.0,228.4,59.45,120.7,917.0,53.7,fdi
2026-01-31 01:00:00,1,0.98,50.0,93.4,37.4,60.0,35.0,207.0,20.0,replay
2026-01-31 02:00:00,2,0.0,0.0,0.0,0.0,0.0,0.0,24.4,-999.0,dos
2026-01-31 03:00:00,3,0.71,359.1,494.5,207.4,61.21,251.5,994.0,9.1,unauthorized
2026-01-31 04:00:00,4,0.6,242.5,300.4,123.5,59.44,218.7,689.2,47.2,fdi
2026-01-31 05:00:00,5,0.98,55.0,102.6,41.2,60.0,40.0,222.8,20.0,replay
2026-01-31 06:00:00,6,0.0,0.0,0.0,0.0,0.0,0.0,38.6,-999.0,dos
2026-01-31 07:00:00,7,0.43,417.4,367.4,130.5,58.78,389.4,915.2,-25.0,unauthorized
2026-01-31 08:00:00,8,1.24,202.9,516.5,203.4,60.47,150.2,881.7,62.7,fdi
2026-01-31 09:00:00,9,0.95,65.0,124.2,43.9,60.0,35.0,238.7,19.0,replay
2026-01-31 10:00:00,10,0.0,0.0,0.0,0.0,0.0,0.0,21.7,-999.0,dos
2026-01-31 11:00:00,11,0.53,453.7,449.8,196.9,61.77,274.5,952.2,-27.5,unauthorized
2026-01-31 12:00:00,12,1.28,301.5,702.3,263.9,59.42,127.5,1109.1,44.6,fdi
2026-01-31 13:00:00,13,0.96,50.0,102.4,43.1,59.99,35.0,195.1,18.0,replay
2026-01-31 14:00:00,14,0.0,0.0,0.0,0.0,0.0,0.0,35.6,-999.0,dos
2026-01-31 15:00:00,15,1.4,389.5,1131.7,478.2,58.67,389.6,2043.0,-37.0,unauthorized
2026-01-31 16:00:00,16,0.56,295.1,363.1,160.2,59.43,132.8,683.6,57.0,fdi
2026-01-31 17:00:00,17,0.97,55.0,105.8,37.6,60.01,35.0,205.5,18.0,replay
2026-01-31 18:00:00,18,0.0,0.0,0.0,0.0,0.0,0.0,35.6,-999.0,dos
2026-01-31 19:00:00,19,0.93,359.9,646.8,270.5,62.84,304.0,1257.8,17.3,unauthorized
2026-01-31 20:00:00,20,1.21,197.5,516.7,204.1,59.21,179.8,928.9,62.0,fdi
2026-01-31 21:00:00,21,0.96,60.0,116.9,42.5,60.01,35.0,241.9,19.0,replay
2026-01-31 22:00:00,22,0.0,0.0,0.0,0.0,0.0,0.0,36.9,-999.0,dos
2026-01-31 23:00:00,23,0.65,444.7,594.1,245.5,57.15,358.1,1228.8,21.7,unauthorized
2026-02-01 00:00:00,0,0.68,281.8,374.3,135.7,59.27,160.1,701.1,63.8,fdi
2026-02-01 01:00:00,1,0.97,55.0,103.5,42.4,60.0,30.0,196.9,18.0,replay
2026-02-01 02:00:00,2,0.0,0.0,0.0,0.0,0.0,0.0,35.0,-999.0,dos
2026-02-01 03:00:00,3,1.14,451.3,954.2,398.5,58.24,302.9,1699.9,-24.9,unauthorized
2026-02-01 04:00:00,4,0.58,194.8,235.7,102.2,59.4,181.8,531.9,60.0,fdi
2026-02-01 05:00:00,5,0.97,65.0,124.4,43.9,60.0,30.0,246.5,18.0,replay
2026-02-01 06:00:00,6,0.0,0.0,0.0,0.0,0.0,0.0,41.0,-999.0,dos
2026-02-01 07:00:00,7,1.02,357.2,799.1,297.4,59.9,252.2,1367.0,70.5,unauthorized
2026-02-01 08:00:00,8,1.33,260.4,751.3,275.4,60.54,169.3,1206.1,63.0,fdi
2026-02-01 09:00:00,9,0.95,55.0,99.3,43.9,60.01,40.0,203.8,20.0,replay
2026-02-01 10:00:00,10,0.0,0.0,0.0,0.0,0.0,0.0,36.3,-999.0,dos
2026-02-01 11:00:00,11,0.57,495.2,541.0,199.5,59.72,391.9,1154.5,41.2,unauthorized
2026-02-01 12:00:00,12,1.17,239.2,526.3,189.3,59.25,133.0,865.3,56.8,fdi
2026-02-01 13:00:00,13,0.95,55.0,105.3,44.0,60.01,30.0,216.6,19.0,replay
2026-02-01 14:00:00,14,0.0,0.0,0.0,0.0,0.0,0.0,11.6,-999.0,dos
2026-02-01 15:00:00,15,1.29,435.4,1167.4,487.3,61.99,398.7,2102.6,-20.4,unauthorized
2026-02-01 16:00:00,16,0.59,291.8,354.2,139.2,60.52,211.0,731.9,50.8,fdi
2026-02-01 17:00:00,17,0.95,55.0,97.7,42.7,60.01,35.0,214.9,20.0,replay
2026-02-01 18:00:00,18,0.0,0.0,0.0,0.0,0.0,0.0,20.7,-999.0,dos
2026-02-01 19:00:00,19,1.03,458.2,923.1,380.9,58.54,357.9,1677.8,-36.6,unauthorized
2026-02-01 20:00:00,20,1.28,236.7,578.3,249.8,59.24,121.7,999.8,62.9,fdi
2026-02-01 21:00:00,21,0.98,60.0,107.8,46.0,60.01,30.0,219.1,18.0,replay
2026-02-01 22:00:00,22,0.0,0.0,0.0,0.0,0.0,0.0,12.5,-999.0,dos
2026-02-01 23:00:00,23,0.92,382.0,646.8,252.2,61.69,280.6,1206.3,-8.7,unauthorized
2026-02-02 00:00:00,0,0.7,199.3,293.4,125.8,60.26,134.4,573.2,57.1,fdi
2026-02-02 01:00:00,1,0.95,55.0,101.6,43.2,60.01,35.0,209.8,20.0,replay
2026-02-02 02:00:00,2,0.0,0.0,0.0,0.0,0.0,0.0,22.0,-999.0,dos
2026-02-02 03:00:00,3,1.03,478.8,1053.3,444.0,59.07,308.5,1825.8,66.9,unauthorized
2026-02-02 04:00:00,4,1.28,184.0,438.7,180.8,59.3,165.0,829.8,49.9,fdi
2026-02-02 05:00:00,5,0.97,65.0,122.1,43.0,60.0,40.0,242.7,18.0,replay
2026-02-02 06:00:00,6,0.0,0.0,0.0,0.0,0.0,0.0,27.4,-999.0,dos
2026-02-02 07:00:00,7,0.6,462.6,529.1,237.2,61.48,271.8,1063.5,65.4,unauthorized
2026-02-02 08:00:00,8,1.24,189.7,473.6,168.3,59.41,193.9,873.8,42.7,fdi
2026-02-02 09:00:00,9,0.96,65.0,124.3,49.5,60.0,40.0,246.5,18.0,replay
2026-02-02 10:00:00,10,0.0,0.0,0.0,0.0,0.0,0.0,28.0,-999.0,dos
2026-02-02 11:00:00,11,0.99,423.9,905.4,347.3,58.15,319.6,1620.3,-10.5,unauthorized
2026-02-02 12:00:00,12,0.64,198.1,268.6,99.9,60.28,182.3,567.5,52.3,fdi
2026-02-02 13:00:00,13,0.95,55.0,96.7,37.5,59.99,35.0,180.3,19.0,replay
2026-02-02 14:00:00,14,0.0,0.0,0.0,0.0,0.0,0.0,35.2,-999.0,dos
2026-02-02 15:00:00,15,0.83,396.0,654.5,292.7,62.77,394.7,1352.1,-5.3,unauthorized
2026-02-02 16:00:00,16,1.25,183.5,486.9,211.6,60.33,173.3,907.3,64.9,fdi
2026-02-02 17:00:00,17,0.97,55.0,98.2,41.3,60.0,40.0,201.5,19.0,replay
2026-02-02 18:00:00,18,0.0,0.0,0.0,0.0,0.0,0.0,44.3,-999.0,dos
2026-02-02 19:00:00,19,1.38,447.5,1268.3,557.9,61.45,254.7,2115.9,-25.4,unauthorized
2026-02-02 20:00:00,20,1.32,199.5,546.1,209.8,59.21,128.1,902.6,57.5,fdi
2026-02-02 21:00:00,21,0.96,65.0,133.5,50.6,60.01,35.0,267.2,20.0,replay
2026-02-02 22:00:00,22,0.0,0.0,0.0,0.0,0.0,0.0,31.5,-999.0,dos
2026-02-02 23:00:00,23,1.05,352.5,665.3,270.6,62.76,256.7,1239.8,-22.8,unauthorized
2026-02-03 00:00:00,0,0.55,255.9,282.8,120.6,60.42,127.2,560.1,57.7,fdi
2026-02-03 01:00:00,1,0.95,50.0,89.5,36.8,59.99,30.0,169.7,18.0,replay
2026-02-03 02:00:00,2,0.0,0.0,0.0,0.0,0.0,0.0,33.4,-999.0,dos
2026-02-03 03:00:00,3,0.43,367.9,332.3,145.1,60.73,390.2,898.4,-15.2,unauthorized
2026-02-03 04:00:00,4,0.59,221.6,241.2,95.2,60.59,211.8,562.2,59.6,fdi
2026-02-03 05:00:00,5,0.0,0.0,0.0,0.0,0.0,0.0,24.2,-999.0,replay
2026-02-03 06:00:00,6,0.0,0.0,0.0,0.0,0.0,0.0,35.6,-999.0,dos
2026-02-03 07:00:00,7,1.11,481.1,991.5,389.4,57.76,380.0,1777.4,31.2,unauthorized
2026-02-03 08:00:00,8,0.57,250.9,287.0,111.8,59.53,171.4,614.0,63.9,fdi
2026-02-03 09:00:00,9,0.95,55.0,95.2,38.6,59.99,35.0,202.3,19.0,replay
2026-02-03 10:00:00,10,0.0,0.0,0.0,0.0,0.0,0.0,46.7,-999.0,dos
2026-02-03 11:00:00,11,1.0,429.2,794.4,339.9,60.34,396.7,1547.8,52.8,unauthorized
2026-02-03 12:00:00,12,1.29,302.8,753.3,284.6,60.28,149.8,1205.1,57.5,fdi
2026-02-03 13:00:00,13,0.97,65.0,131.4,46.3,60.0,35.0,239.4,18.0,replay
2026-02-03 14:00:00,14,0.0,0.0,0.0,0.0,0.0,0.0,32.5,-999.0,dos
2026-02-03 15:00:00,15,1.14,357.8,793.2,334.9,62.12,279.7,1430.6,64.9,unauthorized
2026-02-03 16:00:00,16,1.19,249.0,575.9,254.7,60.32,214.4,1076.8,64.5,fdi
2026-02-03 17:00:00,17,0.96,50.0,96.5,35.7,59.99,35.0,181.7,19.0,replay
2026-02-03 18:00:00,18,0.0,0.0,0.0,0.0,0.0,0.0,44.6,-999.0,dos
2026-02-03 19:00:00,19,1.13,367.3,891.2,329.3,60.53,350.0,1593.1,-15.9,unauthorized
2026-02-03 20:00:00,20,0.67,195.7,274.4,99.3,59.39,167.1,581.0,64.6,fdi
2026-02-03 21:00:00,21,0.96,55.0,115.0,46.9,60.01,40.0,233.6,18.0,replay
2026-02-03 22:00:00,22,0.0,0.0,0.0,0.0,0.0,0.0,17.5,-999.0,dos
2026-02-03 23:00:00,23,1.14,458.5,1006.8,377.4,57.82,375.4,1784.5,-21.4,unauthorized
2026-02-04 00:00:00,0,1.23,318.1,713.7,309.5,60.3,125.3,1179.0,56.4,fdi
2026-02-04 01:00:00,1,0.97,65.0,131.7,52.8,60.0,35.0,249.5,19.0,replay
2026-02-04 02:00:00,2,0.0,0.0,0.0,0.0,0.0,0.0,19.6,-999.0,dos
2026-02-04 03:00:00,3,0.97,65.0,115.8,41.7,60.01,40.0,215.5,19.0,unauthorized
2026-02-04 04:00:00,4,1.28,199.8,459.6,201.9,59.23,215.5,907.9,56.1,fdi
2026-02-04 05:00:00,5,0.98,50.0,94.4,40.5,60.01,40.0,212.1,19.0,replay
2026-02-04 06:00:00,6,0.0,0.0,0.0,0.0,0.0,0.0,19.7,-999.0,dos
2026-02-04 07:00:00,7,0.5,390.2,416.1,160.7,60.12,334.9,937.9,-38.2,unauthorized
2026-02-04 08:00:00,8,1.16,204.7,474.0,166.1,59.22,155.5,825.7,53.6,fdi
2026-02-04 09:00:00,9,0.96,65.0,122.1,50.9,59.99,40.0,231.5,20.0,replay
2026-02-04 10:00:00,10,0.0,0.0,0.0,0.0,0.0,0.0,30.0,-999.0,dos
2026-02-04 11:00:00,11,0.57,378.1,464.2,175.8,57.06,263.7,926.8,26.8,unauthorized
2026-02-04 12:00:00,12,1.16,308.5,716.9,264.6,59.55,208.3,1218.2,52.9,fdi
2026-02-04 13:00:00,13,0.98,55.0,103.6,42.9,60.01,40.0,210.4,20.0,replay
2026-02-04 14:00:00,14,0.0,0.0,0.0,0.0,0.0,0.0,32.0,-999.0,dos
2026-02-04 15:00:00,15,1.05,388.3,871.1,353.9,59.19,376.6,1642.0,-16.6,unauthorized
2026-02-04 16:00:00,16,1.26,301.5,745.2,331.7,60.59,165.2,1264.9,45.3,fdi
2026-02-04 17:00:00,17,0.95,60.0,119.1,45.4,60.01,40.0,245.8,19.0,replay
2026-02-04 18:00:00,18,0.0,0.0,0.0,0.0,0.0,0.0,41.1,-999.0,dos
2026-02-04 19:00:00,19,0.84,406.4,666.4,268.2,59.2,328.9,1300.3,57.1,unauthorized
2026-02-04 20:00:00,20,1.34,281.3,753.4,304.8,59.43,122.9,1205.6,56.2,fdi
2026-02-04 21:00:00,21,0.96,50.0,99.5,43.5,60.0,30.0,192.5,20.0,replay
2026-02-04 22:00:00,22,0.0,0.0,0.0,0.0,0.0,0.0,20.7,-999.0,dos
2026-02-04 23:00:00,23,0.49,368.9,376.7,135.8,59.49,364.4,913.8,68.0,unauthorized
2026-02-05 00:00:00,0,0.69,301.5,389.3,136.6,60.49,146.8,688.7,65.0,fdi
2026-02-05 01:00:00,1,0.96,65.0,135.3,51.6,60.01,30.0,235.2,18.0,replay
2026-02-05 02:00:00,2,0.0,0.0,0.0,0.0,0.0,0.0,31.7,-999.0,dos
2026-02-05 03:00:00,3,0.66,470.1,669.0,275.3,60.79,325.5,1287.6,-32.8,unauthorized
2026-02-05 04:00:00,4,0.64,280.5,335.3,140.5,59.53,125.4,637.0,44.4,fdi
2026-02-05 05:00:00,5,0.97,55.0,101.7,44.1,59.99,35.0,207.9,18.0,replay
2026-02-05 06:00:00,6,0.0,0.0,0.0,0.0,0.0,0.0,35.4,-999.0,dos
2026-02-05 07:00:00,7,0.84,434.2,723.3,292.9,62.09,316.5,1374.6,70.2,unauthorized
2026-02-05 08:00:00,8,0.66,253.2,315.8,117.0,60.39,149.9,600.3,59.2,fdi
2026-02-05 09:00:00,9,0.97,55.0,113.0,42.6,60.0,40.0,241.2,19.0,replay
2026-02-05 10:00:00,10,0.0,0.0,0.0,0.0,0.0,0.0,33.5,-999.0,dos
2026-02-05 11:00:00,11,1.13,408.1,965.7,362.3,61.71,323.9,1681.6,-18.3,unauthorized
2026-02-05 12:00:00,12,0.66,233.0,293.8,122.1,59.51,190.8,624.6,58.4,fdi
2026-02-05 13:00:00,13,0.96,60.0,110.3,45.3,60.01,30.0,197.6,20.0,replay
2026-02-05 14:00:00,14,0.0,0.0,0.0,0.0,0.0,0.0,30.0,-999.0,dos
2026-02-05 15:00:00,15,0.46,458.2,440.0,192.9,58.38,352.8,1033.6,77.8,unauthorized
2026-02-05 16:00:00,16,0.69,229.9,316.3,135.9,60.58,192.6,676.7,47.1,fdi
2026-02-05 17:00:00,17,0.98,50.0,102.5,42.3,60.0,35.0,204.2,18.0,replay
2026-02-05 18:00:00,18,0.0,0.0,0.0,0.0,0.0,0.0,14.5,-999.0,dos
2026-02-05 19:00:00,19,0.89,475.5,883.7,330.3,57.98,291.5,1531.1,-32.1,unauthorized
2026-02-05 20:00:00,20,0.62,200.3,265.3,93.8,59.54,180.8,576.2,64.6,fdi
2026-02-05 21:00:00,21,0.98,50.0,101.6,36.1,60.0,40.0,219.0,20.0,replay
2026-02-05 22:00:00,22,0.0,0.0,0.0,0.0,0.0,0.0,30.3,-999.0,dos
2026-02-05 23:00:00,23,1.25,459.1,1077.5,462.5,62.88,273.4,1830.8,-12.9,unauthorized
2026-02-06 00:00:00,0,0.55,296.9,357.2,125.3,60.54,175.5,671.0,62.7,fdi
2026-02-06 01:00:00,1,0.96,60.0,120.1,49.5,60.0,40.0,258.5,20.0,replay
2026-02-06 02:00:00,2,0.0,0.0,0.0,0.0,0.0,0.0,30.8,-999.0,dos
2026-02-06 03:00:00,3,1.1,450.8,952.4,379.4,58.44,361.5,1715.1,50.0,unauthorized
2026-02-06 04:00:00,4,1.21,257.6,635.2,247.9,60.35,208.1,1128.3,55.7,fdi
2026-02-06 05:00:00,5,0.96,65.0,122.0,47.8,60.0,30.0,232.3,19.0,replay
2026-02-06 06:00:00,6,0.98,65.0,132.7,58.6,60.0,30.0,242.1,19.0,dos
2026-02-06 07:00:00,7,0.97,482.3,966.2,377.8,62.65,360.9,1733.7,-29.6,unauthorized
2026-02-06 08:00:00,8,1.31,243.6,608.2,220.0,60.38,205.4,1053.7,59.2,fdi
2026-02-06 09:00:00,9,0.95,65.0,134.5,49.9,60.0,30.0,245.2,18.0,replay
2026-02-06 10:00:00,10,0.0,0.0,0.0,0.0,0.0,0.0,42.7,-999.0,dos
2026-02-06 11:00:00,11,1.18,379.3,927.6,373.9,57.52,340.8,1678.8,-33.1,unauthorized
2026-02-06 12:00:00,12,1.19,222.8,580.5,219.8,59.43,197.9,1011.0,59.6,fdi
2026-02-06 13:00:00,13,0.96,60.0,119.0,47.9,59.99,40.0,242.5,20.0,replay
2026-02-06 14:00:00,14,0.0,0.0,0.0,0.0,0.0,0.0,33.5,-999.0,dos
2026-02-06 15:00:00,15,0.85,463.5,751.1,293.7,61.76,324.2,1414.9,67.4,unauthorized
2026-02-06 16:00:00,16,0.7,192.4,263.5,98.8,59.31,137.8,523.0,47.5,fdi
2026-02-06 17:00:00,17,0.97,50.0,94.0,39.9,60.01,30.0,209.7,20.0,replay
2026-02-06 18:00:00,18,0.0,0.0,0.0,0.0,0.0,0.0,39.8,-999.0,dos
2026-02-06 19:00:00,19,0.53,401.8,394.8,172.1,61.85,287.0,889.2,-32.4,unauthorized
2026-02-06 20:00:00,20,0.64,271.8,314.0,121.6,60.55,150.9,610.7,58.0,fdi
2026-02-06 21:00:00,21,0.98,55.0,106.0,40.1,59.99,35.0,202.4,19.0,replay
2026-02-06 22:00:00,22,0.0,0.0,0.0,0.0,0.0,0.0,24.4,-999.0,dos
2026-02-06 23:00:00,23,0.78,395.7,607.6,264.4,57.15,250.6,1164.6,-12.7,unauthorized
2026-02-07 00:00:00,0,1.2,227.5,490.9,179.4,60.4,141.8,850.3,45.0,fdi
2026-02-07 01:00:00,1,0.98,50.0,105.6,44.8,60.0,40.0,201.9,18.0,replay
2026-02-07 02:00:00,2,0.0,0.0,0.0,0.0,0.0,0.0,10.7,-999.0,dos
2026-02-07 03:00:00,3,1.26,421.1,986.2,410.7,57.02,251.7,1687.0,10.0,unauthorized
2026-02-07 04:00:00,4,0.63,200.0,261.9,114.8,59.48,183.9,588.0,61.6,fdi
2026-02-07 05:00:00,5,0.97,50.0,98.1,37.3,60.0,30.0,178.9,19.0,replay
2026-02-07 06:00:00,6,1.19,308.1,666.9,298.3,60.27,179.8,1176.8,55.8,dos
2026-02-07 07:00:00,7,0.92,441.6,862.5,306.2,58.59,293.1,1495.9,21.4,unauthorized
2026-02-07 08:00:00,8,1.15,223.8,526.2,198.6,59.25,162.6,913.5,54.7,fdi
2026-02-07 09:00:00,9,0.96,65.0,122.6,47.0,60.01,30.0,214.5,19.0,replay
2026-02-07 10:00:00,10,0.0,0.0,0.0,0.0,0.0,0.0,20.4,-999.0,dos
2026-02-07 11:00:00,11,1.4,378.2,1084.6,419.2,57.89,264.8,1800.1,29.6,unauthorized
2026-02-07 12:00:00,12,0.71,295.4,435.2,187.5,59.26,130.0,782.9,43.3,fdi
2026-02-07 13:00:00,13,0.98,55.0,112.3,44.7,60.01,30.0,217.9,20.0,replay
2026-02-07 14:00:00,14,0.0,0.0,0.0,0.0,0.0,0.0,18.6,-999.0,dos
2026-02-07 15:00:00,15,0.6,382.0,418.8,168.0,61.06,310.8,944.3,71.8,unauthorized
2026-02-07 16:00:00,16,1.22,266.7,603.0,216.2,60.59,211.5,1077.1,45.8,fdi
2026-02-07 17:00:00,17,0.96,60.0,105.3,39.3,60.0,30.0,221.8,19.0,replay
2026-02-07 18:00:00,18,0.0,0.0,0.0,0.0,0.0,0.0,10.8,-999.0,dos
2026-02-07 19:00:00,19,1.03,391.3,870.2,387.9,62.46,345.1,1616.4,-31.4,unauthorized
2026-02-07 20:00:00,20,1.23,205.2,516.2,198.2,59.54,170.3,929.0,43.9,fdi
2026-02-07 21:00:00,21,0.96,55.0,111.2,41.2,60.01,35.0,210.3,18.0,replay
2026-02-07 22:00:00,22,0.0,0.0,0.0,0.0,0.0,0.0,47.3,-999.0,dos
2026-02-07 23:00:00,23,0.76,372.4,613.3,238.2,60.06,319.1,1200.2,68.1,unauthorized
2026-02-08 00:00:00,0,0.55,224.8,254.7,95.8,60.33,140.0,502.5,42.9,fdi
2026-02-08 01:00:00,1,0.95,55.0,112.9,40.3,59.99,30.0,195.6,19.0,replay
2026-02-08 02:00:00,2,0.0,0.0,0.0,0.0,0.0,0.0,25.2,-999.0,dos
2026-02-08 03:00:00,3,1.07,429.7,861.1,374.6,57.59,371.8,1652.7,63.9,unauthorized
2026-02-08 04:00:00,4,0.61,219.5,251.5,89.4,59.5,185.4,554.1,53.8,fdi
2026-02-08 05:00:00,5,0.98,50.0,94.3,40.7,60.01,35.0,214.6,19.0,replay
2026-02-08 06:00:00,6,0.0,0.0,0.0,0.0,0.0,0.0,32.7,-999.0,dos
2026-02-08 07:00:00,7,0.54,384.3,410.2,161.9,62.29,253.0,835.4,50.3,unauthorized
2026-02-08 08:00:00,8,1.26,274.8,754.3,312.4,59.53,173.1,1261.8,51.2,fdi
2026-02-08 09:00:00,9,0.96,55.0,103.8,37.5,60.0,30.0,184.3,19.0,replay
2026-02-08 10:00:00,10,0.0,0.0,0.0,0.0,0.0,0.0,44.0,-999.0,dos
2026-02-08 11:00:00,11,0.57,406.9,462.6,195.2,59.12,269.9,951.8,40.7,unauthorized
2026-02-08 12:00:00,12,1.33,185.6,477.2,200.1,59.33,205.5,899.2,60.5,fdi
2026-02-08 13:00:00,13,0.97,50.0,94.0,38.7,60.01,40.0,184.3,19.0,replay
2026-02-08 14:00:00,14,0.0,0.0,0.0,0.0,0.0,0.0,40.7,-999.0,dos
2026-02-08 15:00:00,15,0.78,430.0,634.8,273.3,57.0,286.2,1215.5,-15.0,unauthorized
2026-02-08 16:00:00,16,0.7,213.8,317.0,141.4,60.37,194.8,694.8,54.7,fdi
2026-02-08 17:00:00,17,0.95,60.0,102.7,36.0,59.99,35.0,216.0,18.0,replay
2026-02-08 18:00:00,18,0.0,0.0,0.0,0.0,0.0,0.0,28.2,-999.0,dos
2026-02-08 19:00:00,19,1.32,499.5,1339.6,536.6,57.92,379.4,2266.4,-8.1,unauthorized
2026-02-08 20:00:00,20,1.29,289.9,717.1,284.5,59.25,164.8,1187.3,61.1,fdi
2026-02-08 21:00:00,21,0.98,50.0,105.8,46.7,60.01,35.0,235.2,19.0,replay
2026-02-08 22:00:00,22,0.0,0.0,0.0,0.0,0.0,0.0,41.1,-999.0,dos
2026-02-08 23:00:00,23,1.0,355.1,691.8,272.0,59.99,273.2,1272.0,-18.0,unauthorized
2026-02-09 00:00:00,0,0.58,260.4,318.6,125.3,59.39,193.8,667.1,49.7,fdi
2026-02-09 01:00:00,1,0.98,50.0,94.3,33.8,59.99,40.0,181.7,19.0,replay
2026-02-09 02:00:00,2,0.0,0.0,0.0,0.0,0.0,0.0,15.1,-999.0,dos
2026-02-09 03:00:00,3,0.99,475.3,850.9,315.0,57.26,285.5,1499.7,66.8,unauthorized
2026-02-09 04:00:00,4,1.16,183.9,463.8,181.3,60.56,161.6,824.3,58.6,fdi
2026-02-09 05:00:00,5,0.98,65.0,132.3,53.9,59.99,30.0,262.5,20.0,replay
2026-02-09 06:00:00,6,0.0,0.0,0.0,0.0,0.0,0.0,45.2,-999.0,dos
2026-02-09 07:00:00,7,0.88,360.6,608.4,241.0,58.67,298.7,1184.9,73.4,unauthorized
2026-02-09 08:00:00,8,1.3,301.4,724.7,309.8,59.43,132.6,1187.7,63.8,fdi
2026-02-09 09:00:00,9,0.97,60.0,106.6,40.6,60.01,35.0,218.3,18.0,replay
2026-02-09 10:00:00,10,0.0,0.0,0.0,0.0,0.0,0.0,42.8,-999.0,dos
2026-02-09 11:00:00,11,0.91,397.8,660.6,288.3,61.39,293.2,1272.1,48.4,unauthorized
2026-02-09 12:00:00,12,0.66,198.5,252.4,108.7,59.3,210.5,595.9,60.8,fdi
2026-02-09 13:00:00,13,0.95,65.0,119.2,53.4,60.01,35.0,223.0,19.0,replay
2026-02-09 14:00:00,14,0.0,0.0,0.0,0.0,0.0,0.0,29.1,-999.0,dos
2026-02-09 15:00:00,15,0.58,371.7,450.1,191.6,58.53,387.2,1071.3,-26.4,unauthorized
2026-02-09 16:00:00,16,1.19,245.2,537.0,237.1,60.51,183.6,979.4,62.1,fdi
2026-02-09 17:00:00,17,0.97,60.0,126.7,55.8,59.99,40.0,267.4,19.0,replay
2026-02-09 18:00:00,18,0.0,0.0,0.0,0.0,0.0,0.0,41.3,-999.0,dos
2026-02-09 19:00:00,19,0.51,365.2,366.0,147.9,57.07,332.3,895.0,76.8,unauthorized
2026-02-09 20:00:00,20,0.64,259.7,319.6,140.2,60.45,127.3,611.8,59.6,fdi
2026-02-09 21:00:00,21,0.96,60.0,113.7,49.1,60.01,35.0,244.0,18.0,replay
2026-02-09 22:00:00,22,0.0,0.0,0.0,0.0,0.0,0.0,21.4,-999.0,dos
2026-02-09 23:00:00,23,1.07,479.4,1109.5,417.7,57.98,371.9,1945.2,62.4,unauthorized
2026-02-10 00:00:00,0,0.56,186.1,215.0,75.3,59.36,145.6,478.2,46.4,fdi
2026-02-10 01:00:00,1,0.97,60.0,125.6,45.5,60.01,35.0,221.1,20.0,replay
2026-02-10 02:00:00,2,0.0,0.0,0.0,0.0,0.0,0.0,12.9,-999.0,dos
2026-02-10 03:00:00,3,0.83,464.5,711.5,311.7,62.96,348.9,1403.2,-33.9,unauthorized
2026-02-10 04:00:00,4,0.71,313.0,404.4,167.5,59.32,216.2,821.6,54.6,fdi
2026-02-10 05:00:00,5,0.97,65.0,129.6,47.0,59.99,30.0,233.9,19.0,replay
2026-02-10 06:00:00,6,0.0,0.0,0.0,0.0,0.0,0.0,11.6,-999.0,dos
2026-02-10 07:00:00,7,1.23,394.6,978.3,372.1,61.74,254.7,1629.6,76.0,unauthorized
2026-02-10 08:00:00,8,0.56,271.7,301.4,126.7,60.58,144.6,585.4,54.2,fdi
2026-02-10 09:00:00,9,0.96,50.0,88.3,36.0,60.01,40.0,196.4,20.0,replay
2026-02-10 10:00:00,10,0.0,0.0,0.0,0.0,0.0,0.0,13.2,-999.0,dos
2026-02-10 11:00:00,11,1.18,488.3,1158.0,501.4,58.17,394.1,2077.4,-22.9,unauthorized
2026-02-10 12:00:00,12,1.17,266.7,565.6,207.2,59.47,175.7,997.9,56.9,fdi
2026-02-10 13:00:00,13,0.97,55.0,100.2,43.9,60.0,30.0,212.3,19.0,replay
2026-02-10 14:00:00,14,0.0,0.0,0.0,0.0,0.0,0.0,44.0,-999.0,dos
2026-02-10 15:00:00,15,0.77,424.0,678.5,280.4,60.47,278.4,1251.3,68.1,unauthorized
2026-02-10 16:00:00,16,1.17,253.8,553.3,248.3,60.46,128.9,962.9,51.9,fdi
2026-02-10 17:00:00,17,0.97,60.0,111.4,43.7,60.0,35.0,226.1,20.0,replay
2026-02-10 18:00:00,18,0.0,0.0,0.0,0.0,0.0,0.0,31.5,-999.0,dos
2026-02-10 19:00:00,19,0.46,374.4,315.6,132.3,62.37,352.9,833.7,-10.0,unauthorized
2026-02-10 20:00:00,20,1.19,273.7,646.4,242.7,59.26,179.7,1111.8,51.8,fdi
2026-02-10 21:00:00,21,0.96,60.0,105.7,44.5,59.99,30.0,198.0,18.0,replay
2026-02-10 22:00:00,22,0.0,0.0,0.0,0.0,0.0,0.0,26.6,-999.0,dos
2026-02-10 23:00:00,23,0.77,365.1,536.6,212.5,58.86,349.6,1116.4,39.9,unauthorized
2026-02-11 00:00:00,0,1.33,209.5,509.7,185.2,60.35,132.7,863.4,56.7,fdi
2026-02-11 01:00:00,1,0.97,60.0,108.7,47.1,60.0,30.0,203.6,20.0,replay
2026-02-11 02:00:00,2,0.0,0.0,0.0,0.0,0.0,0.0,37.1,-999.0,dos
2026-02-11 03:00:00,3,0.49,393.6,427.5,185.8,62.9,394.1,1041.8,-1.5,unauthorized
2026-02-11 04:00:00,4,0.64,301.6,376.2,143.3,59.49,189.8,720.0,48.7,fdi
2026-02-11 05:00:00,5,0.95,50.0,102.1,40.3,60.01,35.0,201.1,18.0,replay
2026-02-11 06:00:00,6,0.0,0.0,0.0,0.0,0.0,0.0,29.9,-999.0,dos
2026-02-11 07:00:00,7,1.08,413.1,821.6,320.2,62.77,339.9,1505.2,56.9,unauthorized
2026-02-11 08:00:00,8,0.56,190.2,228.5,82.8,59.27,186.9,513.4,54.5,fdi
2026-02-11 09:00:00,9,0.96,50.0,97.2,35.8,59.99,35.0,187.0,19.0,replay
2026-02-11 10:00:00,10,0.0,0.0,0.0,0.0,0.0,0.0,40.8,-999.0,dos
2026-02-11 11:00:00,11,0.74,432.4,666.2,277.0,61.49,367.6,1359.1,-1.0,unauthorized
2026-02-11 12:00:00,12,0.67,218.4,313.7,114.4,59.35,147.2,603.6,50.8,fdi
2026-02-11 13:00:00,13,0.95,60.0,109.3,47.8,60.01,30.0,227.9,18.0,replay
2026-02-11 14:00:00,14,0.0,0.0,0.0,0.0,0.0,0.0,48.5,-999.0,dos
2026-02-11 15:00:00,15,0.64,491.3,627.4,273.3,60.62,265.8,1197.6,28.7,unauthorized
2026-02-11 16:00:00,16,0.64,212.6,264.9,100.5,59.49,122.9,513.9,56.5,fdi
2026-02-11 17:00:00,17,0.98,65.0,117.1,52.1,60.0,35.0,239.1,19.0,replay
2026-02-11 18:00:00,18,0.0,0.0,0.0,0.0,0.0,0.0,26.5,-999.0,dos
2026-02-11 19:00:00,19,1.33,423.2,1177.6,491.7,60.78,360.1,2067.7,4.5,unauthorized
2026-02-11 20:00:00,20,1.19,295.4,755.2,339.7,59.36,214.4,1354.7,43.1,fdi
2026-02-11 21:00:00,21,0.98,60.0,112.5,46.9,60.01,30.0,206.4,19.0,replay
2026-02-11 22:00:00,22,0.0,0.0,0.0,0.0,0.0,0.0,22.8,-999.0,dos
2026-02-11 23:00:00,23,0.59,443.7,488.2,214.9,59.02,281.7,1010.7,-2.4,unauthorized
2026-02-12 00:00:00,0,1.21,284.2,642.8,269.4,59.35,206.1,1148.9,55.0,fdi
2026-02-12 01:00:00,1,0.98,50.0,90.4,36.9,60.0,35.0,173.9,19.0,replay
2026-02-12 02:00:00,2,0.0,0.0,0.0,0.0,0.0,0.0,43.5,-999.0,dos
2026-02-12 03:00:00,3,1.32,365.7,1058.6,375.4,57.77,333.6,1791.8,67.3,unauthorized
2026-02-12 04:00:00,4,0.66,196.8,279.5,113.8,60.49,197.9,633.7,42.5,fdi
2026-02-12 05:00:00,5,0.98,65.0,126.8,52.5,60.0,30.0,220.9,20.0,replay
2026-02-12 06:00:00,6,0.0,0.0,0.0,0.0,0.0,0.0,30.0,-999.0,dos
2026-02-12 07:00:00,7,0.68,446.4,637.5,258.9,61.16,380.6,1322.3,1.1,unauthorized
2026-02-12 08:00:00,8,0.65,284.9,371.6,152.9,59.23,125.3,679.1,63.6,fdi
2026-02-12 09:00:00,9,0.97,55.0,109.3,46.1,59.99,40.0,228.2,18.0,replay
2026-02-12 10:00:00,10,0.0,0.0,0.0,0.0,0.0,0.0,45.3,-999.0,dos
2026-02-12 11:00:00,11,0.53,419.3,460.5,165.8,62.07,384.6,1022.2,-8.2,unauthorized
2026-02-12 12:00:00,12,0.69,227.6,301.2,118.6,60.42,121.6,562.5,44.1,fdi
2026-02-12 13:00:00,13,0.97,50.0,105.2,41.3,59.99,40.0,235.9,19.0,replay
2026-02-12 14:00:00,14,0.0,0.0,0.0,0.0,0.0,0.0,10.2,-999.0,dos
2026-02-12 15:00:00,15,1.3,371.0,974.9,392.7,57.58,313.7,1696.9,72.0,unauthorized
2026-02-12 16:00:00,16,0.0,0.0,0.0,0.0,0.0,0.0,45.0,-999.0,fdi
2026-02-12 17:00:00,17,0.96,60.0,106.8,46.0,59.99,35.0,237.3,18.0,replay
2026-02-12 18:00:00,18,0.0,0.0,0.0,0.0,0.0,0.0,11.9,-999.0,dos
2026-02-12 19:00:00,19,0.95,65.0,133.1,53.5,60.0,30.0,249.2,18.0,unauthorized
2026-02-12 20:00:00,20,0.65,258.3,361.8,162.2,60.28,177.7,732.8,63.5,fdi
2026-02-12 21:00:00,21,0.97,50.0,97.1,40.9,60.0,40.0,197.9,20.0,replay
2026-02-12 22:00:00,22,0.0,0.0,0.0,0.0,0.0,0.0,11.0,-999.0,dos
2026-02-12 23:00:00,23,1.2,484.6,1254.7,440.8,60.11,318.3,2061.6,-36.3,unauthorized
2026-02-13 00:00:00,0,1.33,183.4,504.6,213.3,59.39,141.9,869.8,51.9,fdi
2026-02-13 01:00:00,1,0.97,50.0,88.0,31.9,59.99,35.0,204.4,18.0,replay
2026-02-13 02:00:00,2,0.0,0.0,0.0,0.0,0.0,0.0,14.3,-999.0,dos
2026-02-13 03:00:00,3,1.25,388.5,897.6,352.9,57.13,283.5,1553.1,-33.2,unauthorized
2026-02-13 04:00:00,4,1.34,306.8,858.5,339.3,59.32,158.1,1400.2,51.5,fdi
2026-02-13 05:00:00,5,0.95,65.0,131.2,46.4,60.0,30.0,238.8,19.0,replay
2026-02-13 06:00:00,6,0.0,0.0,0.0,0.0,0.0,0.0,46.2,-999.0,dos
2026-02-13 07:00:00,7,0.87,411.7,743.1,322.7,58.42,359.5,1444.4,-24.2,unauthorized
2026-02-13 08:00:00,8,1.33,196.6,485.7,197.7,59.29,203.7,913.3,53.8,fdi
2026-02-13 09:00:00,9,0.97,60.0,109.4,38.4,59.99,35.0,217.8,20.0,replay
2026-02-13 10:00:00,10,0.0,0.0,0.0,0.0,0.0,0.0,17.7,-999.0,dos
2026-02-13 11:00:00,11,0.76,351.3,574.2,231.7,62.04,254.8,1092.4,72.8,unauthorized
2026-02-13 12:00:00,12,1.28,186.3,439.0,189.7,60.41,175.0,822.1,62.4,fdi
2026-02-13 13:00:00,13,0.97,50.0,92.6,33.1,60.01,30.0,194.1,18.0,replay
2026-02-13 14:00:00,14,0.0,0.0,0.0,0.0,0.0,0.0,49.3,-999.0,dos
2026-02-13 15:00:00,15,0.82,411.2,667.7,236.7,58.95,367.3,1294.1,51.1,unauthorized
2026-02-13 16:00:00,16,0.56,292.8,338.0,144.3,59.46,163.2,673.4,57.6,fdi
2026-02-13 17:00:00,17,0.95,65.0,128.7,47.4,60.01,30.0,219.3,20.0,replay
2026-02-13 18:00:00,18,0.0,0.0,0.0,0.0,0.0,0.0,44.1,-999.0,dos
2026-02-13 19:00:00,19,1.17,375.3,851.5,320.4,61.93,365.4,1552.1,31.6,unauthorized
2026-02-13 20:00:00,20,0.61,246.6,294.2,107.1,60.47,210.1,646.4,45.8,fdi
2026-02-13 21:00:00,21,0.97,60.0,106.2,43.6,60.0,35.0,197.1,20.0,replay
2026-02-13 22:00:00,22,0.0,0.0,0.0,0.0,0.0,0.0,36.8,-999.0,dos
2026-02-13 23:00:00,23,0.55,355.8,389.1,159.5,62.27,297.2,857.1,-24.5,unauthorized
2026-02-14 00:00:00,0,1.23,305.3,756.0,276.2,59.42,136.2,1215.3,62.8,fdi
2026-02-14 01:00:00,1,0.96,50.0,98.2,41.8,59.99,35.0,202.9,20.0,replay
2026-02-14 02:00:00,2,0.0,0.0,0.0,0.0,0.0,0.0,22.9,-999.0,dos
2026-02-14 03:00:00,3,0.7,449.0,640.1,259.9,57.82,353.0,1301.4,69.6,unauthorized
2026-02-14 04:00:00,4,1.21,278.7,620.1,242.1,59.31,154.5,1029.2,64.8,fdi
2026-02-14 05:00:00,5,0.96,65.0,133.3,52.6,59.99,40.0,261.4,19.0,replay
2026-02-14 06:00:00,6,0.0,0.0,0.0,0.0,0.0,0.0,40.9,-999.0,dos
2026-02-14 07:00:00,7,1.02,418.4,903.1,353.1,62.36,324.7,1600.1,61.0,unauthorized
2026-02-14 08:00:00,8,0.59,253.4,275.1,118.1,59.32,184.2,591.4,47.6,fdi
2026-02-14 09:00:00,9,0.97,55.0,116.9,44.1,60.01,40.0,212.6,20.0,replay
2026-02-14 10:00:00,10,0.0,0.0,0.0,0.0,0.0,0.0,14.0,-999.0,dos
2026-02-14 11:00:00,11,0.43,480.5,452.5,189.8,57.83,269.1,953.4,-18.9,unauthorized
2026-02-14 12:00:00,12,1.2,247.3,552.9,246.9,59.42,145.7,956.1,63.8,fdi
2026-02-14 13:00:00,13,0.95,65.0,121.9,47.7,60.0,35.0,243.9,20.0,replay
2026-02-14 14:00:00,14,0.0,0.0,0.0,0.0,0.0,0.0,20.0,-999.0,dos
2026-02-14 15:00:00,15,0.99,405.5,753.2,271.6,59.92,297.1,1359.1,-23.0,unauthorized
2026-02-14 16:00:00,16,0.67,187.3,276.5,111.5,59.5,164.3,598.6,55.5,fdi
2026-02-14 17:00:00,17,0.95,65.0,117.3,50.5,60.01,40.0,248.3,18.0,replay
2026-02-14 18:00:00,18,0.0,0.0,0.0,0.0,0.0,0.0,46.4,-999.0,dos
2026-02-14 19:00:00,19,0.83,379.6,664.6,233.8,60.76,352.7,1280.4,-24.9,unauthorized
2026-02-14 20:00:00,20,0.6,295.8,391.4,138.1,59.48,218.9,772.0,57.6,fdi
2026-02-14 21:00:00,21,0.97,55.0,107.1,43.6,60.0,30.0,213.1,20.0,replay
2026-02-14 22:00:00,22,0.0,0.0,0.0,0.0,0.0,0.0,15.3,-999.0,dos
2026-02-14 23:00:00,23,1.02,453.6,903.6,319.5,59.42,381.3,1636.5,9.9,unauthorized
2026-02-15 00:00:00,0,1.21,289.4,756.4,272.7,60.33,187.2,1254.6,46.5,fdi
2026-02-15 01:00:00,1,0.96,65.0,131.9,58.9,60.01,40.0,245.8,19.0,replay
2026-02-15 02:00:00,2,0.0,0.0,0.0,0.0,0.0,0.0,25.1,-999.0,dos
2026-02-15 03:00:00,3,0.45,452.8,434.4,173.2,59.62,279.2,908.7,57.9,unauthorized
2026-02-15 04:00:00,4,1.2,282.3,617.6,277.7,60.28,120.7,1037.5,45.5,fdi
2026-02-15 05:00:00,5,0.97,50.0,93.7,33.0,60.0,30.0,172.1,19.0,replay
2026-02-15 06:00:00,6,0.0,0.0,0.0,0.0,0.0,0.0,19.2,-999.0,dos
2026-02-15 07:00:00,7,1.16,437.4,912.0,404.1,61.13,335.1,1665.6,42.0,unauthorized
2026-02-15 08:00:00,8,0.62,312.6,423.3,186.2,60.56,201.1,849.9,64.6,fdi
2026-02-15 09:00:00,9,0.96,65.0,119.7,50.7,59.99,35.0,250.2,20.0,replay
2026-02-15 10:00:00,10,0.0,0.0,0.0,0.0,0.0,0.0,45.9,-999.0,dos
2026-02-15 11:00:00,11,0.95,403.9,722.9,285.7,57.75,338.4,1388.8,23.0,unauthorized
2026-02-15 12:00:00,12,1.26,278.4,726.2,255.9,59.42,135.3,1143.9,58.3,fdi
2026-02-15 13:00:00,13,0.95,60.0,103.5,40.3,60.0,30.0,215.4,18.0,replay
2026-02-15 14:00:00,14,0.0,0.0,0.0,0.0,0.0,0.0,18.2,-999.0,dos
2026-02-15 15:00:00,15,1.4,365.5,961.4,384.3,58.08,269.5,1644.3,-0.7,unauthorized
2026-02-15 16:00:00,16,1.21,263.5,680.2,271.7,59.37,201.6,1168.9,43.4,fdi
2026-02-15 17:00:00,17,0.98,65.0,118.3,48.6,60.01,40.0,224.0,20.0,replay
2026-02-15 18:00:00,18,0.0,0.0,0.0,0.0,0.0,0.0,38.9,-999.0,dos
2026-02-15 19:00:00,19,1.2,369.1,874.3,344.2,62.42,350.8,1610.7,67.7,unauthorized
2026-02-15 20:00:00,20,0.69,296.2,408.4,163.9,59.44,140.8,732.7,42.5,fdi
2026-02-15 21:00:00,21,0.95,65.0,119.5,46.8,60.01,35.0,231.7,20.0,replay
2026-02-15 22:00:00,22,0.0,0.0,0.0,0.0,0.0,0.0,11.2,-999.0,dos
2026-02-15 23:00:00,23,0.8,394.8,627.7,227.9,62.2,362.0,1255.5,62.9,unauthorized
2026-02-16 00:00:00,0,1.16,295.5,721.0,297.0,60.57,206.4,1266.6,52.7,fdi
2026-02-16 01:00:00,1,0.96,50.0,95.3,40.8,59.99,40.0,219.0,18.0,replay
2026-02-16 02:00:00,2,0.0,0.0,0.0,0.0,0.0,0.0,28.7,-999.0,dos
2026-02-16 03:00:00,3,1.15,471.7,1159.5,411.5,57.2,320.2,1935.3,37.6,unauthorized
2026-02-16 04:00:00,4,1.21,219.5,493.5,184.2,59.22,135.9,841.7,60.7,fdi
2026-02-16 05:00:00,5,0.96,65.0,127.8,46.2,60.01,30.0,220.2,18.0,replay
2026-02-16 06:00:00,6,0.0,0.0,0.0,0.0,0.0,0.0,39.7,-999.0,dos
2026-02-16 07:00:00,7,0.79,375.6,593.8,218.0,58.36,336.3,1184.7,10.8,unauthorized
2026-02-16 08:00:00,8,1.25,316.6,725.5,323.5,60.46,129.0,1216.7,55.9,fdi
2026-02-16 09:00:00,9,0.97,65.0,135.1,60.2,60.01,40.0,265.3,18.0,replay
2026-02-16 10:00:00,10,0.0,0.0,0.0,0.0,0.0,0.0,31.5,-999.0,dos
2026-02-16 11:00:00,11,0.61,350.6,422.8,189.4,58.45,326.5,962.7,5.6,unauthorized
2026-02-16 12:00:00,12,1.16,288.6,636.2,237.2,59.47,135.0,1018.9,55.2,fdi
2026-02-16 13:00:00,13,0.98,65.0,114.7,50.1,59.99,40.0,216.1,18.0,replay
2026-02-16 14:00:00,14,0.0,0.0,0.0,0.0,0.0,0.0,20.6,-999.0,dos
2026-02-16 15:00:00,15,0.82,378.8,568.0,241.2,59.0,359.2,1180.5,40.3,unauthorized
2026-02-16 16:00:00,16,1.27,216.6,592.6,245.1,59.31,144.2,1021.1,48.4,fdi
2026-02-16 17:00:00,17,0.98,65.0,124.4,55.4,59.99,30.0,233.0,19.0,replay
2026-02-16 18:00:00,18,0.0,0.0,0.0,0.0,0.0,0.0,20.8,-999.0,dos
2026-02-16 19:00:00,19,1.4,387.9,977.7,363.7,59.62,328.0,1690.8,-4.6,unauthorized
2026-02-16 20:00:00,20,1.32,278.7,664.9,249.2,60.48,185.4,1146.6,64.0,fdi
2026-02-16 21:00:00,21,0.95,60.0,103.0,45.7,60.0,40.0,202.1,18.0,replay
2026-02-16 22:00:00,22,0.0,0.0,0.0,0.0,0.0,0.0,47.6,-999.0,dos
2026-02-16 23:00:00,23,0.69,400.0,590.6,239.4,59.56,270.9,1135.3,-37.3,unauthorized
2026-02-17 00:00:00,0,0.67,290.2,417.1,164.8,60.38,216.8,843.1,63.2,fdi
2026-02-17 01:00:00,1,0.98,65.0,138.2,54.7,60.0,30.0,266.7,18.0,replay
2026-02-17 02:00:00,2,0.0,0.0,0.0,0.0,0.0,0.0,16.3,-999.0,dos
2026-02-17 03:00:00,3,0.94,353.4,680.4,300.0,59.66,367.2,1358.4,41.6,unauthorized
2026-02-17 04:00:00,4,0.64,225.3,294.3,122.9,60.56,167.1,626.4,62.2,fdi
2026-02-17 05:00:00,5,0.97,65.0,134.8,48.7,60.01,40.0,272.3,19.0,replay
2026-02-17 06:00:00,6,0.0,0.0,0.0,0.0,0.0,0.0,12.6,-999.0,dos
2026-02-17 07:00:00,7,1.39,434.5,1250.0,489.9,59.14,293.2,2081.7,-9.2,unauthorized
2026-02-17 08:00:00,8,0.6,191.1,226.6,83.3,60.36,140.2,468.1,63.9,fdi
2026-02-17 09:00:00,9,0.96,50.0,89.7,34.5,60.01,40.0,176.7,18.0,replay
2026-02-17 10:00:00,10,0.0,0.0,0.0,0.0,0.0,0.0,45.4,-999.0,dos
2026-02-17 11:00:00,11,0.86,420.5,751.1,326.5,62.24,364.4,1452.5,21.6,unauthorized
2026-02-17 12:00:00,12,0.68,256.0,340.4,143.4,59.32,172.1,700.3,57.1,fdi
2026-02-17 13:00:00,13,0.98,50.0,93.1,38.5,60.01,40.0,216.7,20.0,replay
2026-02-17 14:00:00,14,0.0,0.0,0.0,0.0,0.0,0.0,49.7,-999.0,dos
2026-02-17 15:00:00,15,0.63,492.6,581.4,261.4,62.75,264.7,1124.6,-38.2,unauthorized
2026-02-17 16:00:00,16,0.55,264.6,303.1,112.8,60.55,148.3,575.7,57.8,fdi
2026-02-17 17:00:00,17,0.96,60.0,114.2,46.9,59.99,40.0,235.3,20.0,replay
2026-02-17 18:00:00,18,0.0,0.0,0.0,0.0,0.0,0.0,21.0,-999.0,dos
2026-02-17 19:00:00,19,0.94,417.4,736.7,272.4,59.64,263.7,1299.3,46.2,unauthorized
2026-02-17 20:00:00,20,0.61,242.8,293.9,115.0,59.27,135.6,555.8,62.2,fdi
2026-02-17 21:00:00,21,0.98,55.0,100.7,41.8,60.01,40.0,193.6,19.0,replay
2026-02-17 22:00:00,22,0.0,0.0,0.0,0.0,0.0,0.0,30.5,-999.0,dos
2026-02-17 23:00:00,23,0.43,375.6,319.6,140.8,60.0,339.1,849.4,-22.2,unauthorized
2026-02-18 00:00:00,0,0.62,276.1,342.4,120.7,60.48,150.9,655.7,55.9,fdi
2026-02-18 01:00:00,1,0.0,0.0,0.0,0.0,0.0,0.0,25.0,-999.0,replay
2026-02-18 02:00:00,2,0.0,0.0,0.0,0.0,0.0,0.0,26.6,-999.0,dos
2026-02-18 03:00:00,3,0.75,444.1,720.1,314.2,61.71,347.2,1418.6,49.8,unauthorized
2026-02-18 04:00:00,4,0.64,280.4,323.3,121.5,59.46,204.7,695.5,43.5,fdi
2026-02-18 05:00:00,5,0.98,50.0,106.7,46.2,60.01,40.0,227.8,18.0,replay
2026-02-18 06:00:00,6,0.0,0.0,0.0,0.0,0.0,0.0,36.3,-999.0,dos
2026-02-18 07:00:00,7,0.55,471.0,518.8,204.8,60.06,396.6,1135.1,-6.2,unauthorized
2026-02-18 08:00:00,8,1.18,219.5,546.0,217.3,60.51,123.1,933.7,56.2,fdi
2026-02-18 09:00:00,9,0.98,50.0,104.5,40.4,60.01,30.0,193.4,19.0,replay
2026-02-18 10:00:00,10,0.0,0.0,0.0,0.0,0.0,0.0,26.7,-999.0,dos
2026-02-18 11:00:00,11,0.51,470.9,442.1,155.9,58.52,287.3,905.8,30.8,unauthorized
2026-02-18 12:00:00,12,0.69,248.7,318.2,120.3,60.44,190.5,669.8,49.8,fdi
2026-02-18 13:00:00,13,0.96,65.0,123.2,48.7,60.01,30.0,212.5,18.0,replay
2026-02-18 14:00:00,14,0.0,0.0,0.0,0.0,0.0,0.0,14.5,-999.0,dos
2026-02-18 15:00:00,15,1.36,426.4,1052.7,421.1,60.77,303.5,1806.6,-1.2,unauthorized
2026-02-18 16:00:00,16,0.63,227.5,272.1,109.4,60.44,195.3,593.0,48.5,fdi
2026-02-18 17:00:00,17,0.97,65.0,122.2,50.8,59.99,40.0,251.4,19.0,replay
2026-02-18 18:00:00,18,0.0,0.0,0.0,0.0,0.0,0.0,33.1,-999.0,dos
2026-02-18 19:00:00,19,0.48,498.9,463.7,192.4,57.76,260.9,940.2,65.4,unauthorized
2026-02-18 20:00:00,20,1.22,237.5,579.2,236.6,59.38,214.4,1076.9,43.0,fdi
2026-02-18 21:00:00,21,0.98,50.0,105.4,37.1,60.01,35.0,216.8,18.0,replay
2026-02-18 22:00:00,22,0.0,0.0,0.0,0.0,0.0,0.0,27.6,-999.0,dos
2026-02-18 23:00:00,23,1.32,420.5,1026.9,381.4,57.17,353.5,1774.4,17.8,unauthorized
2026-02-19 00:00:00,0,0.64,294.4,368.3,149.7,59.42,121.3,675.3,58.0,fdi
2026-02-19 01:00:00,1,0.97,60.0,104.9,46.4,60.0,40.0,205.8,19.0,replay
2026-02-19 02:00:00,2,0.0,0.0,0.0,0.0,0.0,0.0,24.9,-999.0,dos
2026-02-19 03:00:00,3,0.99,416.4,851.6,359.8,57.21,297.9,1547.3,57.3,unauthorized
2026-02-19 04:00:00,4,1.2,296.4,688.7,280.9,59.37,121.0,1103.6,45.2,fdi
2026-02-19 05:00:00,5,0.95,55.0,94.5,36.5,60.0,35.0,197.2,20.0,replay
2026-02-19 06:00:00,6,0.0,0.0,0.0,0.0,0.0,0.0,14.5,-999.0,dos
2026-02-19 07:00:00,7,0.83,379.4,669.9,244.1,57.17,370.8,1333.7,-37.7,unauthorized
2026-02-19 08:00:00,8,0.57,300.7,308.3,126.2,59.43,170.2,648.5,58.6,fdi
2026-02-19 09:00:00,9,0.97,65.0,116.2,43.1,60.0,40.0,215.2,19.0,replay
2026-02-19 10:00:00,10,0.0,0.0,0.0,0.0,0.0,0.0,37.5,-999.0,dos
2026-02-19 11:00:00,11,1.16,494.7,1090.0,404.9,57.69,297.2,1835.1,57.2,unauthorized
2026-02-19 12:00:00,12,0.6,235.8,255.0,103.6,60.52,197.3,574.5,62.1,fdi
2026-02-19 13:00:00,13,0.96,65.0,123.6,43.4,59.99,40.0,239.2,20.0,replay
2026-02-19 14:00:00,14,0.0,0.0,0.0,0.0,0.0,0.0,39.5,-999.0,dos
2026-02-19 15:00:00,15,0.47,367.5,338.2,137.1,60.58,291.2,789.7,-30.4,unauthorized
2026-02-19 16:00:00,16,0.61,285.7,360.2,139.6,59.42,175.3,722.9,42.3,fdi
2026-02-19 17:00:00,17,0.95,60.0,118.1,47.9,60.0,30.0,231.0,20.0,replay
2026-02-19 18:00:00,18,0.0,0.0,0.0,0.0,0.0,0.0,41.6,-999.0,dos
2026-02-19 19:00:00,19,0.96,357.1,736.1,298.8,57.25,287.6,1353.8,42.8,unauthorized
2026-02-19 20:00:00,20,1.17,286.5,617.4,263.6,59.36,185.9,1101.6,63.0,fdi
2026-02-19 21:00:00,21,0.97,60.0,125.0,49.8,60.01,40.0,237.1,20.0,replay
2026-02-19 22:00:00,22,0.0,0.0,0.0,0.0,0.0,0.0,32.6,-999.0,dos
2026-02-19 23:00:00,23,1.4,413.8,1233.3,487.7,59.09,356.5,2116.3,3.7,unauthorized
2026-02-20 00:00:00,0,0.68,209.6,280.6,99.0,60.36,217.6,623.1,47.9,fdi
2026-02-20 01:00:00,1,0.98,55.0,99.4,43.1,60.01,35.0,227.5,20.0,replay
2026-02-20 02:00:00,2,0.0,0.0,0.0,0.0,0.0,0.0,47.7,-999.0,dos
2026-02-20 03:00:00,3,0.7,437.2,637.0,234.3,62.67,371.8,1286.1,49.0,unauthorized
2026-02-20 04:00:00,4,0.61,300.1,392.0,165.4,60.43,130.7,718.9,57.2,fdi
2026-02-20 05:00:00,5,0.95,50.0,94.4,36.2,60.0,40.0,210.8,19.0,replay
2026-02-20 06:00:00,6,0.0,0.0,0.0,0.0,0.0,0.0,26.0,-999.0,dos
2026-02-20 07:00:00,7,0.63,441.8,575.4,230.9,59.6,260.7,1111.9,18.5,unauthorized
2026-02-20 08:00:00,8,1.34,232.9,577.6,219.0,59.48,152.4,964.8,58.5,fdi
2026-02-20 09:00:00,9,0.95,50.0,95.5,38.6,60.0,40.0,202.6,19.0,replay
2026-02-20 10:00:00,10,0.0,0.0,0.0,0.0,0.0,0.0,34.1,-999.0,dos
2026-02-20 11:00:00,11,1.34,479.3,1383.8,538.7,62.33,320.2,2291.1,38.9,unauthorized
2026-02-20 12:00:00,12,0.67,313.1,443.2,179.6,60.51,172.1,831.3,48.2,fdi
2026-02-20 13:00:00,13,0.95,60.0,116.2,41.0,60.01,35.0,209.0,19.0,replay
2026-02-20 14:00:00,14,0.0,0.0,0.0,0.0,0.0,0.0,30.3,-999.0,dos
2026-02-20 15:00:00,15,1.23,467.7,1186.9,452.2,58.11,345.1,2020.5,58.2,unauthorized
2026-02-20 16:00:00,16,1.2,258.0,617.7,233.3,60.58,153.4,1035.7,47.0,fdi
2026-02-20 17:00:00,17,0.95,50.0,86.1,36.8,59.99,35.0,192.7,18.0,replay
2026-02-20 18:00:00,18,0.0,0.0,0.0,0.0,0.0,0.0,33.6,-999.0,dos
2026-02-20 19:00:00,19,0.41,357.2,301.9,119.5,58.15,275.1,746.2,-18.3,unauthorized
2026-02-20 20:00:00,20,1.35,296.4,751.6,325.3,60.44,204.3,1312.7,53.1,fdi
2026-02-20 21:00:00,21,0.96,50.0,94.9,38.9,60.01,40.0,202.9,20.0,replay
2026-02-20 22:00:00,22,0.0,0.0,0.0,0.0,0.0,0.0,30.0,-999.0,dos
2026-02-20 23:00:00,23,1.19,437.5,1022.4,360.3,62.45,391.3,1797.2,-32.3,unauthorized
2026-02-21 00:00:00,0,0.69,197.8,296.5,131.3,60.46,173.2,627.1,48.1,fdi
2026-02-21 01:00:00,1,0.98,60.0,108.2,46.0,60.0,30.0,203.1,19.0,replay
2026-02-21 02:00:00,2,0.0,0.0,0.0,0.0,0.0,0.0,16.2,-999.0,dos
2026-02-21 03:00:00,3,0.74,369.0,546.5,198.9,59.49,252.2,1017.1,60.9,unauthorized
2026-02-21 04:00:00,4,1.2,254.8,578.6,249.2,59.34,191.7,1059.9,62.2,fdi
2026-02-21 05:00:00,5,0.97,50.0,97.1,40.7,60.01,40.0,213.1,18.0,replay
2026-02-21 06:00:00,6,0.0,0.0,0.0,0.0,0.0,0.0,21.9,-999.0,dos
2026-02-21 07:00:00,7,0.55,393.4,419.4,176.9,58.86,328.3,948.0,39.6,unauthorized
2026-02-21 08:00:00,8,0.55,191.2,226.5,95.9,60.58,192.2,549.0,44.0,fdi
2026-02-21 09:00:00,9,0.96,60.0,116.3,47.0,60.01,30.0,225.9,18.0,replay
2026-02-21 10:00:00,10,0.0,0.0,0.0,0.0,0.0,0.0,45.0,-999.0,dos
2026-02-21 11:00:00,11,1.34,364.8,981.1,416.8,58.59,324.3,1737.7,61.6,unauthorized
2026-02-21 12:00:00,12,0.58,229.2,267.9,96.4,60.37,190.8,597.3,50.5,fdi
2026-02-21 13:00:00,13,0.97,50.0,104.5,43.0,59.99,35.0,209.6,20.0,replay
2026-02-21 14:00:00,14,0.0,0.0,0.0,0.0,0.0,0.0,40.2,-999.0,dos
2026-02-21 15:00:00,15,0.74,471.5,725.7,282.0,61.17,364.9,1391.1,12.9,unauthorized
2026-02-21 16:00:00,16,0.6,244.5,268.8,120.9,59.39,204.3,634.1,59.5,fdi
2026-02-21 17:00:00,17,0.95,55.0,98.8,42.7,59.99,40.0,203.4,19.0,replay
2026-02-21 18:00:00,18,0.0,0.0,0.0,0.0,0.0,0.0,33.4,-999.0,dos
2026-02-21 19:00:00,19,1.14,378.3,781.5,278.9,57.68,332.0,1434.5,45.1,unauthorized
2026-02-21 20:00:00,20,1.27,242.0,615.4,250.1,59.5,128.0,1029.7,59.9,fdi
2026-02-21 21:00:00,21,0.95,65.0,118.6,48.4,59.99,30.0,222.0,20.0,replay
2026-02-21 22:00:00,22,0.0,0.0,0.0,0.0,0.0,0.0,46.5,-999.0,dos
2026-02-21 23:00:00,23,0.86,432.4,779.4,302.2,62.69,399.8,1491.7,-11.8,unauthorized
2026-02-22 00:00:00,0,0.98,65.0,119.3,51.8,59.99,40.0,221.5,19.0,fdi
2026-02-22 01:00:00,1,0.95,55.0,105.2,38.9,60.01,35.0,209.5,18.0,replay
2026-02-22 02:00:00,2,0.0,0.0,0.0,0.0,0.0,0.0,40.2,-999.0,dos
2026-02-22 03:00:00,3,0.87,360.6,628.1,277.9,60.59,289.7,1227.6,23.3,unauthorized
2026-02-22 04:00:00,4,1.34,288.8,823.9,303.9,60.55,163.2,1329.1,61.1,fdi
2026-02-22 05:00:00,5,0.95,65.0,128.4,47.0,60.0,35.0,226.3,18.0,replay
2026-02-22 06:00:00,6,0.0,0.0,0.0,0.0,0.0,0.0,38.6,-999.0,dos
2026-02-22 07:00:00,7,1.37,352.1,898.9,385.9,60.61,334.4,1664.7,-23.8,unauthorized
2026-02-22 08:00:00,8,1.22,190.2,425.0,176.9,59.49,150.5,780.3,64.8,fdi
2026-02-22 09:00:00,9,0.96,65.0,135.4,59.7,60.0,30.0,255.6,19.0,replay
2026-02-22 10:00:00,10,0.0,0.0,0.0,0.0,0.0,0.0,37.6,-999.0,dos
2026-02-22 11:00:00,11,0.61,487.7,566.0,204.1,61.89,396.8,1181.5,65.6,unauthorized
2026-02-22 12:00:00,12,0.69,305.9,408.7,163.5,59.2,138.6,722.5,44.3,fdi
2026-02-22 13:00:00,13,0.96,65.0,126.9,47.1,59.99,35.0,221.9,18.0,replay
2026-02-22 14:00:00,14,0.0,0.0,0.0,0.0,0.0,0.0,13.8,-999.0,dos
2026-02-22 15:00:00,15,1.38,431.8,1082.4,442.4,62.7,276.9,1814.2,-36.9,unauthorized
2026-02-22 16:00:00,16,1.21,295.2,674.4,253.2,60.34,184.2,1141.5,48.3,fdi
2026-02-22 17:00:00,17,0.98,60.0,116.7,51.2,60.01,30.0,211.7,19.0,replay
2026-02-22 18:00:00,18,0.0,0.0,0.0,0.0,0.0,0.0,13.1,-999.0,dos
2026-02-22 19:00:00,19,0.76,476.7,767.5,271.2,59.51,316.1,1388.6,36.1,unauthorized
2026-02-22 20:00:00,20,1.22,245.7,595.7,265.3,60.29,134.6,1010.2,42.8,fdi
2026-02-22 21:00:00,21,0.96,55.0,100.3,41.5,60.01,35.0,197.8,19.0,replay
2026-02-22 22:00:00,22,0.0,0.0,0.0,0.0,0.0,0.0,45.3,-999.0,dos
2026-02-22 23:00:00,23,0.98,387.3,751.6,326.4,60.97,356.5,1464.1,-38.7,unauthorized
2026-02-23 00:00:00,0,0.58,208.9,228.9,83.7,59.32,191.3,552.1,45.6,fdi
2026-02-23 01:00:00,1,0.97,50.0,105.6,45.5,59.99,30.0,198.3,18.0,replay
2026-02-23 02:00:00,2,0.0,0.0,0.0,0.0,0.0,0.0,41.6,-999.0,dos
2026-02-23 03:00:00,3,0.53,460.8,486.3,186.9,59.38,289.4,982.3,5.1,unauthorized
2026-02-23 04:00:00,4,1.3,203.9,531.4,196.9,60.48,197.4,965.1,60.7,fdi
2026-02-23 05:00:00,5,0.98,50.0,107.5,46.9,59.99,40.0,231.8,20.0,replay
2026-02-23 06:00:00,6,0.0,0.0,0.0,0.0,0.0,0.0,17.6,-999.0,dos
2026-02-23 07:00:00,7,0.47,408.4,392.5,171.6,61.45,308.0,884.0,-0.4,unauthorized
2026-02-23 08:00:00,8,1.29,194.8,453.9,178.7,59.3,139.9,783.3,63.5,fdi
2026-02-23 09:00:00,9,0.95,65.0,120.4,50.3,60.01,35.0,247.0,20.0,replay
2026-02-23 10:00:00,10,0.0,0.0,0.0,0.0,0.0,0.0,18.0,-999.0,dos
2026-02-23 11:00:00,11,0.56,387.4,474.1,175.2,58.35,327.9,1012.9,27.5,unauthorized
2026-02-23 12:00:00,12,0.59,216.8,242.8,102.1,60.36,194.5,580.7,43.1,fdi
2026-02-23 13:00:00,13,0.95,60.0,112.3,44.1,60.0,40.0,212.0,19.0,replay
2026-02-23 14:00:00,14,0.0,0.0,0.0,0.0,0.0,0.0,29.1,-999.0,dos
2026-02-23 15:00:00,15,1.12,361.2,804.2,314.6,62.49,253.1,1392.2,75.5,unauthorized
2026-02-23 16:00:00,16,0.97,55.0,114.1,44.8,59.99,30.0,221.0,20.0,fdi
2026-02-23 17:00:00,17,0.98,60.0,124.2,46.1,59.99,30.0,239.0,20.0,replay
2026-02-23 18:00:00,18,0.0,0.0,0.0,0.0,0.0,0.0,16.9,-999.0,dos
2026-02-23 19:00:00,19,0.63,199.7,252.6,88.8,60.48,162.2,543.0,45.4,unauthorized
2026-02-23 20:00:00,20,0.68,198.6,263.1,106.7,59.47,146.1,548.8,45.7,fdi
2026-02-23 21:00:00,21,0.98,65.0,126.6,54.2,59.99,40.0,260.7,20.0,replay
2026-02-23 22:00:00,22,0.0,0.0,0.0,0.0,0.0,0.0,10.7,-999.0,dos
2026-02-23 23:00:00,23,1.04,351.4,695.2,291.1,57.2,377.8,1405.8,42.1,unauthorized
2026-02-24 00:00:00,0,1.34,228.3,582.2,217.9,60.42,196.8,1046.6,47.1,fdi
2026-02-24 01:00:00,1,0.95,50.0,99.3,41.3,60.0,40.0,219.9,20.0,replay
2026-02-24 02:00:00,2,0.0,0.0,0.0,0.0,0.0,0.0,11.8,-999.0,dos
2026-02-24 03:00:00,3,0.67,421.5,582.8,235.1,61.94,290.7,1139.1,-17.8,unauthorized
2026-02-24 04:00:00,4,1.23,194.9,441.4,183.6,59.21,163.2,824.1,43.2,fdi
2026-02-24 05:00:00,5,0.95,50.0,96.6,34.2,60.0,30.0,190.3,18.0,replay
2026-02-24 06:00:00,6,0.0,0.0,0.0,0.0,0.0,0.0,47.4,-999.0,dos
2026-02-24 07:00:00,7,0.54,385.5,397.1,156.0,61.66,395.7,971.0,16.0,unauthorized
2026-02-24 08:00:00,8,0.55,216.3,257.2,109.7,59.21,128.3,506.1,48.7,fdi
2026-02-24 09:00:00,9,0.96,65.0,133.9,53.2,59.99,30.0,266.8,19.0,replay
2026-02-24 10:00:00,10,0.0,0.0,0.0,0.0,0.0,0.0,33.0,-999.0,dos
2026-02-24 11:00:00,11,0.76,351.8,582.6,206.8,58.5,357.8,1163.5,32.4,unauthorized
2026-02-24 12:00:00,12,1.17,319.5,793.5,342.4,59.34,202.3,1351.6,57.7,fdi
2026-02-24 13:00:00,13,0.95,55.0,105.1,44.5,59.99,30.0,223.1,19.0,replay
2026-02-24 14:00:00,14,0.0,0.0,0.0,0.0,0.0,0.0,29.3,-999.0,dos
2026-02-24 15:00:00,15,0.55,410.0,498.2,210.7,59.2,333.9,1078.6,39.9,unauthorized
2026-02-24 16:00:00,16,1.21,287.6,661.5,264.3,60.5,178.0,1130.5,46.0,fdi
2026-02-24 17:00:00,17,0.98,55.0,109.2,48.7,60.01,30.0,206.6,19.0,replay
2026-02-24 18:00:00,18,0.0,0.0,0.0,0.0,0.0,0.0,21.2,-999.0,dos
2026-02-24 19:00:00,19,0.95,382.3,764.5,328.3,58.2,398.6,1540.1,56.2,unauthorized
2026-02-24 20:00:00,20,1.32,284.0,727.6,324.8,60.42,161.1,1259.9,63.4,fdi
2026-02-24 21:00:00,21,0.96,65.0,131.1,52.1,59.99,30.0,229.2,19.0,replay
2026-02-24 22:00:00,22,0.0,0.0,0.0,0.0,0.0,0.0,24.7,-999.0,dos
2026-02-24 23:00:00,23,0.7,431.5,575.8,234.9,57.12,328.3,1174.8,36.4,unauthorized
2026-02-25 00:00:00,0,0.6,259.5,330.9,136.3,59.51,215.3,695.8,50.9,fdi
2026-02-25 01:00:00,1,0.96,50.0,94.6,34.4,60.0,30.0,205.5,20.0,replay
2026-02-25 02:00:00,2,0.0,0.0,0.0,0.0,0.0,0.0,47.1,-999.0,dos
2026-02-25 03:00:00,3,0.75,469.6,750.4,322.1,59.66,297.8,1419.4,46.8,unauthorized
2026-02-25 04:00:00,4,0.7,180.0,240.7,92.3,60.51,180.0,545.7,46.1,fdi
2026-02-25 05:00:00,5,0.97,60.0,109.1,43.5,60.0,30.0,225.8,20.0,replay
2026-02-25 06:00:00,6,0.0,0.0,0.0,0.0,0.0,0.0,24.2,-999.0,dos
2026-02-25 07:00:00,7,0.71,486.5,664.1,234.7,62.22,333.7,1275.1,-1.0,unauthorized
2026-02-25 08:00:00,8,1.24,294.6,718.1,266.9,60.55,209.8,1219.8,63.8,fdi
2026-02-25 09:00:00,9,0.95,65.0,134.2,51.2,60.01,40.0,273.0,20.0,replay
2026-02-25 10:00:00,10,0.0,0.0,0.0,0.0,0.0,0.0,40.5,-999.0,dos
2026-02-25 11:00:00,11,1.0,423.5,855.4,336.1,57.19,343.7,1583.8,10.0,unauthorized
2026-02-25 12:00:00,12,0.71,262.8,378.7,140.2,60.26,190.2,729.9,48.4,fdi
2026-02-25 13:00:00,13,0.97,65.0,137.7,51.1,60.01,30.0,241.2,18.0,replay
2026-02-25 14:00:00,14,0.0,0.0,0.0,0.0,0.0,0.0,30.8,-999.0,dos
2026-02-25 15:00:00,15,0.41,394.9,316.5,111.6,60.74,320.4,784.2,-26.0,unauthorized
2026-02-25 16:00:00,16,0.67,245.2,349.1,154.1,59.25,154.1,688.8,46.3,fdi
2026-02-25 17:00:00,17,0.97,50.0,96.1,36.0,60.01,40.0,217.1,20.0,replay
2026-02-25 18:00:00,18,0.0,0.0,0.0,0.0,0.0,0.0,42.7,-999.0,dos
2026-02-25 19:00:00,19,0.59,363.0,441.4,180.0,59.02,269.4,911.1,22.8,unauthorized
2026-02-25 20:00:00,20,1.22,280.7,624.8,225.4,59.35,121.7,1007.9,56.2,fdi
2026-02-25 21:00:00,21,0.98,65.0,139.3,54.5,60.0,40.0,254.4,19.0,replay
2026-02-25 22:00:00,22,0.0,0.0,0.0,0.0,0.0,0.0,31.3,-999.0,dos
2026-02-25 23:00:00,23,0.89,411.2,737.0,307.7,58.27,322.4,1402.4,0.9,unauthorized
2026-02-26 00:00:00,0,0.6,183.4,237.8,106.0,59.29,186.9,541.1,59.2,fdi
2026-02-26 01:00:00,1,0.98,60.0,126.1,46.0,60.01,40.0,255.6,20.0,replay
2026-02-26 02:00:00,2,0.72,212.5,282.3,117.1,59.36,123.9,556.1,42.3,dos
2026-02-26 03:00:00,3,0.43,420.4,383.4,164.3,62.55,309.6,888.1,35.0,unauthorized
2026-02-26 04:00:00,4,1.33,213.6,536.6,200.2,60.27,199.6,982.4,51.6,fdi
2026-02-26 05:00:00,5,0.98,50.0,95.9,42.3,59.99,35.0,188.2,20.0,replay
2026-02-26 06:00:00,6,0.0,0.0,0.0,0.0,0.0,0.0,29.9,-999.0,dos
2026-02-26 07:00:00,7,0.92,371.0,622.5,265.3,60.08,286.4,1201.2,-17.9,unauthorized
2026-02-26 08:00:00,8,0.67,245.9,350.1,153.2,60.38,184.0,704.1,53.4,fdi
2026-02-26 09:00:00,9,0.96,50.0,104.2,44.0,60.0,35.0,223.7,18.0,replay
2026-02-26 10:00:00,10,0.0,0.0,0.0,0.0,0.0,0.0,30.9,-999.0,dos
2026-02-26 11:00:00,11,0.71,398.2,524.4,185.0,57.96,280.8,1025.4,54.6,unauthorized
2026-02-26 12:00:00,12,1.17,259.9,615.1,220.9,59.47,182.3,1055.4,49.2,fdi
2026-02-26 13:00:00,13,0.98,50.0,98.9,41.6,60.0,35.0,217.1,18.0,replay
2026-02-26 14:00:00,14,0.0,0.0,0.0,0.0,0.0,0.0,30.5,-999.0,dos
2026-02-26 15:00:00,15,1.26,421.1,1026.0,444.4,61.8,337.1,1828.5,52.8,unauthorized
2026-02-26 16:00:00,16,1.25,224.5,613.3,215.9,60.59,136.0,1003.2,60.1,fdi
2026-02-26 17:00:00,17,0.95,65.0,111.4,45.6,60.01,35.0,222.1,18.0,replay
2026-02-26 18:00:00,18,0.0,0.0,0.0,0.0,0.0,0.0,37.3,-999.0,dos
2026-02-26 19:00:00,19,1.07,491.4,1029.1,392.1,61.94,256.3,1705.6,16.5,unauthorized
2026-02-26 20:00:00,20,1.35,192.4,503.5,197.9,59.37,182.4,910.1,61.1,fdi
2026-02-26 21:00:00,21,0.95,55.0,96.3,37.8,60.0,30.0,178.1,18.0,replay
2026-02-26 22:00:00,22,0.0,0.0,0.0,0.0,0.0,0.0,30.9,-999.0,dos
2026-02-26 23:00:00,23,0.61,294.9,377.1,162.4,59.39,135.4,696.1,47.8,unauthorized
2026-02-27 00:00:00,0,1.29,180.5,447.8,197.6,60.25,184.5,847.6,51.6,fdi
2026-02-27 01:00:00,1,0.98,60.0,124.4,48.8,60.01,30.0,245.3,20.0,replay
2026-02-27 02:00:00,2,0.0,0.0,0.0,0.0,0.0,0.0,41.5,-999.0,dos
2026-02-27 03:00:00,3,0.46,471.9,443.6,171.0,58.8,332.6,970.5,-5.2,unauthorized
2026-02-27 04:00:00,4,1.33,319.8,932.6,368.9,59.3,160.2,1505.0,59.0,fdi
2026-02-27 05:00:00,5,0.98,65.0,127.2,51.3,60.01,35.0,231.5,19.0,replay
2026-02-27 06:00:00,6,0.0,0.0,0.0,0.0,0.0,0.0,28.8,-999.0,dos
2026-02-27 07:00:00,7,1.02,447.9,934.3,332.4,61.62,273.5,1581.3,49.0,unauthorized
2026-02-27 08:00:00,8,1.24,228.5,572.6,210.9,60.53,132.5,931.2,64.3,fdi
2026-02-27 09:00:00,9,0.97,55.0,113.0,40.1,60.01,30.0,227.3,19.0,replay
2026-02-27 10:00:00,10,0.0,0.0,0.0,0.0,0.0,0.0,23.9,-999.0,dos
2026-02-27 11:00:00,11,0.95,50.0,94.9,40.9,60.0,40.0,204.7,18.0,unauthorized
2026-02-27 12:00:00,12,0.61,236.0,292.5,114.1,60.47,148.7,591.1,64.3,fdi
2026-02-27 13:00:00,13,0.96,60.0,107.8,47.0,60.01,40.0,227.3,19.0,replay
2026-02-27 14:00:00,14,0.0,0.0,0.0,0.0,0.0,0.0,21.8,-999.0,dos
2026-02-27 15:00:00,15,0.95,407.4,742.2,295.4,57.94,346.4,1423.8,24.4,unauthorized
2026-02-27 16:00:00,16,1.22,284.5,763.1,318.3,59.33,149.7,1280.7,62.5,fdi
2026-02-27 17:00:00,17,0.98,65.0,126.3,48.5,59.99,40.0,252.6,19.0,replay
2026-02-27 18:00:00,18,0.0,0.0,0.0,0.0,0.0,0.0,48.9,-999.0,dos
2026-02-27 19:00:00,19,1.12,409.1,955.1,425.3,61.06,321.4,1745.1,79.3,unauthorized
2026-02-27 20:00:00,20,0.63,215.3,271.7,121.6,60.26,172.4,612.2,53.6,fdi
2026-02-27 21:00:00,21,0.97,65.0,114.8,45.2,59.99,30.0,224.9,20.0,replay
2026-02-27 22:00:00,22,0.0,0.0,0.0,0.0,0.0,0.0,18.3,-999.0,dos
2026-02-27 23:00:00,23,1.31,399.0,1097.5,411.8,59.99,393.8,1929.7,48.2,unauthorized
2026-02-28 00:00:00,0,0.57,297.0,357.2,146.5,59.39,134.1,676.2,42.6,fdi
2026-02-28 01:00:00,1,0.96,65.0,119.8,42.3,60.01,30.0,203.6,19.0,replay
2026-02-28 02:00:00,2,0.0,0.0,0.0,0.0,0.0,0.0,22.7,-999.0,dos
2026-02-28 03:00:00,3,0.83,417.9,642.6,260.7,60.08,357.0,1283.3,-7.2,unauthorized
2026-02-28 04:00:00,4,0.63,266.8,350.5,153.3,59.46,190.6,721.6,54.3,fdi
2026-02-28 05:00:00,5,0.96,60.0,124.2,43.9,59.99,35.0,243.0,20.0,replay
2026-02-28 06:00:00,6,0.0,0.0,0.0,0.0,0.0,0.0,12.2,-999.0,dos
2026-02-28 07:00:00,7,0.83,399.6,609.3,250.6,57.54,334.4,1233.8,17.5,unauthorized
2026-02-28 08:00:00,8,0.62,313.4,380.8,155.2,59.3,135.9,705.3,52.0,fdi
2026-02-28 09:00:00,9,0.98,60.0,106.3,43.3,59.99,35.0,208.0,19.0,replay
2026-02-28 10:00:00,10,0.49,384.7,372.8,165.1,57.28,355.8,927.2,62.0,dos
2026-02-28 11:00:00,11,1.25,394.5,1076.3,473.8,59.13,385.9,1951.1,68.1,unauthorized
2026-02-28 12:00:00,12,1.35,246.1,716.1,308.1,59.39,152.2,1192.0,43.7,fdi
2026-02-28 13:00:00,13,0.97,50.0,96.9,34.1,59.99,35.0,189.4,18.0,replay
2026-02-28 14:00:00,14,0.0,0.0,0.0,0.0,0.0,0.0,12.3,-999.0,dos
2026-02-28 15:00:00,15,0.61,492.3,591.3,263.9,59.01,298.8,1165.0,70.8,unauthorized
2026-02-28 16:00:00,16,0.7,215.9,285.4,125.9,59.41,200.1,658.8,51.1,fdi
2026-02-28 17:00:00,17,0.96,60.0,118.7,51.5,60.01,40.0,241.3,20.0,replay
2026-02-28 18:00:00,18,0.0,0.0,0.0,0.0,0.0,0.0,32.2,-999.0,dos
2026-02-28 19:00:00,19,0.62,405.2,528.0,224.5,59.18,393.9,1167.0,13.3,unauthorized
2026-02-28 20:00:00,20,0.63,312.3,432.8,180.9,60.28,209.1,870.3,61.5,fdi
2026-02-28 21:00:00,21,0.97,50.0,105.4,41.5,59.99,30.0,208.4,20.0,replay
2026-02-28 22:00:00,22,0.0,0.0,0.0,0.0,0.0,0.0,28.8,-999.0,dos
2026-02-28 23:00:00,23,1.28,416.7,1013.9,426.3,60.53,270.9,1725.1,-39.6,unauthorized
2026-03-01 00:00:00,0,1.19,205.4,458.7,173.6,60.52,207.5,868.9,56.1,fdi
2026-03-01 01:00:00,1,0.97,65.0,116.1,45.1,60.01,30.0,210.3,18.0,replay
2026-03-01 02:00:00,2,0.0,0.0,0.0,0.0,0.0,0.0,49.7,-999.0,dos
2026-03-01 03:00:00,3,0.53,383.7,367.5,156.0,61.87,381.8,920.6,-31.4,unauthorized
2026-03-01 04:00:00,4,1.16,216.9,526.2,189.1,60.38,203.3,954.9,49.5,fdi
2026-03-01 05:00:00,5,0.95,55.0,114.4,40.5,60.01,35.0,211.2,18.0,replay
2026-03-01 06:00:00,6,0.0,0.0,0.0,0.0,0.0,0.0,19.7,-999.0,dos
2026-03-01 07:00:00,7,0.63,426.4,524.4,207.4,62.33,354.1,1103.0,7.4,unauthorized
2026-03-01 08:00:00,8,1.32,285.9,753.0,280.5,59.33,141.0,1192.3,59.9,fdi
2026-03-01 09:00:00,9,0.98,50.0,88.6,38.4,60.01,30.0,173.9,20.0,replay
2026-03-01 10:00:00,10,0.0,0.0,0.0,0.0,0.0,0.0,38.9,-999.0,dos
2026-03-01 11:00:00,11,1.12,392.7,883.1,313.1,61.51,254.6,1468.2,-6.0,unauthorized
2026-03-01 12:00:00,12,0.68,215.3,275.0,123.7,60.48,131.8,560.3,63.8,fdi
2026-03-01 13:00:00,13,0.97,65.0,130.3,56.1,59.99,35.0,238.0,19.0,replay
2026-03-01 14:00:00,14,0.0,0.0,0.0,0.0,0.0,0.0,22.5,-999.0,dos
2026-03-01 15:00:00,15,0.72,404.1,626.0,273.1,61.02,344.9,1274.4,-12.1,unauthorized
2026-03-01 16:00:00,16,1.29,274.0,736.0,305.1,60.49,145.2,1212.7,42.4,fdi
2026-03-01 17:00:00,17,0.97,55.0,97.9,37.1,59.99,40.0,199.9,20.0,replay
2026-03-01 18:00:00,18,0.0,0.0,0.0,0.0,0.0,0.0,35.8,-999.0,dos
2026-03-01 19:00:00,19,0.52,475.0,511.8,189.4,61.23,336.6,1065.0,66.8,unauthorized
2026-03-01 20:00:00,20,1.34,198.0,568.4,228.7,59.38,122.6,938.8,63.3,fdi
2026-03-01 21:00:00,21,0.97,50.0,102.8,36.4,60.0,35.0,206.8,19.0,replay
2026-03-01 22:00:00,22,0.0,0.0,0.0,0.0,0.0,0.0,11.5,-999.0,dos
2026-03-01 23:00:00,23,1.2,428.4,1063.7,444.1,60.3,264.6,1821.6,-24.1,unauthorized
2026-03-02 00:00:00,0,1.32,194.6,515.5,209.1,60.35,130.5,881.5,59.6,fdi
2026-03-02 01:00:00,1,0.98,50.0,107.2,37.9,60.0,35.0,220.3,20.0,replay
2026-03-02 02:00:00,2,0.0,0.0,0.0,0.0,0.0,0.0,12.6,-999.0,dos
2026-03-02 03:00:00,3,0.99,392.1,779.4,280.6,62.46,295.6,1403.0,14.0,unauthorized
2026-03-02 04:00:00,4,1.23,264.0,689.6,246.9,59.44,125.5,1106.2,48.5,fdi
2026-03-02 05:00:00,5,0.96,60.0,105.2,39.1,60.01,30.0,189.4,18.0,replay
2026-03-02 06:00:00,6,0.0,0.0,0.0,0.0,0.0,0.0,33.6,-999.0,dos
2026-03-02 07:00:00,7,1.06,441.3,996.1,371.5,59.47,321.1,1698.9,9.7,unauthorized
2026-03-02 08:00:00,8,1.33,300.3,761.6,321.2,60.29,169.5,1286.1,56.0,fdi
2026-03-02 09:00:00,9,0.98,65.0,135.9,53.3,60.0,30.0,252.3,19.0,replay
2026-03-02 10:00:00,10,0.0,0.0,0.0,0.0,0.0,0.0,24.9,-999.0,dos
2026-03-02 11:00:00,11,1.18,415.0,882.8,310.8,58.15,385.7,1614.1,-16.2,unauthorized
2026-03-02 12:00:00,12,1.21,227.5,607.6,223.1,59.22,212.9,1084.5,47.1,fdi
2026-03-02 13:00:00,13,0.98,50.0,96.1,40.4,59.99,40.0,208.8,18.0,replay
2026-03-02 14:00:00,14,0.0,0.0,0.0,0.0,0.0,0.0,30.9,-999.0,dos
2026-03-02 15:00:00,15,0.75,483.7,752.3,278.0,58.0,272.4,1328.3,29.2,unauthorized
2026-03-02 16:00:00,16,1.28,283.6,738.2,309.5,60.58,193.7,1275.1,52.5,fdi
2026-03-02 17:00:00,17,0.95,55.0,94.9,41.5,60.01,40.0,213.6,20.0,replay
2026-03-02 18:00:00,18,0.0,0.0,0.0,0.0,0.0,0.0,44.0,-999.0,dos
2026-03-02 19:00:00,19,1.27,403.9,1039.4,419.2,62.56,354.8,1829.0,-9.1,unauthorized
2026-03-02 20:00:00,20,1.16,312.8,727.9,303.9,59.51,187.6,1267.8,50.2,fdi
2026-03-02 21:00:00,21,0.96,50.0,104.3,40.6,59.99,35.0,228.0,18.0,replay
2026-03-02 22:00:00,22,0.0,0.0,0.0,0.0,0.0,0.0,46.3,-999.0,dos
2026-03-02 23:00:00,23,0.86,435.0,675.9,255.0,57.9,320.4,1261.4,59.7,unauthorized
2026-03-03 00:00:00,0,0.69,312.3,434.8,182.4,59.29,212.4,876.6,59.8,fdi
2026-03-03 01:00:00,1,0.96,60.0,112.6,44.0,60.0,30.0,203.2,18.0,replay
2026-03-03 02:00:00,2,0.0,0.0,0.0,0.0,0.0,0.0,36.2,-999.0,dos
2026-03-03 03:00:00,3,1.39,402.0,1164.6,495.5,60.6,390.6,2064.2,-20.0,unauthorized
2026-03-03 04:00:00,4,0.56,192.8,204.3,90.1,60.37,170.9,490.0,54.2,fdi
2026-03-03 05:00:00,5,0.96,60.0,120.8,44.9,60.01,40.0,218.2,18.0,replay
2026-03-03 06:00:00,6,0.0,0.0,0.0,0.0,0.0,0.0,30.3,-999.0,dos
2026-03-03 07:00:00,7,0.84,420.5,733.1,311.0,61.62,265.8,1349.3,52.3,unauthorized
2026-03-03 08:00:00,8,1.26,314.1,722.3,256.1,59.2,126.0,1128.5,64.8,fdi
2026-03-03 09:00:00,9,0.97,60.0,117.2,44.4,60.0,40.0,237.8,20.0,replay
2026-03-03 10:00:00,10,0.0,0.0,0.0,0.0,0.0,0.0,11.2,-999.0,dos
2026-03-03 11:00:00,11,0.97,481.5,922.3,391.6,62.57,329.3,1661.4,50.5,unauthorized
2026-03-03 12:00:00,12,0.55,281.1,328.1,124.3,59.34,164.8,640.2,61.6,fdi
2026-03-03 13:00:00,13,0.96,60.0,124.4,52.1,60.0,35.0,261.0,19.0,replay
2026-03-03 14:00:00,14,0.0,0.0,0.0,0.0,0.0,0.0,18.6,-999.0,dos
2026-03-03 15:00:00,15,0.42,450.6,405.5,142.8,59.82,302.0,884.8,63.5,unauthorized
2026-03-03 16:00:00,16,1.32,223.4,559.0,213.8,59.26,186.3,1002.4,57.5,fdi
2026-03-03 17:00:00,17,0.98,55.0,101.9,36.3,60.01,35.0,208.2,20.0,replay
2026-03-03 18:00:00,18,0.0,0.0,0.0,0.0,0.0,0.0,18.4,-999.0,dos
2026-03-03 19:00:00,19,0.96,439.0,789.4,302.0,59.23,292.0,1401.3,-7.2,unauthorized
2026-03-03 20:00:00,20,0.62,225.6,291.1,126.2,60.44,211.9,653.2,57.8,fdi
2026-03-03 21:00:00,21,0.98,50.0,94.6,37.7,60.01,40.0,220.0,18.0,replay
2026-03-03 22:00:00,22,0.0,0.0,0.0,0.0,0.0,0.0,34.3,-999.0,dos
2026-03-03 23:00:00,23,1.3,487.3,1239.2,451.2,61.66,284.2,2013.1,-37.0,unauthorized
2026-03-04 00:00:00,0,1.32,214.8,516.8,201.6,60.48,162.9,922.0,52.1,fdi
2026-03-04 01:00:00,1,0.98,60.0,125.6,44.1,60.01,35.0,240.2,18.0,replay
2026-03-04 02:00:00,2,0.0,0.0,0.0,0.0,0.0,0.0,36.3,-999.0,dos
2026-03-04 03:00:00,3,0.96,354.7,703.1,247.4,59.77,319.4,1300.0,25.3,unauthorized
2026-03-04 04:00:00,4,1.28,211.9,554.5,247.9,60.59,154.8,1006.6,50.0,fdi
2026-03-04 05:00:00,5,0.97,60.0,105.3,40.8,59.99,35.0,227.0,18.0,replay
2026-03-04 06:00:00,6,0.0,0.0,0.0,0.0,0.0,0.0,22.1,-999.0,dos
2026-03-04 07:00:00,7,0.84,459.0,836.2,314.8,62.37,351.1,1518.1,-15.5,unauthorized
2026-03-04 08:00:00,8,0.57,199.4,239.0,89.9,60.35,180.4,529.1,60.8,fdi
2026-03-04 09:00:00,9,0.96,50.0,98.2,34.8,60.01,35.0,202.6,20.0,replay
2026-03-04 10:00:00,10,0.0,0.0,0.0,0.0,0.0,0.0,29.0,-999.0,dos
2026-03-04 11:00:00,11,1.25,388.1,955.2,367.5,58.84,375.1,1712.6,-2.9,unauthorized
2026-03-04 12:00:00,12,0.66,219.5,307.2,130.1,60.58,218.8,678.0,52.9,fdi
2026-03-04 13:00:00,13,0.97,65.0,128.7,50.9,60.0,35.0,238.8,20.0,replay
2026-03-04 14:00:00,14,0.0,0.0,0.0,0.0,0.0,0.0,33.2,-999.0,dos
2026-03-04 15:00:00,15,0.45,491.8,469.0,165.4,58.88,316.4,994.1,-26.2,unauthorized
2026-03-04 16:00:00,16,0.67,203.1,268.5,104.7,59.31,137.8,527.7,61.8,fdi
2026-03-04 17:00:00,17,0.98,60.0,128.1,46.7,59.99,30.0,221.9,20.0,replay
2026-03-04 18:00:00,18,0.0,0.0,0.0,0.0,0.0,0.0,10.2,-999.0,dos
2026-03-04 19:00:00,19,1.0,469.9,984.6,402.7,57.8,266.6,1694.7,70.7,unauthorized
2026-03-04 20:00:00,20,0.61,214.2,284.8,126.3,59.35,218.1,648.9,50.0,fdi
2026-03-04 21:00:00,21,0.96,65.0,134.4,56.5,60.0,35.0,270.6,19.0,replay
2026-03-04 22:00:00,22,0.0,0.0,0.0,0.0,0.0,0.0,25.2,-999.0,dos
2026-03-04 23:00:00,23,0.95,50.0,104.3,40.8,60.0,30.0,185.5,19.0,unauthorized
2026-03-05 00:00:00,0,0.65,290.3,383.2,139.8,60.52,188.8,739.9,49.4,fdi
2026-03-05 01:00:00,1,0.96,60.0,108.1,44.1,59.99,30.0,212.5,19.0,replay
2026-03-05 02:00:00,2,0.0,0.0,0.0,0.0,0.0,0.0,26.7,-999.0,dos
2026-03-05 03:00:00,3,0.5,412.4,432.6,174.3,58.83,388.8,1033.9,5.1,unauthorized
2026-03-05 04:00:00,4,0.64,296.4,377.6,139.4,60.29,187.4,739.5,42.2,fdi
2026-03-05 05:00:00,5,0.96,50.0,103.4,40.6,60.0,30.0,197.3,19.0,replay
2026-03-05 06:00:00,6,0.0,0.0,0.0,0.0,0.0,0.0,14.7,-999.0,dos
2026-03-05 07:00:00,7,1.36,445.0,1272.6,495.4,60.33,355.8,2166.8,10.1,unauthorized
2026-03-05 08:00:00,8,1.25,240.3,610.3,222.3,59.33,143.1,1007.9,52.8,fdi
2026-03-05 09:00:00,9,0.98,50.0,101.6,38.2,60.01,40.0,215.6,18.0,replay
2026-03-05 10:00:00,10,0.0,0.0,0.0,0.0,0.0,0.0,43.2,-999.0,dos
2026-03-05 11:00:00,11,1.22,431.0,1113.9,453.9,58.34,311.1,1893.5,78.6,unauthorized
2026-03-05 12:00:00,12,1.16,255.9,648.7,273.9,59.44,145.0,1105.2,55.2,fdi
2026-03-05 13:00:00,13,0.95,65.0,124.7,44.3,59.99,35.0,229.9,18.0,replay
2026-03-05 14:00:00,14,0.0,0.0,0.0,0.0,0.0,0.0,22.3,-999.0,dos
2026-03-05 15:00:00,15,1.08,401.1,804.8,309.0,60.26,376.1,1513.3,66.0,unauthorized
2026-03-05 16:00:00,16,0.7,233.4,338.2,147.3,59.42,157.6,680.5,45.2,fdi
2026-03-05 17:00:00,17,0.47,435.6,413.5,173.3,61.54,266.6,902.2,60.6,replay
2026-03-05 18:00:00,18,0.0,0.0,0.0,0.0,0.0,0.0,15.0,-999.0,dos
2026-03-05 19:00:00,19,1.25,485.9,1297.2,469.8,60.04,339.1,2148.5,45.0,unauthorized
2026-03-05 20:00:00,20,1.23,251.3,648.4,279.6,59.39,215.3,1180.5,46.1,fdi
2026-03-05 21:00:00,21,0.97,50.0,96.8,37.0,60.01,40.0,197.2,18.0,replay
2026-03-05 22:00:00,22,0.0,0.0,0.0,0.0,0.0,0.0,13.4,-999.0,dos
2026-03-05 23:00:00,23,0.51,401.6,435.7,175.2,60.56,278.2,928.0,66.6,unauthorized
2026-03-06 00:00:00,0,1.33,197.9,526.9,185.6,59.4,150.6,887.3,53.4,fdi
2026-03-06 01:00:00,1,0.96,60.0,123.6,49.7,59.99,35.0,239.4,20.0,replay
2026-03-06 02:00:00,2,0.0,0.0,0.0,0.0,0.0,0.0,29.2,-999.0,dos
2026-03-06 03:00:00,3,1.16,389.9,980.0,355.7,57.91,355.1,1713.6,-9.1,unauthorized
2026-03-06 04:00:00,4,0.7,269.0,404.3,175.1,59.24,128.8,750.1,61.3,fdi
2026-03-06 05:00:00,5,0.96,65.0,122.3,51.3,59.99,35.0,230.3,19.0,replay
2026-03-06 06:00:00,6,0.0,0.0,0.0,0.0,0.0,0.0,41.6,-999.0,dos
2026-03-06 07:00:00,7,0.97,418.8,828.5,313.3,58.66,319.6,1474.6,14.0,unauthorized
2026-03-06 08:00:00,8,0.55,299.9,353.6,141.6,59.47,203.6,744.2,44.8,fdi
2026-03-06 09:00:00,9,0.96,60.0,113.0,39.7,59.99,40.0,235.3,19.0,replay
2026-03-06 10:00:00,10,0.0,0.0,0.0,0.0,0.0,0.0,13.0,-999.0,dos
2026-03-06 11:00:00,11,1.29,441.3,1092.5,476.1,62.7,399.8,2018.4,4.6,unauthorized
2026-03-06 12:00:00,12,0.68,229.7,303.5,110.6,59.49,188.8,622.3,42.5,fdi
2026-03-06 13:00:00,13,0.96,55.0,97.5,39.8,60.01,35.0,196.8,20.0,replay
2026-03-06 14:00:00,14,0.0,0.0,0.0,0.0,0.0,0.0,17.9,-999.0,dos
2026-03-06 15:00:00,15,0.68,471.9,637.1,269.7,57.71,363.4,1287.2,-28.2,unauthorized
2026-03-06 16:00:00,16,0.7,186.3,263.7,104.6,60.29,138.0,555.7,64.3,fdi
2026-03-06 17:00:00,17,0.97,60.0,126.9,57.0,60.01,35.0,243.9,18.0,replay
2026-03-06 18:00:00,18,0.0,0.0,0.0,0.0,0.0,0.0,14.7,-999.0,dos
2026-03-06 19:00:00,19,0.81,380.9,585.7,223.2,59.42,261.4,1085.2,43.4,unauthorized
2026-03-06 20:00:00,20,1.26,259.7,604.8,254.6,60.32,194.5,1072.2,44.9,fdi
2026-03-06 21:00:00,21,0.95,55.0,107.1,44.4,60.0,40.0,230.0,18.0,replay
2026-03-06 22:00:00,22,0.0,0.0,0.0,0.0,0.0,0.0,27.5,-999.0,dos
2026-03-06 23:00:00,23,1.38,472.1,1240.7,448.4,57.99,250.8,1971.4,-34.9,unauthorized
2026-03-07 00:00:00,0,0.59,235.9,277.3,116.3,59.48,203.9,612.0,62.9,fdi
2026-03-07 01:00:00,1,0.97,65.0,120.0,42.6,59.99,30.0,203.0,20.0,replay
2026-03-07 02:00:00,2,0.0,0.0,0.0,0.0,0.0,0.0,14.4,-999.0,dos
2026-03-07 03:00:00,3,0.62,498.0,663.1,277.0,58.84,269.1,1231.0,25.5,unauthorized
2026-03-07 04:00:00,4,0.67,273.3,378.7,163.5,59.5,177.9,730.4,51.9,fdi
2026-03-07 05:00:00,5,0.97,60.0,106.3,44.4,59.99,30.0,230.6,20.0,replay
2026-03-07 06:00:00,6,0.0,0.0,0.0,0.0,0.0,0.0,21.1,-999.0,dos
2026-03-07 07:00:00,7,1.3,436.7,1177.6,526.0,60.16,274.1,1999.7,45.9,unauthorized
2026-03-07 08:00:00,8,1.26,294.3,682.1,268.1,60.37,197.3,1181.0,55.1,fdi
2026-03-07 09:00:00,9,0.97,50.0,93.9,41.6,60.0,30.0,182.1,20.0,replay
2026-03-07 10:00:00,10,0.0,0.0,0.0,0.0,0.0,0.0,42.0,-999.0,dos
2026-03-07 11:00:00,11,1.32,430.0,1042.5,382.9,57.6,338.3,1774.1,53.4,unauthorized
2026-03-07 12:00:00,12,0.66,317.5,461.6,174.8,60.57,201.4,883.4,49.2,fdi
2026-03-07 13:00:00,13,0.96,65.0,122.5,49.8,59.99,35.0,249.0,18.0,replay
2026-03-07 14:00:00,14,0.0,0.0,0.0,0.0,0.0,0.0,43.1,-999.0,dos
2026-03-07 15:00:00,15,0.88,437.7,804.8,338.1,62.93,340.3,1521.9,54.3,unauthorized
2026-03-07 16:00:00,16,1.24,184.7,426.1,154.2,60.3,208.6,826.9,48.3,fdi
2026-03-07 17:00:00,17,0.52,477.4,509.8,209.0,62.75,393.8,1136.6,13.0,replay
2026-03-07 18:00:00,18,0.0,0.0,0.0,0.0,0.0,0.0,41.8,-999.0,dos
2026-03-07 19:00:00,19,0.86,422.1,750.1,302.1,60.36,372.7,1438.7,43.0,unauthorized
2026-03-07 20:00:00,20,0.72,282.3,424.1,185.9,60.29,161.5,806.1,61.7,fdi
2026-03-07 21:00:00,21,0.97,60.0,124.4,53.8,60.0,40.0,237.4,20.0,replay
2026-03-07 22:00:00,22,0.0,0.0,0.0,0.0,0.0,0.0,21.8,-999.0,dos
2026-03-07 23:00:00,23,0.4,353.2,289.2,103.5,59.8,285.8,694.9,42.8,unauthorized
2026-03-08 00:00:00,0,1.31,238.2,591.0,257.6,60.42,129.1,1024.7,45.0,fdi
2026-03-08 01:00:00,1,0.98,60.0,109.5,45.8,60.0,35.0,201.1,18.0,replay
2026-03-08 02:00:00,2,0.0,0.0,0.0,0.0,0.0,0.0,43.8,-999.0,dos
2026-03-08 03:00:00,3,0.49,455.7,412.5,168.7,59.16,256.8,883.9,-21.1,unauthorized
2026-03-08 04:00:00,4,0.62,266.6,323.1,140.3,60.34,187.9,678.6,62.1,fdi
2026-03-08 05:00:00,5,0.95,50.0,98.1,35.8,60.0,30.0,178.1,18.0,replay
2026-03-08 06:00:00,6,0.0,0.0,0.0,0.0,0.0,0.0,27.2,-999.0,dos
2026-03-08 07:00:00,7,1.12,411.8,988.1,415.8,57.11,255.1,1685.2,42.2,unauthorized
2026-03-08 08:00:00,8,0.72,256.9,385.0,138.0,60.44,209.2,746.5,57.6,fdi
2026-03-08 09:00:00,9,0.96,55.0,97.5,43.2,60.0,40.0,223.5,20.0,replay
2026-03-08 10:00:00,10,0.0,0.0,0.0,0.0,0.0,0.0,20.5,-999.0,dos
2026-03-08 11:00:00,11,0.66,486.5,669.0,288.1,62.49,299.3,1278.3,44.7,unauthorized
2026-03-08 12:00:00,12,0.55,232.7,281.7,104.7,59.29,215.8,614.2,42.7,fdi
2026-03-08 13:00:00,13,0.98,60.0,110.5,45.8,60.01,40.0,224.6,19.0,replay
2026-03-08 14:00:00,14,0.0,0.0,0.0,0.0,0.0,0.0,34.4,-999.0,dos
2026-03-08 15:00:00,15,1.39,451.8,1264.9,556.5,58.39,266.2,2126.7,36.9,unauthorized
2026-03-08 16:00:00,16,1.23,211.7,482.1,177.9,60.45,141.2,812.4,46.8,fdi
2026-03-08 17:00:00,17,0.97,55.0,116.8,41.7,60.01,40.0,225.2,18.0,replay
2026-03-08 18:00:00,18,0.0,0.0,0.0,0.0,0.0,0.0,46.8,-999.0,dos
2026-03-08 19:00:00,19,1.06,416.2,893.4,343.7,61.03,254.9,1510.0,30.3,unauthorized
2026-03-08 20:00:00,20,1.16,241.7,542.9,230.2,60.51,183.4,1001.0,59.8,fdi
2026-03-08 21:00:00,21,0.97,55.0,103.5,37.5,60.0,35.0,187.1,20.0,replay
2026-03-08 22:00:00,22,0.0,0.0,0.0,0.0,0.0,0.0,37.5,-999.0,dos
2026-03-08 23:00:00,23,1.25,415.6,1128.7,474.8,62.81,393.1,2042.5,52.8,unauthorized
2026-03-09 00:00:00,0,1.3,239.4,579.8,222.3,59.51,150.0,982.7,60.9,fdi
2026-03-09 01:00:00,1,0.97,50.0,99.2,37.4,59.99,30.0,187.6,19.0,replay
2026-03-09 02:00:00,2,0.0,0.0,0.0,0.0,0.0,0.0,23.9,-999.0,dos
2026-03-09 03:00:00,3,1.01,365.4,761.7,279.9,62.11,340.2,1410.8,75.3,unauthorized
2026-03-09 04:00:00,4,1.15,198.1,472.7,193.6,60.4,168.7,856.8,45.2,fdi
2026-03-09 05:00:00,5,1.18,475.8,1068.3,459.7,60.5,310.5,1873.0,73.6,replay
2026-03-09 06:00:00,6,0.0,0.0,0.0,0.0,0.0,0.0,27.9,-999.0,dos
2026-03-09 07:00:00,7,0.5,361.3,341.4,134.0,59.09,342.2,843.2,60.5,unauthorized
2026-03-09 08:00:00,8,0.64,298.5,417.2,172.7,59.41,163.7,796.4,60.9,fdi
2026-03-09 09:00:00,9,0.95,60.0,124.1,50.7,60.0,35.0,232.2,19.0,replay
2026-03-09 10:00:00,10,0.0,0.0,0.0,0.0,0.0,0.0,16.5,-999.0,dos
2026-03-09 11:00:00,11,1.08,397.3,783.8,275.3,61.76,269.6,1374.6,51.5,unauthorized
2026-03-09 12:00:00,12,1.2,266.4,630.1,251.5,59.55,218.3,1137.3,56.6,fdi
2026-03-09 13:00:00,13,0.95,55.0,103.8,37.4,60.01,40.0,204.6,18.0,replay
2026-03-09 14:00:00,14,0.0,0.0,0.0,0.0,0.0,0.0,28.7,-999.0,dos
2026-03-09 15:00:00,15,1.25,403.3,921.3,325.5,58.38,276.4,1557.3,-1.3,unauthorized
2026-03-09 16:00:00,16,0.68,185.5,271.3,108.8,59.23,187.4,580.7,45.1,fdi
2026-03-09 17:00:00,17,0.97,65.0,133.1,56.9,59.99,30.0,251.5,20.0,replay
2026-03-09 18:00:00,18,0.0,0.0,0.0,0.0,0.0,0.0,22.6,-999.0,dos
2026-03-09 19:00:00,19,0.93,473.5,813.3,347.8,62.89,311.7,1497.6,51.6,unauthorized
2026-03-09 20:00:00,20,1.27,196.7,483.4,188.1,59.23,213.0,924.1,58.3,fdi
2026-03-09 21:00:00,21,0.97,65.0,138.5,51.4,59.99,40.0,256.6,19.0,replay
2026-03-09 22:00:00,22,0.0,0.0,0.0,0.0,0.0,0.0,40.6,-999.0,dos
2026-03-09 23:00:00,23,0.48,351.7,336.6,126.4,59.56,311.6,820.2,78.6,unauthorized
2026-03-10 00:00:00,0,0.57,233.6,286.3,108.0,59.41,154.5,579.0,56.4,fdi
2026-03-10 01:00:00,1,0.98,50.0,101.5,39.1,60.0,35.0,198.2,19.0,replay
2026-03-10 02:00:00,2,0.0,0.0,0.0,0.0,0.0,0.0,26.8,-999.0,dos
2026-03-10 03:00:00,3,0.41,495.5,411.7,152.4,59.59,395.4,1001.1,-23.2,unauthorized
2026-03-10 04:00:00,4,1.33,207.2,534.9,192.9,59.54,208.2,953.5,64.0,fdi
2026-03-10 05:00:00,5,0.97,60.0,112.9,49.1,59.99,30.0,239.8,18.0,replay
2026-03-10 06:00:00,6,0.0,0.0,0.0,0.0,0.0,0.0,36.0,-999.0,dos
2026-03-10 07:00:00,7,0.41,357.8,293.0,130.5,62.5,386.3,839.7,-12.9,unauthorized
2026-03-10 08:00:00,8,1.31,246.8,591.2,236.3,59.35,145.2,988.6,49.5,fdi
2026-03-10 09:00:00,9,0.95,50.0,101.6,45.2,59.99,40.0,219.6,18.0,replay
2026-03-10 10:00:00,10,0.0,0.0,0.0,0.0,0.0,0.0,44.7,-999.0,dos
2026-03-10 11:00:00,11,1.09,443.7,923.6,374.2,57.09,362.2,1688.1,-29.0,unauthorized
2026-03-10 12:00:00,12,0.98,65.0,138.6,57.7,60.0,35.0,276.2,20.0,fdi
2026-03-10 13:00:00,13,0.95,65.0,124.4,46.4,59.99,30.0,240.5,18.0,replay
2026-03-10 14:00:00,14,0.0,0.0,0.0,0.0,0.0,0.0,20.8,-999.0,dos
2026-03-10 15:00:00,15,0.47,356.5,346.8,151.9,58.3,395.7,912.9,77.5,unauthorized
2026-03-10 16:00:00,16,1.17,195.7,452.0,165.0,59.47,156.7,802.4,64.5,fdi
2026-03-10 17:00:00,17,0.95,55.0,99.6,41.3,60.0,30.0,220.4,20.0,replay
2026-03-10 18:00:00,18,0.0,0.0,0.0,0.0,0.0,0.0,32.5,-999.0,dos
2026-03-10 19:00:00,19,1.35,422.5,1221.1,502.4,58.99,277.2,2047.3,-10.7,unauthorized
2026-03-10 20:00:00,20,1.15,251.1,610.7,214.7,59.44,150.8,1018.9,62.2,fdi
2026-03-10 21:00:00,21,0.98,65.0,133.3,58.2,60.01,30.0,270.3,20.0,replay
2026-03-10 22:00:00,22,0.0,0.0,0.0,0.0,0.0,0.0,35.7,-999.0,dos
2026-03-10 23:00:00,23,0.83,439.2,724.2,268.8,59.09,299.0,1310.1,50.8,unauthorized
2026-03-11 00:00:00,0,0.64,236.1,296.8,115.3,60.27,165.5,588.2,60.3,fdi
2026-03-11 01:00:00,1,0.97,65.0,115.1,42.9,60.01,40.0,239.7,19.0,replay
2026-03-11 02:00:00,2,0.0,0.0,0.0,0.0,0.0,0.0,23.4,-999.0,dos
2026-03-11 03:00:00,3,0.47,498.8,505.2,217.6,60.93,331.3,1064.8,51.9,unauthorized
2026-03-11 04:00:00,4,0.61,317.5,375.9,168.8,59.53,140.1,701.2,61.9,fdi
2026-03-11 05:00:00,5,0.97,60.0,106.4,46.5,60.01,40.0,228.3,18.0,replay
2026-03-11 06:00:00,6,0.0,0.0,0.0,0.0,0.0,0.0,28.6,-999.0,dos
2026-03-11 07:00:00,7,0.67,487.3,620.9,237.9,61.97,397.1,1304.0,-1.1,unauthorized
2026-03-11 08:00:00,8,0.62,235.5,314.0,130.8,60.44,204.9,684.4,43.1,fdi
2026-03-11 09:00:00,9,0.96,55.0,107.8,45.1,60.01,30.0,218.6,18.0,replay
2026-03-11 10:00:00,10,0.0,0.0,0.0,0.0,0.0,0.0,15.4,-999.0,dos
2026-03-11 11:00:00,11,1.06,442.0,1010.7,413.0,60.19,352.4,1817.3,36.5,unauthorized
2026-03-11 12:00:00,12,0.7,234.0,304.8,136.2,59.45,126.0,609.4,55.4,fdi
2026-03-11 13:00:00,13,0.97,65.0,122.8,44.2,59.99,30.0,229.9,18.0,replay
2026-03-11 14:00:00,14,0.0,0.0,0.0,0.0,0.0,0.0,13.4,-999.0,dos
2026-03-11 15:00:00,15,1.24,486.0,1215.4,506.5,57.43,345.2,2086.4,42.1,unauthorized
2026-03-11 16:00:00,16,1.17,267.6,662.7,275.0,60.35,167.4,1133.8,59.8,fdi
2026-03-11 17:00:00,17,0.98,65.0,130.0,57.2,60.01,30.0,261.8,20.0,replay
2026-03-11 18:00:00,18,0.0,0.0,0.0,0.0,0.0,0.0,11.4,-999.0,dos
2026-03-11 19:00:00,19,0.68,486.4,614.8,253.9,60.9,262.3,1170.4,-23.8,unauthorized
2026-03-11 20:00:00,20,0.58,223.4,273.5,109.1,60.38,211.5,605.2,55.2,fdi
2026-03-11 21:00:00,21,0.98,60.0,122.8,52.9,60.0,35.0,237.2,19.0,replay
2026-03-11 22:00:00,22,0.0,0.0,0.0,0.0,0.0,0.0,37.1,-999.0,dos
2026-03-11 23:00:00,23,1.39,401.8,1161.8,513.2,59.47,274.8,1975.7,-15.5,unauthorized
2026-03-12 00:00:00,0,1.24,220.7,579.9,218.4,60.51,120.8,953.3,54.4,fdi
2026-03-12 01:00:00,1,0.98,60.0,125.5,53.4,60.0,35.0,236.8,19.0,replay
2026-03-12 02:00:00,2,0.0,0.0,0.0,0.0,0.0,0.0,13.8,-999.0,dos
2026-03-12 03:00:00,3,0.45,400.5,379.6,142.2,61.52,294.2,855.1,51.6,unauthorized
2026-03-12 04:00:00,4,1.19,253.0,594.4,243.2,59.42,137.3,1014.2,57.7,fdi
2026-03-12 05:00:00,5,0.95,50.0,88.4,38.3,60.01,30.0,204.1,20.0,replay
2026-03-12 06:00:00,6,0.0,0.0,0.0,0.0,0.0,0.0,20.4,-999.0,dos
2026-03-12 07:00:00,7,1.12,371.1,825.4,316.0,62.26,277.1,1434.8,55.7,unauthorized
2026-03-12 08:00:00,8,0.64,197.1,231.3,93.9,60.28,194.4,533.0,58.4,fdi
2026-03-12 09:00:00,9,0.98,50.0,102.6,37.1,60.0,40.0,198.6,20.0,replay
2026-03-12 10:00:00,10,0.0,0.0,0.0,0.0,0.0,0.0,25.7,-999.0,dos
2026-03-12 11:00:00,11,1.08,494.6,1169.9,419.2,62.59,335.5,1934.9,48.1,unauthorized
2026-03-12 12:00:00,12,0.68,231.4,284.3,102.7,59.38,129.5,558.9,49.4,fdi
2026-03-12 13:00:00,13,0.97,60.0,120.4,50.2,60.0,30.0,237.3,18.0,replay
2026-03-12 14:00:00,14,0.0,0.0,0.0,0.0,0.0,0.0,39.2,-999.0,dos
2026-03-12 15:00:00,15,0.94,415.0,752.8,275.6,58.66,396.2,1467.5,-8.9,unauthorized
2026-03-12 16:00:00,16,0.69,228.0,296.0,107.9,60.32,193.3,611.9,56.1,fdi
2026-03-12 17:00:00,17,0.97,65.0,133.6,47.3,60.0,30.0,260.3,18.0,replay
2026-03-12 18:00:00,18,0.0,0.0,0.0,0.0,0.0,0.0,21.7,-999.0,dos
2026-03-12 19:00:00,19,1.19,493.3,1171.2,488.9,59.48,392.9,2080.3,58.9,unauthorized
2026-03-12 20:00:00,20,1.29,187.4,481.4,197.2,59.49,143.7,843.8,49.4,fdi
2026-03-12 21:00:00,21,0.97,65.0,138.6,51.0,60.0,30.0,268.9,18.0,replay
2026-03-12 22:00:00,22,0.0,0.0,0.0,0.0,0.0,0.0,26.6,-999.0,dos
2026-03-12 23:00:00,23,0.61,393.7,449.2,192.8,62.13,399.9,1075.9,-1.8,unauthorized
2026-03-13 00:00:00,0,0.56,267.5,329.1,130.3,60.44,141.3,631.6,57.8,fdi
2026-03-13 01:00:00,1,0.97,50.0,105.9,38.7,59.99,40.0,213.7,18.0,replay
2026-03-13 02:00:00,2,0.0,0.0,0.0,0.0,0.0,0.0,42.1,-999.0,dos
2026-03-13 03:00:00,3,0.53,402.0,391.0,162.4,59.03,334.8,932.3,-5.0,unauthorized
2026-03-13 04:00:00,4,0.68,199.6,290.4,114.0,59.34,193.0,609.9,54.2,fdi
2026-03-13 05:00:00,5,0.95,55.0,107.1,44.6,59.99,40.0,223.5,18.0,replay
2026-03-13 06:00:00,6,0.0,0.0,0.0,0.0,0.0,0.0,42.2,-999.0,dos
2026-03-13 07:00:00,7,0.89,367.1,711.6,304.8,57.5,300.9,1353.7,-2.7,unauthorized
2026-03-13 08:00:00,8,1.35,232.5,564.6,247.6,60.42,207.4,1040.4,62.4,fdi
2026-03-13 09:00:00,9,0.98,50.0,99.5,42.9,59.99,30.0,213.8,18.0,replay
2026-03-13 10:00:00,10,0.0,0.0,0.0,0.0,0.0,0.0,48.7,-999.0,dos
2026-03-13 11:00:00,11,0.52,477.4,449.4,180.1,60.0,308.1,982.5,33.6,unauthorized
2026-03-13 12:00:00,12,1.34,240.0,680.8,269.1,60.4,171.9,1164.5,56.5,fdi
2026-03-13 13:00:00,13,0.96,60.0,105.0,38.5,60.01,40.0,204.9,18.0,replay
2026-03-13 14:00:00,14,0.0,0.0,0.0,0.0,0.0,0.0,10.7,-999.0,dos
2026-03-13 15:00:00,15,0.67,396.5,483.9,190.9,60.17,282.4,1001.1,66.1,unauthorized
2026-03-13 16:00:00,16,1.23,278.9,620.1,218.8,59.51,154.2,1036.1,65.0,fdi
2026-03-13 17:00:00,17,0.96,55.0,107.0,47.9,59.99,40.0,240.2,19.0,replay
2026-03-13 18:00:00,18,0.0,0.0,0.0,0.0,0.0,0.0,44.7,-999.0,dos
2026-03-13 19:00:00,19,1.03,458.0,907.1,401.0,57.97,344.9,1669.9,-33.7,unauthorized
2026-03-13 20:00:00,20,1.32,190.7,531.6,214.9,60.56,131.8,921.7,49.1,fdi
2026-03-13 21:00:00,21,0.95,65.0,128.3,56.0,60.0,35.0,243.9,20.0,replay
2026-03-13 22:00:00,22,0.0,0.0,0.0,0.0,0.0,0.0,10.7,-999.0,dos
2026-03-13 23:00:00,23,0.77,351.5,503.8,185.4,61.13,397.1,1118.9,75.9,unauthorized
2026-03-14 00:00:00,0,0.58,314.3,399.9,163.2,59.5,174.0,781.8,51.5,fdi
2026-03-14 01:00:00,1,0.96,65.0,123.1,46.2,60.01,40.0,254.7,19.0,replay
2026-03-14 02:00:00,2,0.0,0.0,0.0,0.0,0.0,0.0,20.4,-999.0,dos
2026-03-14 03:00:00,3,0.7,398.5,582.6,230.5,58.56,362.9,1208.0,3.9,unauthorized
2026-03-14 04:00:00,4,0.61,209.1,264.2,96.4,59.26,203.4,611.0,45.5,fdi
2026-03-14 05:00:00,5,0.97,55.0,108.6,41.0,60.01,35.0,195.8,20.0,replay
2026-03-14 06:00:00,6,0.0,0.0,0.0,0.0,0.0,0.0,41.9,-999.0,dos
2026-03-14 07:00:00,7,0.59,496.1,596.8,263.5,59.17,340.2,1237.5,33.2,unauthorized
2026-03-14 08:00:00,8,0.58,256.2,317.8,141.2,59.42,201.7,681.6,57.0,fdi
2026-03-14 09:00:00,9,0.98,55.0,97.1,37.3,59.99,35.0,218.2,18.0,replay
2026-03-14 10:00:00,10,0.0,0.0,0.0,0.0,0.0,0.0,17.7,-999.0,dos
2026-03-14 11:00:00,11,0.57,365.9,379.9,145.5,62.44,399.6,953.5,-20.3,unauthorized
2026-03-14 12:00:00,12,1.19,288.4,750.9,275.9,59.42,158.7,1204.5,62.9,fdi
2026-03-14 13:00:00,13,0.97,55.0,108.1,40.0,60.0,35.0,219.3,18.0,replay
2026-03-14 14:00:00,14,0.0,0.0,0.0,0.0,0.0,0.0,15.9,-999.0,dos
2026-03-14 15:00:00,15,1.31,425.2,1091.7,483.1,59.17,275.6,1894.3,64.0,unauthorized
2026-03-14 16:00:00,16,0.55,216.9,227.8,90.3,59.44,155.3,502.3,60.6,fdi
2026-03-14 17:00:00,17,0.98,55.0,108.0,39.5,59.99,40.0,212.4,19.0,replay
2026-03-14 18:00:00,18,0.0,0.0,0.0,0.0,0.0,0.0,42.7,-999.0,dos
2026-03-14 19:00:00,19,0.83,362.4,576.0,238.6,57.61,320.5,1173.3,23.6,unauthorized
2026-03-14 20:00:00,20,0.58,256.2,305.0,123.9,59.39,210.8,676.1,43.3,fdi
2026-03-14 21:00:00,21,0.95,65.0,129.3,55.0,60.0,35.0,246.1,18.0,replay
2026-03-14 22:00:00,22,0.0,0.0,0.0,0.0,0.0,0.0,13.7,-999.0,dos
2026-03-14 23:00:00,23,0.51,378.1,420.5,187.3,60.03,377.4,1033.6,-11.7,unauthorized
2026-03-15 00:00:00,0,1.16,259.6,586.0,216.0,59.5,219.6,1031.8,53.7,fdi
2026-03-15 01:00:00,1,0.96,60.0,109.0,44.1,60.0,40.0,211.9,19.0,replay
2026-03-15 02:00:00,2,0.0,0.0,0.0,0.0,0.0,0.0,13.4,-999.0,dos
2026-03-15 03:00:00,3,1.24,444.7,1040.3,461.9,57.47,323.0,1865.6,-14.8,unauthorized
2026-03-15 04:00:00,4,1.17,301.9,673.4,256.6,60.39,147.8,1121.8,55.1,fdi
2026-03-15 05:00:00,5,0.96,55.0,109.3,48.4,60.01,30.0,207.2,20.0,replay
2026-03-15 06:00:00,6,0.0,0.0,0.0,0.0,0.0,0.0,48.5,-999.0,dos
2026-03-15 07:00:00,7,0.5,372.2,360.3,132.2,61.21,358.9,884.6,40.9,unauthorized
2026-03-15 08:00:00,8,0.63,227.4,275.6,97.5,60.32,146.6,537.1,44.2,fdi
2026-03-15 09:00:00,9,0.97,60.0,110.5,46.3,60.01,30.0,204.3,20.0,replay
2026-03-15 10:00:00,10,0.0,0.0,0.0,0.0,0.0,0.0,27.3,-999.0,dos
2026-03-15 11:00:00,11,1.37,370.6,1035.7,377.3,59.51,377.5,1836.6,71.9,unauthorized
2026-03-15 12:00:00,12,1.23,242.6,602.2,255.8,59.48,192.0,1077.7,42.5,fdi
2026-03-15 13:00:00,13,0.97,65.0,121.7,45.3,59.99,35.0,250.8,19.0,replay
2026-03-15 14:00:00,14,0.0,0.0,0.0,0.0,0.0,0.0,13.7,-999.0,dos
2026-03-15 15:00:00,15,0.61,430.5,532.5,235.7,62.01,342.4,1157.9,36.1,unauthorized
2026-03-15 16:00:00,16,1.24,206.1,509.9,223.7,59.38,130.3,896.6,46.5,fdi
2026-03-15 17:00:00,17,0.95,60.0,110.5,42.3,60.0,35.0,220.7,18.0,replay
2026-03-15 18:00:00,18,0.0,0.0,0.0,0.0,0.0,0.0,43.3,-999.0,dos
2026-03-15 19:00:00,19,1.08,447.8,1051.6,450.1,57.23,277.5,1826.1,67.2,unauthorized
2026-03-15 20:00:00,20,1.23,187.7,441.8,163.4,59.54,202.4,832.2,54.8,fdi
2026-03-15 21:00:00,21,0.96,50.0,98.8,34.8,59.99,40.0,212.5,18.0,replay
2026-03-15 22:00:00,22,0.0,0.0,0.0,0.0,0.0,0.0,44.9,-999.0,dos
2026-03-15 23:00:00,23,0.66,407.2,548.4,200.9,59.14,305.9,1099.0,-1.8,unauthorized
2026-03-16 00:00:00,0,1.32,214.6,612.0,273.6,60.47,165.8,1086.8,55.0,fdi
2026-03-16 01:00:00,1,0.98,55.0,106.3,42.0,60.01,35.0,205.6,19.0,replay
2026-03-16 02:00:00,2,0.0,0.0,0.0,0.0,0.0,0.0,35.1,-999.0,dos
2026-03-16 03:00:00,3,0.46,399.6,346.7,140.4,58.39,383.3,899.6,-33.4,unauthorized
2026-03-16 04:00:00,4,1.35,272.2,755.6,331.2,60.41,146.7,1250.8,49.9,fdi
2026-03-16 05:00:00,5,0.95,55.0,97.0,42.8,60.01,30.0,198.2,18.0,replay
2026-03-16 06:00:00,6,0.0,0.0,0.0,0.0,0.0,0.0,45.2,-999.0,dos
2026-03-16 07:00:00,7,1.33,383.0,1082.2,416.2,62.02,353.5,1892.9,64.4,unauthorized
2026-03-16 08:00:00,8,1.17,310.9,704.5,301.4,60.43,159.1,1209.2,64.1,fdi
2026-03-16 09:00:00,9,0.97,55.0,104.1,36.5,60.01,30.0,210.9,20.0,replay
2026-03-16 10:00:00,10,0.0,0.0,0.0,0.0,0.0,0.0,28.2,-999.0,dos
2026-03-16 11:00:00,11,1.05,350.5,670.6,282.0,58.52,324.1,1308.5,34.2,unauthorized
2026-03-16 12:00:00,12,1.27,183.8,439.4,173.4,60.51,152.2,777.0,50.0,fdi
2026-03-16 13:00:00,13,0.98,55.0,102.4,39.3,59.99,30.0,200.5,20.0,replay
2026-03-16 14:00:00,14,0.0,0.0,0.0,0.0,0.0,0.0,37.4,-999.0,dos
2026-03-16 15:00:00,15,1.26,454.2,1213.5,545.0,57.05,342.5,2132.3,-28.8,unauthorized
2026-03-16 16:00:00,16,1.24,299.9,723.7,320.4,60.34,164.5,1222.5,58.4,fdi
2026-03-16 17:00:00,17,0.98,60.0,109.7,39.0,60.01,40.0,203.6,18.0,replay
2026-03-16 18:00:00,18,0.0,0.0,0.0,0.0,0.0,0.0,41.9,-999.0,dos
2026-03-16 19:00:00,19,0.99,424.2,765.8,310.1,62.67,362.1,1466.8,47.7,unauthorized
2026-03-16 20:00:00,20,1.2,237.6,613.4,265.7,60.3,205.7,1106.2,54.8,fdi
2026-03-16 21:00:00,21,0.98,55.0,105.5,40.1,60.0,30.0,204.1,18.0,replay
2026-03-16 22:00:00,22,0.0,0.0,0.0,0.0,0.0,0.0,42.0,-999.0,dos
2026-03-16 23:00:00,23,0.7,420.4,558.8,233.5,62.24,257.9,1083.4,66.7,unauthorized
2026-03-17 00:00:00,0,0.57,228.6,254.1,93.7,59.48,141.6,529.9,60.5,fdi
2026-03-17 01:00:00,1,0.98,55.0,110.0,44.6,60.0,30.0,210.8,19.0,replay
2026-03-17 02:00:00,2,0.0,0.0,0.0,0.0,0.0,0.0,28.2,-999.0,dos
2026-03-17 03:00:00,3,1.25,371.8,936.8,401.0,57.18,390.0,1750.5,23.2,unauthorized
2026-03-17 04:00:00,4,0.66,201.5,242.1,107.6,60.32,196.7,563.2,48.8,fdi
2026-03-17 05:00:00,5,1.31,473.2,1141.0,477.3,62.84,258.7,1911.4,-21.3,replay
2026-03-17 06:00:00,6,0.0,0.0,0.0,0.0,0.0,0.0,35.6,-999.0,dos
2026-03-17 07:00:00,7,0.51,486.3,506.8,189.9,58.19,361.5,1080.6,66.2,unauthorized
2026-03-17 08:00:00,8,1.3,318.6,807.2,302.9,59.39,202.7,1327.3,64.8,fdi
2026-03-17 09:00:00,9,0.96,65.0,132.0,55.1,60.01,35.0,256.5,20.0,replay
2026-03-17 10:00:00,10,0.0,0.0,0.0,0.0,0.0,0.0,26.7,-999.0,dos
2026-03-17 11:00:00,11,0.42,490.4,430.8,162.2,62.42,331.5,943.4,29.3,unauthorized
2026-03-17 12:00:00,12,1.24,249.0,617.8,257.9,60.31,155.5,1080.0,49.8,fdi
2026-03-17 13:00:00,13,0.95,55.0,105.5,42.8,60.0,30.0,217.2,18.0,replay
2026-03-17 14:00:00,14,0.0,0.0,0.0,0.0,0.0,0.0,44.1,-999.0,dos
2026-03-17 15:00:00,15,0.58,352.3,388.8,138.9,58.26,327.8,895.3,24.6,unauthorized
2026-03-17 16:00:00,16,0.7,309.6,396.7,174.0,59.42,132.9,732.8,56.3,fdi
2026-03-17 17:00:00,17,0.96,60.0,121.9,44.8,59.99,35.0,234.6,18.0,replay
2026-03-17 18:00:00,18,0.0,0.0,0.0,0.0,0.0,0.0,41.8,-999.0,dos
2026-03-17 19:00:00,19,0.44,464.5,445.1,168.8,58.01,344.7,977.6,-29.7,unauthorized
2026-03-17 20:00:00,20,0.67,283.8,361.6,161.9,60.42,131.0,696.4,54.9,fdi
2026-03-17 21:00:00,21,0.96,60.0,108.0,40.1,60.01,30.0,210.4,18.0,replay
2026-03-17 22:00:00,22,0.0,0.0,0.0,0.0,0.0,0.0,13.4,-999.0,dos
2026-03-17 23:00:00,23,1.15,383.2,966.4,416.3,58.32,392.1,1792.2,74.5,unauthorized
2026-03-18 00:00:00,0,1.21,313.9,811.9,297.5,59.45,138.6,1292.8,62.9,fdi
2026-03-18 01:00:00,1,0.95,60.0,124.0,51.3,60.0,30.0,229.9,18.0,replay
2026-03-18 02:00:00,2,0.0,0.0,0.0,0.0,0.0,0.0,15.2,-999.0,dos
2026-03-18 03:00:00,3,0.98,451.5,962.7,344.3,61.58,297.7,1618.5,-22.5,unauthorized
2026-03-18 04:00:00,4,0.68,311.3,423.4,149.3,60.38,148.2,759.2,61.8,fdi
2026-03-18 05:00:00,5,0.95,65.0,131.0,57.4,60.01,35.0,270.9,20.0,replay
2026-03-18 06:00:00,6,0.0,0.0,0.0,0.0,0.0,0.0,41.6,-999.0,dos
2026-03-18 07:00:00,7,1.4,352.1,928.1,390.6,59.13,292.2,1624.2,-8.5,unauthorized
2026-03-18 08:00:00,8,0.59,215.4,279.0,113.9,59.47,207.6,646.9,61.6,fdi
2026-03-18 09:00:00,9,0.97,50.0,96.5,41.5,60.0,35.0,188.0,20.0,replay
2026-03-18 10:00:00,10,0.0,0.0,0.0,0.0,0.0,0.0,21.7,-999.0,dos
2026-03-18 11:00:00,11,1.21,351.4,805.7,302.9,58.88,276.2,1414.3,30.7,unauthorized
2026-03-18 12:00:00,12,1.19,214.6,507.7,181.5,59.34,179.9,880.4,47.6,fdi
2026-03-18 13:00:00,13,0.96,60.0,126.6,49.3,60.0,40.0,250.8,18.0,replay
2026-03-18 14:00:00,14,0.0,0.0,0.0,0.0,0.0,0.0,28.5,-999.0,dos
2026-03-18 15:00:00,15,0.53,426.8,417.6,175.3,58.67,274.2,895.3,11.2,unauthorized
2026-03-18 16:00:00,16,1.18,261.7,563.8,246.7,59.23,148.6,990.0,62.0,fdi
2026-03-18 17:00:00,17,0.97,50.0,104.5,44.1,59.99,30.0,215.4,19.0,replay
2026-03-18 18:00:00,18,0.0,0.0,0.0,0.0,0.0,0.0,34.7,-999.0,dos
2026-03-18 19:00:00,19,1.18,396.4,856.2,343.8,60.86,382.3,1606.2,8.3,unauthorized
2026-03-18 20:00:00,20,0.63,245.3,320.8,112.7,59.24,145.4,597.1,63.1,fdi
2026-03-18 21:00:00,21,0.96,50.0,100.3,44.1,60.0,35.0,219.8,20.0,replay
2026-03-18 22:00:00,22,0.0,0.0,0.0,0.0,0.0,0.0,20.9,-999.0,dos
2026-03-18 23:00:00,23,0.56,364.7,404.5,162.7,60.13,358.1,955.9,44.2,unauthorized
2026-03-19 00:00:00,0,1.29,261.5,710.6,272.5,60.27,130.9,1139.2,54.1,fdi
2026-03-19 01:00:00,1,0.97,65.0,119.7,43.6,60.01,40.0,235.6,19.0,replay
2026-03-19 02:00:00,2,0.0,0.0,0.0,0.0,0.0,0.0,11.4,-999.0,dos
2026-03-19 03:00:00,3,0.99,403.7,819.1,301.7,62.37,260.5,1418.6,77.6,unauthorized
2026-03-19 04:00:00,4,1.32,201.1,576.3,206.2,60.28,141.1,950.6,47.5,fdi
2026-03-19 05:00:00,5,0.95,65.0,113.3,41.0,59.99,40.0,232.9,20.0,replay
2026-03-19 06:00:00,6,0.0,0.0,0.0,0.0,0.0,0.0,39.7,-999.0,dos
2026-03-19 07:00:00,7,0.76,426.0,661.0,260.8,59.17,367.5,1308.2,77.0,unauthorized
2026-03-19 08:00:00,8,0.67,183.8,252.3,98.3,59.32,194.4,579.4,59.5,fdi
2026-03-19 09:00:00,9,0.96,60.0,123.1,46.3,59.99,35.0,225.7,20.0,replay
2026-03-19 10:00:00,10,0.0,0.0,0.0,0.0,0.0,0.0,10.4,-999.0,dos
2026-03-19 11:00:00,11,0.52,365.4,369.0,161.0,57.46,339.0,895.9,-17.3,unauthorized
2026-03-19 12:00:00,12,1.23,285.1,741.8,327.6,60.28,185.2,1280.2,53.2,fdi
2026-03-19 13:00:00,13,0.95,65.0,134.2,56.8,59.99,35.0,263.8,18.0,replay
2026-03-19 14:00:00,14,0.0,0.0,0.0,0.0,0.0,0.0,32.9,-999.0,dos
2026-03-19 15:00:00,15,1.35,416.4,1146.8,463.3,61.14,336.2,1976.2,-18.8,unauthorized
2026-03-19 16:00:00,16,1.24,264.8,634.5,248.7,60.42,127.8,1044.8,46.4,fdi
2026-03-19 17:00:00,17,0.96,55.0,95.6,34.9,60.01,30.0,195.6,18.0,replay
2026-03-19 18:00:00,18,0.0,0.0,0.0,0.0,0.0,0.0,23.5,-999.0,dos
2026-03-19 19:00:00,19,0.59,486.7,595.8,243.6,57.12,348.0,1206.4,6.1,unauthorized
2026-03-19 20:00:00,20,1.31,236.8,619.4,263.6,59.47,216.6,1144.8,53.8,fdi
2026-03-19 21:00:00,21,0.95,60.0,106.7,41.1,60.0,35.0,230.0,18.0,replay
2026-03-19 22:00:00,22,0.0,0.0,0.0,0.0,0.0,0.0,33.7,-999.0,dos
2026-03-19 23:00:00,23,0.73,434.4,594.8,219.3,58.12,370.1,1212.4,76.7,unauthorized
2026-03-20 00:00:00,0,1.15,255.8,613.3,258.8,59.34,162.0,1066.6,64.3,fdi
2026-03-20 01:00:00,1,0.95,50.0,99.5,37.7,60.01,35.0,194.3,18.0,replay
2026-03-20 02:00:00,2,0.0,0.0,0.0,0.0,0.0,0.0,32.5,-999.0,dos
2026-03-20 03:00:00,3,1.22,366.6,899.7,340.3,61.98,340.4,1603.4,-17.6,unauthorized
2026-03-20 04:00:00,4,1.35,184.4,514.2,217.4,59.33,184.6,953.8,50.2,fdi
2026-03-20 05:00:00,5,0.95,50.0,93.4,36.7,60.01,30.0,188.8,19.0,replay
2026-03-20 06:00:00,6,0.0,0.0,0.0,0.0,0.0,0.0,22.6,-999.0,dos
2026-03-20 07:00:00,7,1.09,435.2,940.1,377.1,59.1,355.8,1708.4,24.5,unauthorized
2026-03-20 08:00:00,8,1.18,201.9,500.2,216.7,59.51,160.9,923.1,45.9,fdi
2026-03-20 09:00:00,9,0.96,60.0,119.2,46.3,59.99,30.0,232.8,20.0,replay
2026-03-20 10:00:00,10,0.0,0.0,0.0,0.0,0.0,0.0,47.8,-999.0,dos
2026-03-20 11:00:00,11,1.22,288.4,756.9,289.1,60.49,201.6,1281.1,63.4,unauthorized
2026-03-20 12:00:00,12,1.17,224.1,519.6,232.3,59.32,176.2,949.9,52.0,fdi
2026-03-20 13:00:00,13,0.97,60.0,115.5,48.6,60.0,35.0,212.7,19.0,replay
2026-03-20 14:00:00,14,0.0,0.0,0.0,0.0,0.0,0.0,19.3,-999.0,dos
2026-03-20 15:00:00,15,0.62,372.0,449.6,168.9,60.44,396.6,1035.7,-11.6,unauthorized
2026-03-20 16:00:00,16,0.56,314.0,324.2,131.8,60.56,209.4,700.5,54.1,fdi
2026-03-20 17:00:00,17,0.98,50.0,107.4,44.5,60.0,40.0,236.9,18.0,replay
2026-03-20 18:00:00,18,0.0,0.0,0.0,0.0,0.0,0.0,37.5,-999.0,dos
2026-03-20 19:00:00,19,0.72,436.3,662.2,270.4,60.56,297.3,1245.8,2.0,unauthorized
2026-03-20 20:00:00,20,0.63,209.2,260.2,108.7,59.51,144.4,530.3,44.2,fdi
2026-03-20 21:00:00,21,0.98,55.0,107.4,46.5,59.99,40.0,236.5,19.0,replay
2026-03-20 22:00:00,22,0.0,0.0,0.0,0.0,0.0,0.0,48.0,-999.0,dos
2026-03-20 23:00:00,23,0.48,414.7,418.2,155.1,61.97,321.0,942.2,59.5,unauthorized
2026-03-21 00:00:00,0,0.6,250.0,283.1,104.4,60.31,155.8,572.8,46.4,fdi
2026-03-21 01:00:00,1,0.95,50.0,88.1,35.9,59.99,40.0,203.5,18.0,replay
2026-03-21 02:00:00,2,0.0,0.0,0.0,0.0,0.0,0.0,49.1,-999.0,dos
2026-03-21 03:00:00,3,1.23,356.0,801.9,298.7,58.42,306.1,1438.1,-18.1,unauthorized
2026-03-21 04:00:00,4,0.56,239.9,288.4,124.2,60.4,163.4,611.5,53.5,fdi
2026-03-21 05:00:00,5,0.97,65.0,130.0,51.2,60.0,30.0,252.2,18.0,replay
2026-03-21 06:00:00,6,0.0,0.0,0.0,0.0,0.0,0.0,12.0,-999.0,dos
2026-03-21 07:00:00,7,0.48,372.3,392.0,172.0,57.13,344.3,934.7,29.9,unauthorized
2026-03-21 08:00:00,8,1.18,199.3,514.1,209.7,60.29,144.1,917.3,49.1,fdi
2026-03-21 09:00:00,9,0.96,60.0,125.5,56.3,60.01,40.0,233.5,20.0,replay
2026-03-21 10:00:00,10,0.0,0.0,0.0,0.0,0.0,0.0,17.5,-999.0,dos
2026-03-21 11:00:00,11,0.53,418.5,436.5,195.7,58.63,302.8,958.1,-28.7,unauthorized
2026-03-21 12:00:00,12,0.71,290.6,454.2,193.9,59.5,127.6,824.2,52.6,fdi
2026-03-21 13:00:00,13,0.96,50.0,102.1,39.2,59.99,30.0,185.1,20.0,replay
2026-03-21 14:00:00,14,0.0,0.0,0.0,0.0,0.0,0.0,29.7,-999.0,dos
2026-03-21 15:00:00,15,1.06,432.7,996.1,440.3,58.24,301.0,1759.0,31.6,unauthorized
2026-03-21 16:00:00,16,0.69,259.9,364.9,163.6,60.52,130.7,678.9,44.7,fdi
2026-03-21 17:00:00,17,0.95,50.0,100.5,40.5,60.01,30.0,182.1,19.0,replay
2026-03-21 18:00:00,18,0.0,0.0,0.0,0.0,0.0,0.0,42.2,-999.0,dos
2026-03-21 19:00:00,19,0.95,470.0,920.3,389.7,60.66,283.7,1628.5,33.6,unauthorized
2026-03-21 20:00:00,20,1.34,255.4,712.8,252.3,59.23,158.1,1155.1,59.7,fdi
2026-03-21 21:00:00,21,0.98,55.0,115.5,51.1,60.01,40.0,230.7,20.0,replay
2026-03-21 22:00:00,22,0.0,0.0,0.0,0.0,0.0,0.0,36.2,-999.0,dos
2026-03-21 23:00:00,23,0.72,413.7,585.9,257.4,57.87,374.7,1247.8,1.8,unauthorized
2026-03-22 00:00:00,0,0.7,203.7,268.1,96.9,60.59,157.2,561.9,50.5,fdi
2026-03-22 01:00:00,1,0.96,65.0,133.6,60.0,60.01,30.0,266.3,20.0,replay
2026-03-22 02:00:00,2,0.0,0.0,0.0,0.0,0.0,0.0,46.9,-999.0,dos
2026-03-22 03:00:00,3,1.17,450.6,1091.7,390.6,57.3,331.6,1856.1,21.8,unauthorized
2026-03-22 04:00:00,4,1.33,258.5,742.1,313.0,60.27,187.2,1256.5,64.7,fdi
2026-03-22 05:00:00,5,0.95,55.0,106.9,40.8,60.01,35.0,219.9,20.0,replay
2026-03-22 06:00:00,6,0.0,0.0,0.0,0.0,0.0,0.0,40.1,-999.0,dos
2026-03-22 07:00:00,7,0.73,352.2,556.6,248.2,57.33,292.3,1108.2,42.7,unauthorized
2026-03-22 08:00:00,8,1.32,205.2,503.8,222.2,60.38,205.9,979.4,47.1,fdi
2026-03-22 09:00:00,9,0.0,0.0,0.0,0.0,0.0,0.0,45.1,-999.0,replay
2026-03-22 10:00:00,10,0.0,0.0,0.0,0.0,0.0,0.0,23.9,-999.0,dos
2026-03-22 11:00:00,11,0.76,474.0,657.7,262.3,59.71,328.6,1289.5,77.9,unauthorized
2026-03-22 12:00:00,12,0.59,301.4,340.8,133.5,60.37,179.8,678.2,46.2,fdi
2026-03-22 13:00:00,13,0.96,60.0,126.0,52.4,60.01,40.0,267.7,18.0,replay
2026-03-22 14:00:00,14,0.0,0.0,0.0,0.0,0.0,0.0,32.1,-999.0,dos
2026-03-22 15:00:00,15,0.8,418.8,650.9,240.0,62.09,363.8,1278.7,32.2,unauthorized
2026-03-22 16:00:00,16,1.24,234.1,570.8,208.0,59.51,189.9,985.4,49.9,fdi
2026-03-22 17:00:00,17,0.97,55.0,96.9,38.4,60.01,30.0,192.1,19.0,replay
2026-03-22 18:00:00,18,0.0,0.0,0.0,0.0,0.0,0.0,49.3,-999.0,dos
2026-03-22 19:00:00,19,0.99,363.5,728.4,290.2,61.4,399.2,1461.2,58.3,unauthorized
2026-03-22 20:00:00,20,0.62,318.7,414.7,180.5,60.34,128.9,765.2,48.2,fdi
2026-03-22 21:00:00,21,0.97,60.0,120.5,50.6,60.01,35.0,237.6,20.0,replay
2026-03-22 22:00:00,22,0.0,0.0,0.0,0.0,0.0,0.0,25.2,-999.0,dos
2026-03-22 23:00:00,23,0.89,483.4,856.9,344.2,59.08,305.4,1529.8,66.6,unauthorized
2026-03-23 00:00:00,0,0.57,303.1,323.9,122.2,59.27,189.4,661.9,55.9,fdi
2026-03-23 01:00:00,1,0.96,50.0,101.0,41.6,60.0,35.0,219.0,20.0,replay
2026-03-23 02:00:00,2,0.0,0.0,0.0,0.0,0.0,0.0,34.6,-999.0,dos
2026-03-23 03:00:00,3,0.95,382.8,720.9,312.6,60.25,305.7,1376.3,43.7,unauthorized
2026-03-23 04:00:00,4,1.35,297.8,808.5,294.8,59.32,173.6,1308.9,45.2,fdi
2026-03-23 05:00:00,5,0.97,55.0,112.9,41.5,60.01,35.0,200.8,18.0,replay
2026-03-23 06:00:00,6,0.0,0.0,0.0,0.0,0.0,0.0,26.2,-999.0,dos
2026-03-23 07:00:00,7,0.92,353.3,610.1,234.6,61.3,266.5,1151.7,54.7,unauthorized
2026-03-23 08:00:00,8,1.32,206.7,503.9,195.7,59.43,139.3,857.1,49.0,fdi
2026-03-23 09:00:00,9,0.96,65.0,121.5,46.8,60.01,40.0,245.1,19.0,replay
2026-03-23 10:00:00,10,0.0,0.0,0.0,0.0,0.0,0.0,26.0,-999.0,dos
2026-03-23 11:00:00,11,1.37,445.4,1336.1,526.2,61.69,329.9,2204.8,35.0,unauthorized
2026-03-23 12:00:00,12,0.62,317.5,407.9,149.0,60.38,181.0,752.2,48.3,fdi
2026-03-23 13:00:00,13,0.96,50.0,97.4,35.6,60.01,30.0,185.4,18.0,replay
2026-03-23 14:00:00,14,0.0,0.0,0.0,0.0,0.0,0.0,17.5,-999.0,dos
2026-03-23 15:00:00,15,0.83,400.6,712.9,315.1,60.94,388.8,1462.9,-10.3,unauthorized
2026-03-23 16:00:00,16,0.65,237.4,286.8,124.1,60.56,150.1,601.5,45.7,fdi
2026-03-23 17:00:00,17,0.95,60.0,103.0,40.2,60.0,30.0,220.3,19.0,replay
2026-03-23 18:00:00,18,0.0,0.0,0.0,0.0,0.0,0.0,49.3,-999.0,dos
2026-03-23 19:00:00,19,0.47,478.9,475.6,201.6,62.21,320.8,1018.6,21.7,unauthorized
2026-03-23 20:00:00,20,1.34,494.0,1223.5,475.4,62.81,343.8,2090.4,6.2,fdi
2026-03-23 21:00:00,21,0.95,55.0,103.6,40.0,59.99,30.0,208.8,18.0,replay
2026-03-23 22:00:00,22,0.0,0.0,0.0,0.0,0.0,0.0,43.5,-999.0,dos
2026-03-23 23:00:00,23,0.59,411.0,524.7,191.0,61.38,394.8,1123.4,57.1,unauthorized
2026-03-24 00:00:00,0,1.32,274.1,683.5,279.6,59.29,168.6,1159.4,53.5,fdi
2026-03-24 01:00:00,1,0.98,55.0,103.0,40.1,59.99,30.0,188.4,18.0,replay
2026-03-24 02:00:00,2,0.0,0.0,0.0,0.0,0.0,0.0,35.2,-999.0,dos
2026-03-24 03:00:00,3,0.85,427.9,719.6,281.9,61.86,314.2,1356.0,44.2,unauthorized
2026-03-24 04:00:00,4,1.19,230.3,535.4,240.3,60.45,199.8,1009.3,60.1,fdi
2026-03-24 05:00:00,5,0.97,50.0,91.1,36.2,59.99,35.0,206.7,18.0,replay
2026-03-24 06:00:00,6,0.0,0.0,0.0,0.0,0.0,0.0,33.5,-999.0,dos
2026-03-24 07:00:00,7,0.68,436.3,542.8,226.6,57.74,353.5,1149.5,47.8,unauthorized
2026-03-24 08:00:00,8,1.19,238.2,512.3,227.0,60.51,197.4,974.1,56.0,fdi
2026-03-24 09:00:00,9,0.98,50.0,106.7,42.6,60.0,30.0,192.7,18.0,replay
2026-03-24 10:00:00,10,0.0,0.0,0.0,0.0,0.0,0.0,18.1,-999.0,dos
2026-03-24 11:00:00,11,0.96,361.1,673.1,262.3,59.89,384.4,1353.2,-17.4,unauthorized
2026-03-24 12:00:00,12,1.16,228.7,537.2,202.9,60.48,122.9,895.1,48.7,fdi
2026-03-24 13:00:00,13,0.96,60.0,117.6,45.8,59.99,40.0,218.1,19.0,replay
2026-03-24 14:00:00,14,0.0,0.0,0.0,0.0,0.0,0.0,39.4,-999.0,dos
2026-03-24 15:00:00,15,1.14,486.1,1055.1,468.0,62.53,330.3,1881.7,21.4,unauthorized
2026-03-24 16:00:00,16,1.18,250.4,620.7,269.3,59.32,127.2,1041.9,63.7,fdi
2026-03-24 17:00:00,17,0.97,60.0,121.6,53.3,59.99,30.0,251.7,20.0,replay
2026-03-24 18:00:00,18,0.0,0.0,0.0,0.0,0.0,0.0,26.8,-999.0,dos
2026-03-24 19:00:00,19,0.44,415.1,351.8,127.8,61.04,313.3,835.3,64.7,unauthorized
2026-03-24 20:00:00,20,1.26,236.3,637.2,265.8,59.41,135.8,1082.5,53.5,fdi
2026-03-24 21:00:00,21,0.97,60.0,105.7,42.9,60.0,30.0,210.4,19.0,replay
2026-03-24 22:00:00,22,0.0,0.0,0.0,0.0,0.0,0.0,39.6,-999.0,dos
2026-03-24 23:00:00,23,0.74,498.6,785.5,335.3,59.25,364.1,1521.7,14.3,unauthorized
2026-03-25 00:00:00,0,0.65,213.2,251.8,105.3,60.52,185.1,562.2,46.1,fdi
2026-03-25 01:00:00,1,0.95,65.0,129.5,52.4,60.0,35.0,237.2,20.0,replay
2026-03-25 02:00:00,2,0.0,0.0,0.0,0.0,0.0,0.0,40.8,-999.0,dos
2026-03-25 03:00:00,3,1.39,389.8,1155.7,477.9,57.37,254.8,1934.7,45.3,unauthorized
2026-03-25 04:00:00,4,1.19,309.5,755.6,281.9,60.44,151.4,1235.6,48.2,fdi
2026-03-25 05:00:00,5,0.97,60.0,125.8,46.9,59.99,35.0,221.2,20.0,replay
2026-03-25 06:00:00,6,0.0,0.0,0.0,0.0,0.0,0.0,48.9,-999.0,dos
2026-03-25 07:00:00,7,1.09,351.3,763.5,317.8,58.13,353.4,1475.4,-32.1,unauthorized
2026-03-25 08:00:00,8,0.64,187.3,258.0,94.2,59.26,123.2,485.9,52.4,fdi
2026-03-25 09:00:00,9,0.97,65.0,133.7,56.9,60.0,30.0,258.4,19.0,replay
2026-03-25 10:00:00,10,0.0,0.0,0.0,0.0,0.0,0.0,25.0,-999.0,dos
2026-03-25 11:00:00,11,0.48,452.3,404.2,177.9,59.11,283.7,882.6,-6.6,unauthorized
2026-03-25 12:00:00,12,0.7,246.4,340.0,138.4,59.27,175.5,688.1,44.9,fdi
2026-03-25 13:00:00,13,0.96,55.0,107.6,42.9,60.01,35.0,207.6,18.0,replay
2026-03-25 14:00:00,14,0.0,0.0,0.0,0.0,0.0,0.0,11.1,-999.0,dos
2026-03-25 15:00:00,15,0.46,378.0,316.2,123.9,60.36,379.9,853.4,65.9,unauthorized
2026-03-25 16:00:00,16,0.68,306.5,447.4,159.1,60.33,202.7,843.1,57.4,fdi
2026-03-25 17:00:00,17,0.96,60.0,108.1,40.8,60.01,35.0,219.5,19.0,replay
2026-03-25 18:00:00,18,0.0,0.0,0.0,0.0,0.0,0.0,23.7,-999.0,dos
2026-03-25 19:00:00,19,1.38,486.7,1220.6,460.6,57.17,365.6,2067.5,-26.8,unauthorized
2026-03-25 20:00:00,20,0.72,279.6,421.9,187.2,60.49,219.9,843.6,58.3,fdi
2026-03-25 21:00:00,21,0.97,55.0,111.9,44.6,60.0,30.0,213.7,19.0,replay
2026-03-25 22:00:00,22,0.0,0.0,0.0,0.0,0.0,0.0,48.7,-999.0,dos
2026-03-25 23:00:00,23,0.72,460.1,691.1,268.0,58.98,268.9,1272.8,17.0,unauthorized
2026-03-26 00:00:00,0,1.35,247.5,637.6,272.1,59.48,212.6,1154.9,44.0,fdi
2026-03-26 01:00:00,1,0.95,50.0,85.7,35.8,59.99,40.0,188.4,19.0,replay
2026-03-26 02:00:00,2,0.0,0.0,0.0,0.0,0.0,0.0,32.1,-999.0,dos
2026-03-26 03:00:00,3,0.47,392.6,395.4,174.5,58.46,287.3,875.2,5.4,unauthorized
2026-03-26 04:00:00,4,0.64,240.8,323.8,117.7,60.42,160.1,615.1,60.3,fdi
2026-03-26 05:00:00,5,0.98,65.0,121.9,52.5,59.99,30.0,222.7,18.0,replay
2026-03-26 06:00:00,6,0.0,0.0,0.0,0.0,0.0,0.0,20.6,-999.0,dos
2026-03-26 07:00:00,7,1.04,410.9,802.0,353.3,62.83,319.7,1485.6,76.4,unauthorized
2026-03-26 08:00:00,8,1.26,257.5,708.2,304.0,60.6,217.7,1279.4,64.1,fdi
2026-03-26 09:00:00,9,0.97,55.0,116.4,42.6,60.01,40.0,216.5,18.0,replay
2026-03-26 10:00:00,10,0.0,0.0,0.0,0.0,0.0,0.0,42.0,-999.0,dos
2026-03-26 11:00:00,11,0.43,427.6,401.8,172.1,58.18,363.7,954.8,36.9,unauthorized
2026-03-26 12:00:00,12,0.66,296.5,368.6,151.7,59.36,183.7,723.4,48.9,fdi
2026-03-26 13:00:00,13,0.96,65.0,135.2,50.5,59.99,35.0,261.9,20.0,replay
2026-03-26 14:00:00,14,0.0,0.0,0.0,0.0,0.0,0.0,24.3,-999.0,dos
2026-03-26 15:00:00,15,0.7,442.3,564.2,239.1,59.25,309.1,1138.5,24.8,unauthorized
2026-03-26 16:00:00,16,0.61,270.8,342.2,122.0,60.56,204.7,717.4,47.6,fdi
2026-03-26 17:00:00,17,0.97,50.0,104.3,38.2,60.0,30.0,204.4,18.0,replay
2026-03-26 18:00:00,18,0.0,0.0,0.0,0.0,0.0,0.0,23.4,-999.0,dos
2026-03-26 19:00:00,19,0.94,378.8,748.2,264.1,60.22,291.8,1329.3,-5.3,unauthorized
2026-03-26 20:00:00,20,1.28,231.8,600.6,230.7,60.56,218.1,1070.5,42.5,fdi
2026-03-26 21:00:00,21,0.95,50.0,98.8,39.8,60.0,30.0,211.9,20.0,replay
2026-03-26 22:00:00,22,0.0,0.0,0.0,0.0,0.0,0.0,28.8,-999.0,dos
2026-03-26 23:00:00,23,1.11,409.0,965.1,375.9,58.64,250.5,1624.1,46.4,unauthorized
2026-03-27 00:00:00,0,0.55,248.4,279.6,123.8,59.52,158.1,587.5,59.6,fdi
2026-03-27 01:00:00,1,0.98,60.0,129.1,55.8,60.0,40.0,245.5,19.0,replay
2026-03-27 02:00:00,2,0.0,0.0,0.0,0.0,0.0,0.0,41.3,-999.0,dos
2026-03-27 03:00:00,3,0.87,468.6,801.9,314.6,58.68,375.6,1539.1,37.3,unauthorized
2026-03-27 04:00:00,4,0.67,309.1,432.4,152.7,59.4,210.3,820.3,61.1,fdi
2026-03-27 05:00:00,5,0.95,65.0,124.8,47.3,60.0,30.0,221.4,19.0,replay
2026-03-27 06:00:00,6,0.0,0.0,0.0,0.0,0.0,0.0,29.5,-999.0,dos
2026-03-27 07:00:00,7,0.52,424.8,433.7,188.9,61.77,347.9,987.5,-12.1,unauthorized
2026-03-27 08:00:00,8,1.17,187.0,399.2,155.7,59.21,130.3,700.5,50.0,fdi
2026-03-27 09:00:00,9,0.96,60.0,120.0,53.2,60.0,35.0,240.9,19.0,replay
2026-03-27 10:00:00,10,0.0,0.0,0.0,0.0,0.0,0.0,44.6,-999.0,dos
2026-03-27 11:00:00,11,1.02,496.9,920.0,395.4,60.57,358.7,1685.5,13.4,unauthorized
2026-03-27 12:00:00,12,1.32,202.1,531.0,202.4,59.41,165.8,926.7,49.8,fdi
2026-03-27 13:00:00,13,0.98,65.0,127.4,47.1,60.01,30.0,233.6,19.0,replay
2026-03-27 14:00:00,14,0.0,0.0,0.0,0.0,0.0,0.0,37.2,-999.0,dos
2026-03-27 15:00:00,15,0.57,472.6,553.3,243.3,59.21,294.1,1125.9,59.4,unauthorized
2026-03-27 16:00:00,16,0.56,288.6,338.1,136.8,59.22,170.9,693.9,43.9,fdi
2026-03-27 17:00:00,17,0.96,65.0,114.7,42.3,60.0,35.0,202.3,18.0,replay
2026-03-27 18:00:00,18,0.0,0.0,0.0,0.0,0.0,0.0,31.5,-999.0,dos
2026-03-27 19:00:00,19,0.94,455.8,850.4,314.1,59.15,362.7,1549.4,34.5,unauthorized
2026-03-27 20:00:00,20,1.33,212.9,582.1,217.2,60.46,208.6,1040.2,50.4,fdi
2026-03-27 21:00:00,21,0.96,65.0,128.3,45.3,60.0,40.0,251.3,18.0,replay
2026-03-27 22:00:00,22,0.0,0.0,0.0,0.0,0.0,0.0,42.6,-999.0,dos
2026-03-27 23:00:00,23,1.39,472.5,1391.0,518.7,61.25,259.2,2194.6,68.5,unauthorized
2026-03-28 00:00:00,0,0.7,310.2,401.3,162.4,59.36,140.5,751.0,46.8,fdi
2026-03-28 01:00:00,1,0.96,55.0,105.4,43.9,60.0,35.0,209.1,19.0,replay
2026-03-28 02:00:00,2,0.0,0.0,0.0,0.0,0.0,0.0,40.2,-999.0,dos
2026-03-28 03:00:00,3,0.57,409.2,490.8,194.9,61.6,390.8,1098.3,11.3,unauthorized
2026-03-28 04:00:00,4,0.58,222.7,240.6,88.6,60.32,212.9,590.3,55.6,fdi
2026-03-28 05:00:00,5,0.96,65.0,123.4,51.3,59.99,40.0,263.1,18.0,replay
2026-03-28 06:00:00,6,0.0,0.0,0.0,0.0,0.0,0.0,12.0,-999.0,dos
2026-03-28 07:00:00,7,0.65,486.7,696.3,278.8,59.39,345.1,1348.4,63.2,unauthorized
2026-03-28 08:00:00,8,1.27,189.2,445.3,169.0,60.25,181.5,828.6,51.8,fdi
2026-03-28 09:00:00,9,0.96,55.0,107.6,46.3,59.99,35.0,209.4,20.0,replay
2026-03-28 10:00:00,10,0.0,0.0,0.0,0.0,0.0,0.0,37.4,-999.0,dos
2026-03-28 11:00:00,11,0.95,434.5,889.4,338.8,61.41,290.5,1550.6,2.3,unauthorized
2026-03-28 12:00:00,12,0.62,239.9,288.9,118.7,59.48,193.1,645.7,52.7,fdi
2026-03-28 13:00:00,13,0.98,50.0,97.7,36.1,60.0,35.0,213.3,18.0,replay
2026-03-28 14:00:00,14,0.0,0.0,0.0,0.0,0.0,0.0,16.6,-999.0,dos
2026-03-28 15:00:00,15,1.3,374.9,982.2,400.5,60.98,280.7,1697.4,9.9,unauthorized
2026-03-28 16:00:00,16,1.23,185.2,414.0,185.1,59.49,139.9,781.3,46.6,fdi
2026-03-28 17:00:00,17,0.98,50.0,97.8,37.9,60.0,40.0,213.5,19.0,replay
2026-03-28 18:00:00,18,0.0,0.0,0.0,0.0,0.0,0.0,11.3,-999.0,dos
2026-03-28 19:00:00,19,0.46,442.5,436.1,188.1,61.11,279.7,926.1,58.3,unauthorized
2026-03-28 20:00:00,20,0.6,294.8,377.0,167.0,60.25,196.0,754.7,59.5,fdi
2026-03-28 21:00:00,21,0.97,55.0,101.8,42.3,60.0,30.0,195.7,20.0,replay
2026-03-28 22:00:00,22,0.0,0.0,0.0,0.0,0.0,0.0,14.9,-999.0,dos
2026-03-28 23:00:00,23,0.41,425.2,347.4,154.2,61.19,260.9,776.8,72.6,unauthorized
2026-03-29 00:00:00,0,1.24,311.3,775.7,274.1,60.26,199.3,1285.2,55.7,fdi
2026-03-29 01:00:00,1,0.96,55.0,96.5,41.2,59.99,35.0,185.6,19.0,replay
2026-03-29 02:00:00,2,0.0,0.0,0.0,0.0,0.0,0.0,29.2,-999.0,dos
2026-03-29 03:00:00,3,0.79,382.6,591.9,237.1,61.55,367.6,1221.2,70.7,unauthorized
2026-03-29 04:00:00,4,0.61,239.9,290.0,124.1,60.5,211.8,661.5,57.3,fdi
2026-03-29 05:00:00,5,0.96,60.0,110.9,43.1,60.0,30.0,230.3,20.0,replay
2026-03-29 06:00:00,6,0.0,0.0,0.0,0.0,0.0,0.0,20.7,-999.0,dos
2026-03-29 07:00:00,7,0.42,366.1,282.4,104.0,58.76,332.8,754.5,-32.3,unauthorized
2026-03-29 08:00:00,8,0.59,232.0,283.0,125.0,60.33,209.8,653.5,64.5,fdi
2026-03-29 09:00:00,9,0.98,50.0,102.6,39.9,60.01,35.0,216.4,19.0,replay
2026-03-29 10:00:00,10,0.0,0.0,0.0,0.0,0.0,0.0,23.6,-999.0,dos
2026-03-29 11:00:00,11,1.28,432.3,1044.1,429.6,58.71,390.3,1908.8,42.9,unauthorized
2026-03-29 12:00:00,12,1.28,266.7,709.4,316.4,59.26,190.0,1232.7,42.6,fdi
2026-03-29 13:00:00,13,0.98,65.0,130.2,54.9,60.0,35.0,244.9,18.0,replay
2026-03-29 14:00:00,14,0.0,0.0,0.0,0.0,0.0,0.0,47.4,-999.0,dos
2026-03-29 15:00:00,15,0.59,360.3,391.2,147.6,62.21,368.9,929.7,29.0,unauthorized
2026-03-29 16:00:00,16,1.16,282.3,666.2,293.2,60.41,132.8,1122.0,60.5,fdi
2026-03-29 17:00:00,17,0.97,60.0,112.3,43.4,60.01,30.0,197.5,18.0,replay
2026-03-29 18:00:00,18,0.0,0.0,0.0,0.0,0.0,0.0,40.9,-999.0,dos
2026-03-29 19:00:00,19,0.84,376.5,601.5,228.0,60.97,273.7,1147.2,68.5,unauthorized
2026-03-29 20:00:00,20,1.25,191.8,438.6,188.6,59.41,145.7,819.9,55.0,fdi
2026-03-29 21:00:00,21,0.96,60.0,114.2,41.8,60.01,35.0,234.3,19.0,replay
2026-03-29 22:00:00,22,0.0,0.0,0.0,0.0,0.0,0.0,37.3,-999.0,dos
2026-03-29 23:00:00,23,1.03,482.8,950.7,365.9,61.78,307.2,1653.5,-5.4,unauthorized
2026-03-30 00:00:00,0,1.18,228.0,564.9,221.9,59.41,168.6,970.4,59.0,fdi
2026-03-30 01:00:00,1,0.98,50.0,95.4,39.4,59.99,35.0,199.4,19.0,replay
2026-03-30 02:00:00,2,0.0,0.0,0.0,0.0,0.0,0.0,35.0,-999.0,dos
2026-03-30 03:00:00,3,0.64,493.5,646.1,247.4,59.77,254.4,1158.9,0.8,unauthorized
2026-03-30 04:00:00,4,1.27,266.7,651.9,246.9,60.35,161.4,1109.4,54.7,fdi
2026-03-30 05:00:00,5,0.95,60.0,105.9,38.5,60.0,40.0,204.6,19.0,replay
2026-03-30 06:00:00,6,0.0,0.0,0.0,0.0,0.0,0.0,32.6,-999.0,dos
2026-03-30 07:00:00,7,1.14,453.2,975.3,354.7,59.02,266.8,1607.7,-6.2,unauthorized
2026-03-30 08:00:00,8,0.56,204.2,209.2,77.6,60.35,140.4,440.5,63.8,fdi
2026-03-30 09:00:00,9,0.95,55.0,106.0,39.9,60.0,40.0,222.7,19.0,replay
2026-03-30 10:00:00,10,0.0,0.0,0.0,0.0,0.0,0.0,29.5,-999.0,dos
2026-03-30 11:00:00,11,1.12,482.6,1123.3,489.2,57.03,390.0,2031.2,21.4,unauthorized
2026-03-30 12:00:00,12,1.18,272.0,621.3,278.4,59.51,184.4,1106.9,54.1,fdi
2026-03-30 13:00:00,13,0.96,65.0,125.1,54.1,59.99,30.0,257.1,20.0,replay
2026-03-30 14:00:00,14,0.0,0.0,0.0,0.0,0.0,0.0,32.7,-999.0,dos
2026-03-30 15:00:00,15,1.15,494.8,1146.2,425.8,62.76,283.9,1873.6,47.0,unauthorized
2026-03-30 16:00:00,16,0.61,300.0,356.7,133.3,59.44,149.2,682.4,52.5,fdi
2026-03-30 17:00:00,17,0.95,60.0,118.5,42.8,60.01,40.0,228.9,19.0,replay
2026-03-30 18:00:00,18,0.0,0.0,0.0,0.0,0.0,0.0,38.1,-999.0,dos
2026-03-30 19:00:00,19,0.65,481.4,618.8,263.0,59.76,281.5,1195.2,63.8,unauthorized
2026-03-30 20:00:00,20,0.65,234.7,296.2,122.6,60.56,123.5,589.3,61.9,fdi
2026-03-30 21:00:00,21,0.98,60.0,118.2,48.8,60.01,35.0,242.3,19.0,replay
2026-03-30 22:00:00,22,0.0,0.0,0.0,0.0,0.0,0.0,24.2,-999.0,dos
2026-03-30 23:00:00,23,0.83,353.7,564.5,200.6,59.18,269.2,1071.8,-25.4,unauthorized
2026-03-31 00:00:00,0,1.17,188.8,474.5,174.4,60.45,216.5,886.1,62.1,fdi
2026-03-31 01:00:00,1,0.97,50.0,90.1,39.6,60.01,30.0,209.2,19.0,replay
2026-03-31 02:00:00,2,0.0,0.0,0.0,0.0,0.0,0.0,29.3,-999.0,dos
2026-03-31 03:00:00,3,1.01,492.7,963.1,404.7,61.91,380.3,1775.7,25.0,unauthorized
2026-03-31 04:00:00,4,1.26,263.2,682.6,268.2,59.24,177.0,1171.7,45.9,fdi
2026-03-31 05:00:00,5,0.97,65.0,115.0,47.8,59.99,35.0,226.5,20.0,replay
2026-03-31 06:00:00,6,0.0,0.0,0.0,0.0,0.0,0.0,47.2,-999.0,dos
2026-03-31 07:00:00,7,0.72,494.5,669.9,281.8,61.86,252.1,1235.9,68.7,unauthorized
2026-03-31 08:00:00,8,0.59,202.3,218.3,91.4,59.3,217.4,549.4,52.4,fdi
2026-03-31 09:00:00,9,0.95,55.0,98.1,43.1,59.99,30.0,219.7,19.0,replay
2026-03-31 10:00:00,10,0.0,0.0,0.0,0.0,0.0,0.0,41.4,-999.0,dos
2026-03-31 11:00:00,11,0.75,483.1,699.6,285.8,62.85,333.7,1346.7,27.9,unauthorized
2026-03-31 12:00:00,12,1.2,207.7,490.8,212.7,59.41,180.9,913.5,50.9,fdi
2026-03-31 13:00:00,13,0.96,55.0,100.7,37.4,60.0,30.0,211.1,18.0,replay
2026-03-31 14:00:00,14,0.0,0.0,0.0,0.0,0.0,0.0,44.4,-999.0,dos
2026-03-31 15:00:00,15,0.65,377.1,527.5,220.8,59.77,255.3,1024.3,55.0,unauthorized
2026-03-31 16:00:00,16,1.32,228.7,650.5,278.1,60.35,219.0,1179.2,57.6,fdi
2026-03-31 17:00:00,17,0.96,60.0,109.9,39.8,59.99,30.0,212.0,20.0,replay
2026-03-31 18:00:00,18,0.0,0.0,0.0,0.0,0.0,0.0,20.5,-999.0,dos
2026-03-31 19:00:00,19,0.8,439.0,646.9,229.0,60.27,286.7,1196.7,66.9,unauthorized
2026-03-31 20:00:00,20,0.71,277.8,383.0,170.6,59.4,138.0,711.2,52.0,fdi
2026-03-31 21:00:00,21,0.97,55.0,109.0,41.8,60.01,35.0,228.9,20.0,replay
2026-03-31 22:00:00,22,0.0,0.0,0.0,0.0,0.0,0.0,38.3,-999.0,dos
2026-03-31 23:00:00,23,1.28,494.3,1336.3,598.9,62.14,259.0,2219.3,39.7,unauthorized
2026-04-01 00:00:00,0,0.6,263.7,330.9,116.3,60.39,193.2,663.4,50.3,fdi
2026-04-01 01:00:00,1,0.95,60.0,120.5,53.3,59.99,30.0,237.8,20.0,replay
2026-04-01 02:00:00,2,0.0,0.0,0.0,0.0,0.0,0.0,48.2,-999.0,dos
2026-04-01 03:00:00,3,1.08,400.6,889.3,381.5,59.29,360.2,1647.9,71.3,unauthorized
2026-04-01 04:00:00,4,0.58,268.9,292.0,121.1,60.53,200.8,663.6,52.7,fdi
2026-04-01 05:00:00,5,0.98,60.0,110.4,47.6,60.0,35.0,236.9,19.0,replay
2026-04-01 06:00:00,6,0.0,0.0,0.0,0.0,0.0,0.0,19.4,-999.0,dos
2026-04-01 07:00:00,7,0.9,448.4,783.6,324.0,59.49,344.7,1485.8,6.3,unauthorized
2026-04-01 08:00:00,8,1.22,238.1,547.1,219.0,59.52,123.6,916.9,47.6,fdi
2026-04-01 09:00:00,9,0.96,60.0,108.1,40.9,59.99,35.0,233.4,18.0,replay
2026-04-01 10:00:00,10,0.0,0.0,0.0,0.0,0.0,0.0,27.9,-999.0,dos
2026-04-01 11:00:00,11,1.1,353.4,718.1,294.5,58.77,333.7,1368.4,71.1,unauthorized
2026-04-01 12:00:00,12,0.61,203.4,273.5,108.5,60.47,160.6,582.6,49.2,fdi
2026-04-01 13:00:00,13,0.96,60.0,121.1,42.5,60.0,35.0,246.9,18.0,replay
2026-04-01 14:00:00,14,0.0,0.0,0.0,0.0,0.0,0.0,12.3,-999.0,dos
2026-04-01 15:00:00,15,0.75,476.5,696.2,244.9,59.17,289.1,1255.8,62.9,unauthorized
2026-04-01 16:00:00,16,1.24,187.9,426.5,157.9,59.46,161.3,761.9,51.7,fdi
2026-04-01 17:00:00,17,0.95,55.0,96.6,38.2,60.0,40.0,190.2,19.0,replay
2026-04-01 18:00:00,18,0.0,0.0,0.0,0.0,0.0,0.0,32.1,-999.0,dos
2026-04-01 19:00:00,19,0.75,445.8,668.7,244.9,60.54,270.5,1199.1,61.4,unauthorized
2026-04-01 20:00:00,20,1.33,237.5,607.6,265.4,60.5,121.0,1025.1,49.8,fdi
2026-04-01 21:00:00,21,0.96,65.0,120.4,50.0,60.0,35.0,243.7,18.0,replay
2026-04-01 22:00:00,22,0.0,0.0,0.0,0.0,0.0,0.0,26.1,-999.0,dos
2026-04-01 23:00:00,23,1.01,459.3,881.6,371.6,59.07,350.5,1634.5,-9.1,unauthorized
2026-04-02 00:00:00,0,1.27,242.2,585.4,222.5,59.3,191.5,1035.9,60.5,fdi
2026-04-02 01:00:00,1,0.97,65.0,121.3,43.3,60.01,40.0,234.6,20.0,replay
2026-04-02 02:00:00,2,0.0,0.0,0.0,0.0,0.0,0.0,15.1,-999.0,dos
2026-04-02 03:00:00,3,0.85,374.6,648.9,259.7,59.08,373.0,1320.3,6.1,unauthorized
2026-04-02 04:00:00,4,0.66,217.9,280.6,107.5,60.3,198.3,630.6,55.5,fdi
2026-04-02 05:00:00,5,0.98,65.0,133.8,52.2,59.99,40.0,239.2,20.0,replay
2026-04-02 06:00:00,6,0.0,0.0,0.0,0.0,0.0,0.0,10.7,-999.0,dos
2026-04-02 07:00:00,7,0.98,483.7,989.0,375.9,59.91,389.0,1763.9,2.5,unauthorized
2026-04-02 08:00:00,8,0.58,250.7,277.6,113.3,60.28,181.7,620.8,63.9,fdi
2026-04-02 09:00:00,9,0.95,50.0,92.5,36.7,60.01,35.0,206.2,20.0,replay
2026-04-02 10:00:00,10,0.0,0.0,0.0,0.0,0.0,0.0,46.2,-999.0,dos
2026-04-02 11:00:00,11,1.32,435.9,1088.6,432.3,57.42,332.9,1882.2,29.1,unauthorized
2026-04-02 12:00:00,12,1.27,213.7,516.9,202.0,60.29,123.7,891.1,49.4,fdi
2026-04-02 13:00:00,13,0.98,55.0,116.1,41.8,60.01,40.0,233.2,20.0,replay
2026-04-02 14:00:00,14,0.0,0.0,0.0,0.0,0.0,0.0,33.1,-999.0,dos
2026-04-02 15:00:00,15,0.0,0.0,0.0,0.0,0.0,0.0,34.5,-999.0,unauthorized
2026-04-02 16:00:00,16,1.24,286.2,646.6,258.1,59.43,171.7,1090.0,64.8,fdi
2026-04-02 17:00:00,17,0.95,60.0,123.5,52.2,60.0,35.0,223.7,18.0,replay
2026-04-02 18:00:00,18,0.0,0.0,0.0,0.0,0.0,0.0,30.4,-999.0,dos
2026-04-02 19:00:00,19,1.27,365.7,971.5,429.4,57.01,317.7,1730.3,-21.3,unauthorized
2026-04-02 20:00:00,20,0.67,313.4,441.9,161.9,60.33,135.5,770.2,49.0,fdi
2026-04-02 21:00:00,21,0.98,60.0,125.1,48.5,59.99,35.0,252.5,18.0,replay
2026-04-02 22:00:00,22,0.0,0.0,0.0,0.0,0.0,0.0,11.7,-999.0,dos
2026-04-02 23:00:00,23,0.78,470.8,668.7,246.1,60.92,315.5,1265.3,38.3,unauthorized
2026-04-03 00:00:00,0,0.62,281.2,354.9,159.6,59.54,141.5,674.1,54.7,fdi
2026-04-03 01:00:00,1,0.96,65.0,126.7,47.6,60.0,30.0,228.5,18.0,replay
2026-04-03 02:00:00,2,0.0,0.0,0.0,0.0,0.0,0.0,37.9,-999.0,dos
2026-04-03 03:00:00,3,0.65,466.9,623.5,227.1,58.54,272.5,1159.0,2.0,unauthorized
2026-04-03 04:00:00,4,1.24,212.0,556.1,202.6,60.26,215.4,1016.5,51.6,fdi
2026-04-03 05:00:00,5,0.97,50.0,96.9,38.7,59.99,30.0,214.7,19.0,replay
2026-04-03 06:00:00,6,0.0,0.0,0.0,0.0,0.0,0.0,15.6,-999.0,dos
2026-04-03 07:00:00,7,0.43,353.1,304.7,123.9,59.37,391.2,830.0,64.6,unauthorized
2026-04-03 08:00:00,8,1.3,200.4,534.7,235.3,59.43,142.9,951.7,45.6,fdi
2026-04-03 09:00:00,9,0.98,60.0,124.3,49.9,60.0,35.0,251.7,19.0,replay
2026-04-03 10:00:00,10,0.0,0.0,0.0,0.0,0.0,0.0,40.1,-999.0,dos
2026-04-03 11:00:00,11,1.23,432.7,1041.8,418.5,62.91,357.8,1861.7,-29.9,unauthorized
2026-04-03 12:00:00,12,1.28,260.8,621.2,221.0,60.33,154.1,1041.3,46.5,fdi
2026-04-03 13:00:00,13,0.95,55.0,106.1,45.0,60.0,30.0,194.1,20.0,replay
2026-04-03 14:00:00,14,0.0,0.0,0.0,0.0,0.0,0.0,34.2,-999.0,dos
2026-04-03 15:00:00,15,1.14,399.3,989.3,372.2,59.96,387.4,1768.2,74.7,unauthorized
2026-04-03 16:00:00,16,1.21,232.4,511.0,181.3,59.47,193.6,927.4,60.7,fdi
2026-04-03 17:00:00,17,0.98,65.0,130.9,57.1,60.0,30.0,264.7,18.0,replay
2026-04-03 18:00:00,18,0.0,0.0,0.0,0.0,0.0,0.0,43.3,-999.0,dos
2026-04-03 19:00:00,19,0.92,485.8,895.1,388.7,61.74,386.4,1684.6,-13.8,unauthorized
2026-04-03 20:00:00,20,1.31,265.7,686.8,302.2,60.42,188.2,1207.9,56.6,fdi
2026-04-03 21:00:00,21,0.98,55.0,104.7,44.5,60.01,30.0,202.1,18.0,replay
2026-04-03 22:00:00,22,0.0,0.0,0.0,0.0,0.0,0.0,33.1,-999.0,dos
2026-04-03 23:00:00,23,0.61,456.6,511.7,184.4,57.55,395.6,1118.1,77.4,unauthorized
2026-04-04 00:00:00,0,1.22,278.5,635.1,257.2,60.38,149.1,1085.7,55.8,fdi
2026-04-04 01:00:00,1,0.98,65.0,123.2,44.9,60.0,35.0,218.9,19.0,replay
2026-04-04 02:00:00,2,0.0,0.0,0.0,0.0,0.0,0.0,46.1,-999.0,dos
2026-04-04 03:00:00,3,1.1,474.2,1030.5,458.6,61.75,382.4,1910.5,76.1,unauthorized
2026-04-04 04:00:00,4,0.67,306.8,373.3,150.1,60.45,121.2,687.4,49.6,fdi
2026-04-04 05:00:00,5,0.95,65.0,113.1,41.0,60.01,35.0,230.0,18.0,replay
2026-04-04 06:00:00,6,0.0,0.0,0.0,0.0,0.0,0.0,21.3,-999.0,dos
2026-04-04 07:00:00,7,1.17,480.7,1061.0,404.2,58.28,339.4,1844.2,-28.8,unauthorized
2026-04-04 08:00:00,8,0.56,232.7,263.2,117.1,60.52,134.1,536.0,62.3,fdi
2026-04-04 09:00:00,9,0.98,50.0,107.7,45.1,60.0,35.0,199.1,18.0,replay
2026-04-04 10:00:00,10,0.0,0.0,0.0,0.0,0.0,0.0,27.8,-999.0,dos
2026-04-04 11:00:00,11,0.67,414.7,532.0,197.6,59.27,345.0,1111.3,57.6,unauthorized
2026-04-04 12:00:00,12,0.55,299.4,312.9,117.5,59.42,129.1,589.7,52.0,fdi
2026-04-04 13:00:00,13,0.98,50.0,93.6,35.4,59.99,30.0,195.1,20.0,replay
2026-04-04 14:00:00,14,0.0,0.0,0.0,0.0,0.0,0.0,23.7,-999.0,dos
2026-04-04 15:00:00,15,1.25,443.5,1133.7,467.0,59.09,342.9,1987.4,30.1,unauthorized
2026-04-04 16:00:00,16,1.27,219.7,510.0,220.3,59.29,167.0,930.1,62.2,fdi
2026-04-04 17:00:00,17,0.98,60.0,107.5,47.2,59.99,35.0,230.3,20.0,replay
2026-04-04 18:00:00,18,0.0,0.0,0.0,0.0,0.0,0.0,41.8,-999.0,dos
2026-04-04 19:00:00,19,0.87,484.6,797.2,292.4,60.05,353.2,1466.5,77.5,unauthorized
2026-04-04 20:00:00,20,1.3,246.9,657.1,239.1,60.38,139.5,1084.6,52.3,fdi
2026-04-04 21:00:00,21,0.97,65.0,116.5,50.9,60.01,30.0,245.0,18.0,replay
2026-04-04 22:00:00,22,0.0,0.0,0.0,0.0,0.0,0.0,48.3,-999.0,dos
2026-04-04 23:00:00,23,1.04,495.8,973.3,427.2,62.87,320.7,1767.7,-20.5,unauthorized
2026-04-05 00:00:00,0,0.68,272.7,386.5,153.6,59.44,173.4,735.3,47.4,fdi
2026-04-05 01:00:00,1,0.98,55.0,114.8,45.9,60.0,40.0,224.6,20.0,replay
2026-04-05 02:00:00,2,0.0,0.0,0.0,0.0,0.0,0.0,17.9,-999.0,dos
2026-04-05 03:00:00,3,0.61,443.8,512.5,211.1,61.87,299.6,1043.2,-19.2,unauthorized
2026-04-05 04:00:00,4,1.16,192.4,419.4,170.4,59.43,215.8,837.0,49.7,fdi
2026-04-05 05:00:00,5,0.95,55.0,105.0,45.4,59.99,40.0,212.4,20.0,replay
2026-04-05 06:00:00,6,0.0,0.0,0.0,0.0,0.0,0.0,13.9,-999.0,dos
2026-04-05 07:00:00,7,0.91,444.4,870.6,338.4,61.02,304.4,1549.7,49.7,unauthorized
2026-04-05 08:00:00,8,1.22,195.2,479.4,207.8,59.48,181.1,890.4,46.1,fdi
2026-04-05 09:00:00,9,0.95,60.0,105.0,38.2,60.0,35.0,227.3,19.0,replay
2026-04-05 10:00:00,10,0.0,0.0,0.0,0.0,0.0,0.0,30.9,-999.0,dos
2026-04-05 11:00:00,11,1.12,362.7,815.8,296.7,60.44,335.6,1481.0,69.7,unauthorized
2026-04-05 12:00:00,12,1.16,251.9,533.2,198.6,60.41,213.3,982.0,58.6,fdi
2026-04-05 13:00:00,13,0.98,55.0,109.5,48.8,59.99,30.0,207.8,20.0,replay
2026-04-05 14:00:00,14,0.0,0.0,0.0,0.0,0.0,0.0,12.7,-999.0,dos
2026-04-05 15:00:00,15,1.22,475.5,1172.0,445.9,61.36,302.9,1948.3,58.6,unauthorized
2026-04-05 16:00:00,16,0.66,282.4,393.9,139.6,59.43,121.7,703.4,54.1,fdi
2026-04-05 17:00:00,17,0.97,50.0,105.4,44.8,60.01,35.0,204.4,18.0,replay
2026-04-05 18:00:00,18,0.0,0.0,0.0,0.0,0.0,0.0,43.3,-999.0,dos
2026-04-05 19:00:00,19,1.03,402.9,900.8,381.1,57.46,363.0,1688.0,47.2,unauthorized
2026-04-05 20:00:00,20,0.62,306.3,384.7,145.3,59.34,128.3,677.2,48.7,fdi
2026-04-05 21:00:00,21,0.96,65.0,129.9,49.7,60.0,35.0,237.8,19.0,replay
2026-04-05 22:00:00,22,0.0,0.0,0.0,0.0,0.0,0.0,25.4,-999.0,dos
2026-04-05 23:00:00,23,0.77,381.1,565.8,200.9,62.64,354.6,1164.5,-33.9,unauthorized
2026-04-06 00:00:00,0,1.24,310.5,697.4,310.6,60.35,150.4,1191.3,42.7,fdi
2026-04-06 01:00:00,1,0.97,55.0,113.8,46.8,59.99,40.0,238.5,18.0,replay
2026-04-06 02:00:00,2,0.0,0.0,0.0,0.0,0.0,0.0,35.4,-999.0,dos
2026-04-06 03:00:00,3,1.32,484.7,1359.8,512.8,62.83,350.1,2249.8,76.6,unauthorized
2026-04-06 04:00:00,4,1.19,180.6,457.4,204.7,59.35,151.3,849.1,59.5,fdi
2026-04-06 05:00:00,5,0.96,60.0,113.1,50.8,60.01,40.0,213.9,20.0,replay
2026-04-06 06:00:00,6,0.0,0.0,0.0,0.0,0.0,0.0,38.7,-999.0,dos
2026-04-06 07:00:00,7,0.86,372.3,587.0,251.8,59.43,265.5,1137.0,24.0,unauthorized
2026-04-06 08:00:00,8,1.23,193.7,506.8,215.4,59.38,166.8,904.8,59.0,fdi
2026-04-06 09:00:00,9,0.97,60.0,104.8,45.8,59.99,40.0,218.4,20.0,replay
2026-04-06 10:00:00,10,0.0,0.0,0.0,0.0,0.0,0.0,19.6,-999.0,dos
2026-04-06 11:00:00,11,1.24,375.5,951.5,419.0,60.37,261.6,1658.0,73.9,unauthorized
2026-04-06 12:00:00,12,0.67,193.0,261.4,105.2,60.31,131.8,518.6,58.7,fdi
2026-04-06 13:00:00,13,0.96,55.0,107.8,37.8,59.99,35.0,221.9,20.0,replay
2026-04-06 14:00:00,14,0.0,0.0,0.0,0.0,0.0,0.0,17.2,-999.0,dos
2026-04-06 15:00:00,15,0.83,400.2,723.8,311.9,60.39,367.4,1443.1,-37.2,unauthorized
2026-04-06 16:00:00,16,1.3,234.1,586.9,230.3,59.26,149.2,996.2,54.7,fdi
2026-04-06 17:00:00,17,0.97,50.0,88.9,34.3,60.01,35.0,175.5,20.0,replay
2026-04-06 18:00:00,18,0.0,0.0,0.0,0.0,0.0,0.0,40.0,-999.0,dos
2026-04-06 19:00:00,19,0.51,390.0,392.5,156.8,58.56,323.0,921.8,15.3,unauthorized
2026-04-06 20:00:00,20,0.59,245.3,308.1,111.8,60.45,146.5,591.1,42.8,fdi
2026-04-06 21:00:00,21,0.98,60.0,107.2,39.4,60.01,35.0,223.4,18.0,replay
2026-04-06 22:00:00,22,1.29,311.5,819.6,298.9,59.34,176.7,1333.2,54.5,dos
2026-04-06 23:00:00,23,0.41,443.7,400.7,166.9,57.7,365.6,962.4,63.9,unauthorized
2026-04-07 00:00:00,0,1.19,228.8,508.6,190.5,59.28,146.4,856.2,59.2,fdi
2026-04-07 01:00:00,1,0.95,60.0,108.5,42.8,60.01,30.0,217.6,20.0,replay
2026-04-07 02:00:00,2,0.0,0.0,0.0,0.0,0.0,0.0,35.4,-999.0,dos
2026-04-07 03:00:00,3,1.18,458.1,1059.0,400.3,60.94,273.3,1751.6,-7.8,unauthorized
2026-04-07 04:00:00,4,0.65,211.6,285.9,128.5,59.27,199.5,649.9,64.2,fdi
2026-04-07 05:00:00,5,0.98,55.0,99.5,43.1,60.0,40.0,218.2,19.0,replay
2026-04-07 06:00:00,6,0.0,0.0,0.0,0.0,0.0,0.0,13.7,-999.0,dos
2026-04-07 07:00:00,7,0.54,390.2,443.3,164.8,57.32,339.3,989.3,-22.6,unauthorized
2026-04-07 08:00:00,8,0.61,261.6,294.7,116.0,60.42,134.9,560.0,53.2,fdi
2026-04-07 09:00:00,9,0.98,50.0,89.5,38.2,60.01,40.0,208.6,19.0,replay
2026-04-07 10:00:00,10,0.0,0.0,0.0,0.0,0.0,0.0,29.6,-999.0,dos
2026-04-07 11:00:00,11,0.87,386.6,616.8,272.6,59.09,274.4,1195.0,-12.4,unauthorized
2026-04-07 12:00:00,12,0.66,309.1,367.2,134.0,60.35,217.6,729.8,50.5,fdi
2026-04-07 13:00:00,13,0.96,60.0,110.1,48.0,59.99,40.0,247.6,19.0,replay
2026-04-07 14:00:00,14,0.0,0.0,0.0,0.0,0.0,0.0,40.0,-999.0,dos
2026-04-07 15:00:00,15,1.36,423.0,1143.9,436.8,61.05,373.6,1995.6,17.5,unauthorized
2026-04-07 16:00:00,16,1.23,190.2,473.3,210.0,60.44,161.7,862.8,60.3,fdi
2026-04-07 17:00:00,17,0.96,55.0,102.6,37.4,60.01,40.0,195.4,18.0,replay
2026-04-07 18:00:00,18,0.0,0.0,0.0,0.0,0.0,0.0,48.5,-999.0,dos
2026-04-07 19:00:00,19,1.38,380.8,1058.3,384.8,57.62,296.9,1758.1,66.3,unauthorized
2026-04-07 20:00:00,20,0.61,284.6,379.5,146.3,59.51,170.1,723.0,49.6,fdi
2026-04-07 21:00:00,21,0.95,65.0,111.3,39.0,60.01,35.0,210.5,20.0,replay
2026-04-07 22:00:00,22,0.0,0.0,0.0,0.0,0.0,0.0,35.4,-999.0,dos
2026-04-07 23:00:00,23,1.22,482.1,1198.1,489.1,62.1,371.8,2090.1,-18.1,unauthorized
2026-04-08 00:00:00,0,1.17,306.3,703.7,277.4,59.29,147.9,1141.4,56.0,fdi
2026-04-08 01:00:00,1,0.96,65.0,122.6,53.2,60.01,35.0,228.1,19.0,replay
2026-04-08 02:00:00,2,0.0,0.0,0.0,0.0,0.0,0.0,46.2,-999.0,dos
2026-04-08 03:00:00,3,0.91,446.5,881.4,387.4,59.37,320.2,1604.5,68.8,unauthorized
2026-04-08 04:00:00,4,0.61,252.6,322.1,138.3,59.4,219.3,709.5,52.5,fdi
2026-04-08 05:00:00,5,0.95,50.0,93.0,39.4,59.99,35.0,214.2,20.0,replay
2026-04-08 06:00:00,6,0.0,0.0,0.0,0.0,0.0,0.0,16.2,-999.0,dos
2026-04-08 07:00:00,7,1.36,446.1,1269.4,520.7,60.7,333.0,2159.6,-29.4,unauthorized
2026-04-08 08:00:00,8,0.68,309.8,447.4,157.8,59.4,130.9,748.4,52.6,fdi
2026-04-08 09:00:00,9,0.96,60.0,106.1,44.9,60.01,40.0,213.9,19.0,replay
2026-04-08 10:00:00,10,0.0,0.0,0.0,0.0,0.0,0.0,32.4,-999.0,dos
2026-04-08 11:00:00,11,1.04,390.7,859.8,361.8,61.77,284.4,1523.2,-20.9,unauthorized
2026-04-08 12:00:00,12,0.68,225.8,301.3,107.7,59.24,170.7,608.8,42.4,fdi
2026-04-08 13:00:00,13,0.95,60.0,119.8,46.4,59.99,30.0,234.8,20.0,replay
2026-04-08 14:00:00,14,0.0,0.0,0.0,0.0,0.0,0.0,32.6,-999.0,dos
2026-04-08 15:00:00,15,0.51,354.9,360.1,142.9,60.65,392.4,931.1,78.8,unauthorized
2026-04-08 16:00:00,16,0.7,284.5,394.1,138.6,60.41,184.0,733.6,52.5,fdi
2026-04-08 17:00:00,17,0.96,60.0,107.1,40.3,60.01,30.0,201.9,20.0,replay
2026-04-08 18:00:00,18,0.0,0.0,0.0,0.0,0.0,0.0,45.1,-999.0,dos
2026-04-08 19:00:00,19,0.97,60.0,118.0,51.1,60.0,40.0,226.8,18.0,unauthorized
2026-04-08 20:00:00,20,1.33,191.4,560.5,232.6,59.37,164.8,973.0,64.4,fdi
2026-04-08 21:00:00,21,0.95,60.0,115.0,49.6,60.0,30.0,230.5,18.0,replay
2026-04-08 22:00:00,22,0.0,0.0,0.0,0.0,0.0,0.0,33.6,-999.0,dos
2026-04-08 23:00:00,23,0.61,422.9,504.5,221.2,62.76,321.0,1094.9,-9.7,unauthorized
2026-04-09 00:00:00,0,0.64,205.6,277.9,113.1,60.27,121.8,562.7,62.2,fdi
2026-04-09 01:00:00,1,0.95,50.0,88.5,34.5,59.99,35.0,205.7,18.0,replay
2026-04-09 02:00:00,2,0.0,0.0,0.0,0.0,0.0,0.0,33.3,-999.0,dos
2026-04-09 03:00:00,3,0.59,379.5,448.0,176.3,62.94,286.5,932.6,60.6,unauthorized
2026-04-09 04:00:00,4,0.59,193.3,222.5,89.3,60.53,163.6,519.4,45.0,fdi
2026-04-09 05:00:00,5,0.97,50.0,88.8,37.8,60.0,30.0,182.6,20.0,replay
2026-04-09 06:00:00,6,0.0,0.0,0.0,0.0,0.0,0.0,38.4,-999.0,dos
2026-04-09 07:00:00,7,1.2,444.4,973.0,428.5,61.73,354.5,1803.8,-16.8,unauthorized
2026-04-09 08:00:00,8,0.6,255.9,304.0,118.7,59.5,150.4,598.0,48.9,fdi
2026-04-09 09:00:00,9,0.97,65.0,134.4,58.4,60.01,30.0,255.4,18.0,replay
2026-04-09 10:00:00,10,0.0,0.0,0.0,0.0,0.0,0.0,48.1,-999.0,dos
2026-04-09 11:00:00,11,1.32,388.8,967.9,392.6,57.62,315.9,1718.7,33.8,unauthorized
2026-04-09 12:00:00,12,0.61,254.2,329.0,139.0,59.32,219.4,731.5,55.0,fdi
2026-04-09 13:00:00,13,0.95,50.0,89.3,39.9,60.01,35.0,179.3,20.0,replay
2026-04-09 14:00:00,14,0.0,0.0,0.0,0.0,0.0,0.0,33.4,-999.0,dos
2026-04-09 15:00:00,15,0.66,433.0,566.3,235.3,58.05,344.7,1179.4,-25.2,unauthorized
2026-04-09 16:00:00,16,1.28,293.2,727.8,256.8,59.48,217.4,1230.0,51.4,fdi
2026-04-09 17:00:00,17,0.95,55.0,99.0,41.3,60.0,30.0,197.5,20.0,replay
2026-04-09 18:00:00,18,0.0,0.0,0.0,0.0,0.0,0.0,18.7,-999.0,dos
2026-04-09 19:00:00,19,0.76,448.0,675.6,265.4,58.4,277.5,1237.9,-38.8,unauthorized
2026-04-09 20:00:00,20,1.31,280.1,804.5,301.9,59.2,216.6,1351.9,49.9,fdi
2026-04-09 21:00:00,21,0.98,50.0,100.2,39.7,60.0,40.0,193.5,19.0,replay
2026-04-09 22:00:00,22,0.0,0.0,0.0,0.0,0.0,0.0,38.0,-999.0,dos
2026-04-09 23:00:00,23,0.95,491.4,985.8,351.2,58.0,293.9,1644.1,-21.8,unauthorized
2026-04-10 00:00:00,0,0.62,186.3,234.3,87.6,59.53,147.9,490.2,58.8,fdi
2026-04-10 01:00:00,1,0.95,65.0,133.9,48.5,60.01,35.0,233.9,20.0,replay
2026-04-10 02:00:00,2,0.0,0.0,0.0,0.0,0.0,0.0,41.0,-999.0,dos
2026-04-10 03:00:00,3,0.49,442.5,437.8,193.7,58.54,329.7,986.8,73.0,unauthorized
2026-04-10 04:00:00,4,0.65,266.1,338.8,149.4,59.51,128.8,665.3,49.7,fdi
2026-04-10 05:00:00,5,0.95,50.0,97.1,42.9,60.01,40.0,194.3,18.0,replay
2026-04-10 06:00:00,6,0.0,0.0,0.0,0.0,0.0,0.0,42.3,-999.0,dos
2026-04-10 07:00:00,7,1.28,358.2,894.3,382.9,62.65,334.1,1628.0,39.1,unauthorized
2026-04-10 08:00:00,8,1.32,285.7,798.0,331.7,59.4,133.0,1291.3,61.3,fdi
2026-04-10 09:00:00,9,0.95,60.0,116.7,47.6,60.0,30.0,220.0,19.0,replay
2026-04-10 10:00:00,10,0.0,0.0,0.0,0.0,0.0,0.0,33.0,-999.0,dos
2026-04-10 11:00:00,11,0.66,464.1,663.4,282.3,60.19,260.2,1228.8,4.2,unauthorized
2026-04-10 12:00:00,12,1.34,214.4,609.7,264.8,60.4,155.9,1056.4,54.4,fdi
2026-04-10 13:00:00,13,0.95,55.0,97.2,40.8,59.99,40.0,202.6,20.0,replay
2026-04-10 14:00:00,14,0.0,0.0,0.0,0.0,0.0,0.0,37.3,-999.0,dos
2026-04-10 15:00:00,15,0.58,356.7,414.1,151.3,57.49,348.6,930.7,-23.7,unauthorized
2026-04-10 16:00:00,16,0.98,50.0,99.9,38.6,59.99,40.0,216.8,20.0,fdi
2026-04-10 17:00:00,17,0.95,60.0,119.1,49.9,59.99,30.0,242.0,18.0,replay
2026-04-10 18:00:00,18,0.0,0.0,0.0,0.0,0.0,0.0,28.9,-999.0,dos
2026-04-10 19:00:00,19,1.28,390.8,933.6,388.7,59.05,389.6,1761.5,29.4,unauthorized
2026-04-10 20:00:00,20,0.59,302.7,352.6,132.9,59.51,153.0,677.2,43.4,fdi
2026-04-10 21:00:00,21,0.97,60.0,122.7,53.3,59.99,40.0,254.5,18.0,replay
2026-04-10 22:00:00,22,0.0,0.0,0.0,0.0,0.0,0.0,38.0,-999.0,dos
2026-04-10 23:00:00,23,1.21,492.5,1230.2,497.9,59.79,355.2,2128.5,48.4,unauthorized
2026-04-11 00:00:00,0,1.32,274.4,672.7,289.9,59.25,123.1,1128.6,63.5,fdi
2026-04-11 01:00:00,1,0.97,65.0,124.2,48.6,60.0,35.0,235.6,20.0,replay
2026-04-11 02:00:00,2,0.0,0.0,0.0,0.0,0.0,0.0,44.8,-999.0,dos
2026-04-11 03:00:00,3,0.99,462.7,984.8,426.5,58.22,350.1,1809.0,38.0,unauthorized
2026-04-11 04:00:00,4,0.56,298.4,323.2,128.3,59.33,125.7,614.4,57.6,fdi
2026-04-11 05:00:00,5,0.98,60.0,111.5,43.2,59.99,40.0,209.1,18.0,replay
2026-04-11 06:00:00,6,0.0,0.0,0.0,0.0,0.0,0.0,15.1,-999.0,dos
2026-04-11 07:00:00,7,0.95,429.9,735.5,263.1,57.21,392.6,1424.4,-7.0,unauthorized
2026-04-11 08:00:00,8,1.23,267.2,655.9,235.2,60.36,161.8,1064.7,45.7,fdi
2026-04-11 09:00:00,9,0.96,55.0,114.4,48.3,59.99,35.0,240.3,20.0,replay
2026-04-11 10:00:00,10,0.0,0.0,0.0,0.0,0.0,0.0,40.5,-999.0,dos
2026-04-11 11:00:00,11,0.77,377.2,603.3,241.0,61.12,399.2,1270.9,16.1,unauthorized
2026-04-11 12:00:00,12,0.61,284.8,337.8,128.7,59.51,142.8,648.3,62.6,fdi
2026-04-11 13:00:00,13,0.95,50.0,88.1,31.0,60.0,30.0,176.9,19.0,replay
2026-04-11 14:00:00,14,0.0,0.0,0.0,0.0,0.0,0.0,17.8,-999.0,dos
2026-04-11 15:00:00,15,0.51,357.8,379.9,161.1,62.28,355.1,907.8,10.6,unauthorized
2026-04-11 16:00:00,16,0.71,315.3,444.1,186.1,60.46,134.1,797.1,43.5,fdi
2026-04-11 17:00:00,17,0.96,65.0,114.2,49.1,60.0,40.0,250.1,19.0,replay
2026-04-11 18:00:00,18,0.0,0.0,0.0,0.0,0.0,0.0,49.5,-999.0,dos
2026-04-11 19:00:00,19,0.91,376.6,683.2,250.4,60.39,315.9,1288.7,-24.7,unauthorized
2026-04-11 20:00:00,20,1.28,240.3,608.6,253.1,60.59,133.0,1018.8,44.6,fdi
2026-04-11 21:00:00,21,0.95,50.0,100.4,38.0,60.0,40.0,195.8,18.0,replay
2026-04-11 22:00:00,22,0.0,0.0,0.0,0.0,0.0,0.0,37.5,-999.0,dos
2026-04-11 23:00:00,23,1.01,357.8,750.2,325.0,57.6,355.3,1474.6,4.2,unauthorized
2026-04-12 00:00:00,0,1.3,288.4,783.9,299.4,59.28,139.3,1236.8,55.6,fdi
2026-04-12 01:00:00,1,0.98,65.0,122.7,50.2,60.0,30.0,227.2,19.0,replay
2026-04-12 02:00:00,2,0.0,0.0,0.0,0.0,0.0,0.0,21.6,-999.0,dos
2026-04-12 03:00:00,3,0.5,434.1,395.3,164.9,57.72,281.7,870.5,-19.3,unauthorized
2026-04-12 04:00:00,4,1.18,222.9,481.5,213.7,59.31,160.8,888.0,48.9,fdi
2026-04-12 05:00:00,5,0.98,65.0,131.0,47.9,60.01,40.0,245.5,19.0,replay
2026-04-12 06:00:00,6,0.0,0.0,0.0,0.0,0.0,0.0,37.4,-999.0,dos
2026-04-12 07:00:00,7,0.55,401.9,420.5,150.9,57.26,357.9,958.3,74.3,unauthorized
2026-04-12 08:00:00,8,0.56,316.4,344.0,136.3,59.25,212.2,735.9,52.4,fdi
2026-04-12 09:00:00,9,0.97,50.0,98.0,42.3,59.99,40.0,211.5,20.0,replay
2026-04-12 10:00:00,10,0.0,0.0,0.0,0.0,0.0,0.0,13.4,-999.0,dos
2026-04-12 11:00:00,11,1.29,427.2,1062.2,383.4,61.43,294.8,1767.0,13.8,unauthorized
2026-04-12 12:00:00,12,1.28,286.2,692.0,256.0,60.53,153.9,1141.5,47.9,fdi
2026-04-12 13:00:00,13,0.98,65.0,134.5,53.8,60.01,30.0,242.9,18.0,replay
2026-04-12 14:00:00,14,0.0,0.0,0.0,0.0,0.0,0.0,48.4,-999.0,dos
2026-04-12 15:00:00,15,0.61,407.6,526.5,224.7,60.26,341.9,1123.3,16.2,unauthorized
2026-04-12 16:00:00,16,0.68,313.9,464.9,165.7,60.34,208.9,874.6,59.8,fdi
2026-04-12 17:00:00,17,0.97,50.0,96.6,40.3,60.01,30.0,196.8,18.0,replay
2026-04-12 18:00:00,18,0.0,0.0,0.0,0.0,0.0,0.0,11.6,-999.0,dos
2026-04-12 19:00:00,19,1.15,457.4,1083.8,394.0,57.92,258.8,1765.6,29.4,unauthorized
2026-04-12 20:00:00,20,0.59,282.7,342.5,139.3,59.2,171.7,663.9,44.3,fdi
2026-04-12 21:00:00,21,0.98,50.0,102.6,37.6,59.99,30.0,218.4,20.0,replay
2026-04-12 22:00:00,22,0.0,0.0,0.0,0.0,0.0,0.0,14.6,-999.0,dos
2026-04-12 23:00:00,23,0.78,403.0,633.9,284.4,61.96,251.4,1203.3,55.8,unauthorized
2026-04-13 00:00:00,0,1.33,297.8,861.2,386.1,60.47,169.0,1460.9,64.2,fdi
2026-04-13 01:00:00,1,0.96,50.0,101.1,42.5,60.01,35.0,213.2,19.0,replay
2026-04-13 02:00:00,2,0.0,0.0,0.0,0.0,0.0,0.0,46.2,-999.0,dos
2026-04-13 03:00:00,3,0.83,364.2,566.7,228.9,61.36,300.5,1126.5,55.4,unauthorized
2026-04-13 04:00:00,4,1.17,245.1,591.8,261.3,59.29,196.5,1072.6,46.2,fdi
2026-04-13 05:00:00,5,0.97,50.0,87.9,31.0,60.0,30.0,182.9,18.0,replay
2026-04-13 06:00:00,6,0.0,0.0,0.0,0.0,0.0,0.0,13.2,-999.0,dos
2026-04-13 07:00:00,7,1.1,492.4,1060.3,473.4,58.97,354.1,1908.3,63.2,unauthorized
2026-04-13 08:00:00,8,0.71,219.9,322.9,137.6,60.52,213.0,689.6,55.8,fdi
2026-04-13 09:00:00,9,0.97,65.0,125.3,52.7,59.99,35.0,262.7,18.0,replay
2026-04-13 10:00:00,10,0.0,0.0,0.0,0.0,0.0,0.0,11.1,-999.0,dos
2026-04-13 11:00:00,11,0.7,369.0,533.8,200.8,57.68,352.0,1104.7,79.7,unauthorized
2026-04-13 12:00:00,12,1.23,273.3,705.0,307.4,59.35,140.0,1171.0,60.8,fdi
2026-04-13 13:00:00,13,0.98,55.0,105.9,42.8,60.01,30.0,207.2,18.0,replay
2026-04-13 14:00:00,14,0.0,0.0,0.0,0.0,0.0,0.0,42.9,-999.0,dos
2026-04-13 15:00:00,15,1.12,409.3,883.8,350.1,58.4,301.4,1583.6,-31.5,unauthorized
2026-04-13 16:00:00,16,0.59,206.7,241.3,92.5,59.44,124.4,496.7,47.1,fdi
2026-04-13 17:00:00,17,0.98,60.0,124.2,55.4,59.99,35.0,244.5,19.0,replay
2026-04-13 18:00:00,18,0.0,0.0,0.0,0.0,0.0,0.0,37.1,-999.0,dos
2026-04-13 19:00:00,19,0.84,478.3,802.4,320.2,57.3,382.3,1529.3,62.2,unauthorized
2026-04-13 20:00:00,20,1.27,275.4,680.9,247.8,59.47,184.4,1158.3,44.7,fdi
2026-04-13 21:00:00,21,0.98,50.0,91.1,34.9,60.01,40.0,181.5,20.0,replay
2026-04-13 22:00:00,22,0.0,0.0,0.0,0.0,0.0,0.0,38.1,-999.0,dos
2026-04-13 23:00:00,23,0.86,370.3,587.2,254.2,58.89,298.0,1179.9,44.0,unauthorized
2026-04-14 00:00:00,0,0.66,284.7,400.1,169.6,60.31,143.6,760.4,50.4,fdi
2026-04-14 01:00:00,1,0.98,55.0,104.2,42.2,59.99,30.0,190.5,20.0,replay
2026-04-14 02:00:00,2,0.0,0.0,0.0,0.0,0.0,0.0,35.3,-999.0,dos
2026-04-14 03:00:00,3,0.57,489.6,571.0,222.9,60.18,388.4,1223.3,-15.1,unauthorized
2026-04-14 04:00:00,4,1.33,232.8,618.8,276.0,60.46,182.4,1116.4,52.1,fdi
2026-04-14 05:00:00,5,0.98,60.0,108.2,47.1,60.01,35.0,213.2,20.0,replay
2026-04-14 06:00:00,6,0.0,0.0,0.0,0.0,0.0,0.0,22.4,-999.0,dos
2026-04-14 07:00:00,7,1.15,427.7,896.4,348.1,60.95,326.7,1611.2,-36.6,unauthorized
2026-04-14 08:00:00,8,1.22,211.3,541.1,199.0,59.5,140.6,908.1,58.3,fdi
2026-04-14 09:00:00,9,0.98,50.0,107.0,39.5,60.0,40.0,234.3,20.0,replay
2026-04-14 10:00:00,10,0.0,0.0,0.0,0.0,0.0,0.0,14.9,-999.0,dos
2026-04-14 11:00:00,11,1.01,499.7,1109.8,439.0,62.85,395.0,1987.8,1.8,unauthorized
2026-04-14 12:00:00,12,0.71,312.6,457.1,164.2,59.48,137.6,773.4,58.6,fdi
2026-04-14 13:00:00,13,0.98,65.0,133.5,59.1,60.0,40.0,243.8,18.0,replay
2026-04-14 14:00:00,14,0.92,419.7,731.4,310.4,59.39,379.3,1445.5,-0.3,dos
2026-04-14 15:00:00,15,0.73,455.3,704.8,314.8,57.27,307.8,1355.9,1.2,unauthorized
2026-04-14 16:00:00,16,0.71,293.6,398.6,176.3,60.5,173.5,795.4,42.4,fdi
2026-04-14 17:00:00,17,0.97,50.0,103.5,38.2,60.01,40.0,198.2,20.0,replay
2026-04-14 18:00:00,18,0.0,0.0,0.0,0.0,0.0,0.0,10.1,-999.0,dos
2026-04-14 19:00:00,19,1.02,416.7,779.0,322.6,61.35,300.0,1442.7,74.4,unauthorized
2026-04-14 20:00:00,20,0.71,284.2,416.7,165.3,60.45,211.2,808.0,52.3,fdi
2026-04-14 21:00:00,21,0.96,60.0,108.7,40.5,60.01,40.0,210.2,18.0,replay
2026-04-14 22:00:00,22,0.0,0.0,0.0,0.0,0.0,0.0,10.7,-999.0,dos
2026-04-14 23:00:00,23,0.83,399.8,642.9,270.1,62.31,368.2,1324.9,35.1,unauthorized
2026-04-15 00:00:00,0,0.68,260.0,373.7,161.5,60.51,140.7,704.9,59.9,fdi
2026-04-15 01:00:00,1,0.95,60.0,112.8,48.7,59.99,40.0,242.4,19.0,replay
2026-04-15 02:00:00,2,0.0,0.0,0.0,0.0,0.0,0.0,25.6,-999.0,dos
2026-04-15 03:00:00,3,0.49,431.4,388.4,143.4,57.53,320.5,872.6,-24.8,unauthorized
2026-04-15 04:00:00,4,0.56,191.3,208.5,77.4,60.56,182.9,480.3,58.8,fdi
2026-04-15 05:00:00,5,0.95,60.0,104.5,39.3,60.01,40.0,198.9,19.0,replay
2026-04-15 06:00:00,6,0.0,0.0,0.0,0.0,0.0,0.0,48.2,-999.0,dos
2026-04-15 07:00:00,7,0.84,484.8,872.0,381.8,61.06,342.7,1632.2,44.7,unauthorized
2026-04-15 08:00:00,8,0.6,303.2,394.5,147.9,59.52,124.0,714.2,51.1,fdi
2026-04-15 09:00:00,9,0.95,60.0,102.8,43.8,60.0,40.0,219.0,18.0,replay
2026-04-15 10:00:00,10,0.0,0.0,0.0,0.0,0.0,0.0,20.9,-999.0,dos
2026-04-15 11:00:00,11,1.08,386.5,867.2,325.4,60.57,369.1,1609.5,-36.0,unauthorized
2026-04-15 12:00:00,12,1.23,315.3,702.1,258.3,59.31,177.5,1169.9,55.8,fdi
2026-04-15 13:00:00,13,0.97,50.0,104.9,37.8,60.01,40.0,232.4,18.0,replay
2026-04-15 14:00:00,14,0.0,0.0,0.0,0.0,0.0,0.0,10.2,-999.0,dos
2026-04-15 15:00:00,15,1.03,399.8,862.1,382.8,62.02,357.5,1616.1,2.0,unauthorized
2026-04-15 16:00:00,16,1.25,255.9,590.2,234.7,60.48,184.5,1033.6,55.3,fdi
2026-04-15 17:00:00,17,0.97,50.0,89.6,39.8,60.0,30.0,177.9,18.0,replay
2026-04-15 18:00:00,18,0.0,0.0,0.0,0.0,0.0,0.0,27.2,-999.0,dos
2026-04-15 19:00:00,19,0.56,460.6,474.2,186.7,61.14,331.5,1005.8,27.9,unauthorized
2026-04-15 20:00:00,20,0.65,284.0,341.2,147.3,59.27,179.5,700.3,59.4,fdi
2026-04-15 21:00:00,21,1.29,210.6,538.5,225.0,59.45,210.4,987.8,42.8,replay
2026-04-15 22:00:00,22,0.0,0.0,0.0,0.0,0.0,0.0,27.4,-999.0,dos
2026-04-15 23:00:00,23,0.46,457.7,387.2,170.2,60.49,325.1,920.1,76.5,unauthorized
2026-04-16 00:00:00,0,0.62,294.0,377.3,139.3,60.55,183.7,726.7,45.2,fdi
2026-04-16 01:00:00,1,0.95,55.0,104.5,39.2,59.99,30.0,211.1,18.0,replay
2026-04-16 02:00:00,2,0.0,0.0,0.0,0.0,0.0,0.0,45.2,-999.0,dos
2026-04-16 03:00:00,3,1.11,391.6,806.0,312.3,57.0,379.8,1534.6,58.7,unauthorized
2026-04-16 04:00:00,4,0.57,240.2,277.2,120.6,60.39,121.5,531.6,62.7,fdi
2026-04-16 05:00:00,5,0.98,50.0,92.2,32.9,59.99,35.0,173.3,18.0,replay
2026-04-16 06:00:00,6,0.0,0.0,0.0,0.0,0.0,0.0,39.0,-999.0,dos
2026-04-16 07:00:00,7,0.54,371.4,364.1,127.9,61.53,358.2,871.7,5.4,unauthorized
2026-04-16 08:00:00,8,0.97,65.0,136.6,49.3,60.01,40.0,243.6,18.0,fdi
2026-04-16 09:00:00,9,0.97,50.0,87.3,38.7,60.0,40.0,198.2,18.0,replay
2026-04-16 10:00:00,10,0.0,0.0,0.0,0.0,0.0,0.0,23.1,-999.0,dos
2026-04-16 11:00:00,11,1.11,434.9,929.3,342.0,62.55,253.8,1555.6,45.0,unauthorized
2026-04-16 12:00:00,12,1.19,237.1,617.7,274.5,60.36,134.9,1056.3,42.1,fdi
2026-04-16 13:00:00,13,0.97,50.0,91.7,32.6,60.0,40.0,178.1,19.0,replay
2026-04-16 14:00:00,14,0.0,0.0,0.0,0.0,0.0,0.0,11.2,-999.0,dos
2026-04-16 15:00:00,15,1.06,427.3,939.1,392.8,58.64,348.7,1694.3,3.7,unauthorized
2026-04-16 16:00:00,16,1.23,313.8,846.7,335.6,60.5,185.5,1393.6,45.8,fdi
2026-04-16 17:00:00,17,0.98,50.0,103.7,44.1,60.01,35.0,194.3,19.0,replay
2026-04-16 18:00:00,18,0.0,0.0,0.0,0.0,0.0,0.0,18.9,-999.0,dos
2026-04-16 19:00:00,19,0.66,449.2,648.1,237.3,60.65,266.2,1185.5,38.7,unauthorized
2026-04-16 20:00:00,20,1.21,229.6,541.5,218.7,60.59,182.5,967.9,53.5,fdi
2026-04-16 21:00:00,21,0.96,55.0,105.6,37.4,60.0,35.0,191.1,20.0,replay
2026-04-16 22:00:00,22,0.0,0.0,0.0,0.0,0.0,0.0,37.1,-999.0,dos
2026-04-16 23:00:00,23,1.12,484.5,1041.0,439.8,57.9,308.2,1835.5,15.7,unauthorized
2026-04-17 00:00:00,0,0.64,253.2,351.5,145.6,59.29,158.3,678.8,54.7,fdi
2026-04-17 01:00:00,1,0.59,393.4,465.7,196.3,62.34,275.9,952.4,70.7,replay
2026-04-17 02:00:00,2,0.0,0.0,0.0,0.0,0.0,0.0,20.6,-999.0,dos
2026-04-17 03:00:00,3,0.6,369.4,446.2,161.6,58.4,346.3,996.3,14.6,unauthorized
2026-04-17 04:00:00,4,1.23,189.6,461.2,169.9,59.46,210.2,866.1,47.4,fdi
2026-04-17 05:00:00,5,0.98,50.0,105.7,41.1,60.01,40.0,213.0,20.0,replay
2026-04-17 06:00:00,6,0.0,0.0,0.0,0.0,0.0,0.0,39.4,-999.0,dos
2026-04-17 07:00:00,7,1.29,279.8,788.2,289.9,59.39,147.1,1248.3,57.7,unauthorized
2026-04-17 08:00:00,8,1.15,227.2,572.1,256.6,59.22,162.9,1018.4,59.5,fdi
2026-04-17 09:00:00,9,0.96,55.0,112.2,45.2,60.0,40.0,220.9,19.0,replay
2026-04-17 10:00:00,10,0.0,0.0,0.0,0.0,0.0,0.0,28.1,-999.0,dos
2026-04-17 11:00:00,11,0.44,404.6,349.8,129.3,62.1,364.1,891.4,-13.5,unauthorized
2026-04-17 12:00:00,12,0.67,302.3,396.4,171.9,59.21,217.5,825.3,62.0,fdi
2026-04-17 13:00:00,13,0.95,55.0,111.8,49.8,60.01,40.0,238.0,20.0,replay
2026-04-17 14:00:00,14,0.0,0.0,0.0,0.0,0.0,0.0,23.1,-999.0,dos
2026-04-17 15:00:00,15,1.12,371.4,895.9,341.5,57.84,357.4,1606.5,11.8,unauthorized
2026-04-17 16:00:00,16,0.64,275.7,334.6,120.4,59.44,124.4,598.8,50.5,fdi
2026-04-17 17:00:00,17,0.95,65.0,116.9,45.6,60.01,40.0,230.5,20.0,replay
2026-04-17 18:00:00,18,0.0,0.0,0.0,0.0,0.0,0.0,11.8,-999.0,dos
2026-04-17 19:00:00,19,0.82,494.8,851.7,352.2,60.6,345.3,1568.7,45.6,unauthorized
2026-04-17 20:00:00,20,0.68,319.5,431.9,176.2,59.49,215.1,846.4,45.5,fdi
2026-04-17 21:00:00,21,0.95,55.0,99.5,42.1,60.0,40.0,213.7,19.0,replay
2026-04-17 22:00:00,22,0.0,0.0,0.0,0.0,0.0,0.0,45.8,-999.0,dos
2026-04-17 23:00:00,23,1.22,431.8,1157.9,405.9,58.32,300.6,1913.9,5.8,unauthorized
2026-04-18 00:00:00,0,0.63,314.9,358.8,145.2,60.26,142.4,659.4,63.7,fdi
2026-04-18 01:00:00,1,0.98,50.0,101.7,45.5,60.0,35.0,212.6,19.0,replay
2026-04-18 02:00:00,2,0.0,0.0,0.0,0.0,0.0,0.0,29.4,-999.0,dos
2026-04-18 03:00:00,3,1.04,470.2,923.3,377.0,61.72,278.7,1616.0,38.0,unauthorized
2026-04-18 04:00:00,4,1.17,190.8,481.1,183.9,60.54,204.4,883.0,59.0,fdi
2026-04-18 05:00:00,5,0.97,60.0,107.5,42.1,60.0,30.0,200.5,19.0,replay
2026-04-18 06:00:00,6,0.59,201.2,231.0,85.7,60.41,144.6,501.4,53.8,dos
2026-04-18 07:00:00,7,1.2,434.2,947.8,421.8,61.99,250.7,1658.4,49.9,unauthorized
2026-04-18 08:00:00,8,1.32,306.4,733.8,263.2,59.48,201.9,1234.9,55.2,fdi
2026-04-18 09:00:00,9,0.96,60.0,116.8,49.2,60.0,35.0,242.1,19.0,replay
2026-04-18 10:00:00,10,0.0,0.0,0.0,0.0,0.0,0.0,21.7,-999.0,dos
2026-04-18 11:00:00,11,0.74,435.3,650.5,255.2,57.32,326.5,1253.5,4.2,unauthorized
2026-04-18 12:00:00,12,1.29,309.5,789.2,276.9,59.51,132.5,1226.3,53.4,fdi
2026-04-18 13:00:00,13,0.96,60.0,111.2,43.9,60.0,30.0,213.3,18.0,replay
2026-04-18 14:00:00,14,0.0,0.0,0.0,0.0,0.0,0.0,11.1,-999.0,dos
2026-04-18 15:00:00,15,1.28,427.1,1039.3,408.5,60.49,274.4,1769.4,-13.5,unauthorized
2026-04-18 16:00:00,16,1.2,233.8,533.5,190.9,59.35,159.2,894.6,55.0,fdi
2026-04-18 17:00:00,17,0.97,55.0,109.2,43.7,60.01,35.0,232.0,20.0,replay
2026-04-18 18:00:00,18,0.0,0.0,0.0,0.0,0.0,0.0,21.3,-999.0,dos
2026-04-18 19:00:00,19,1.02,495.0,1020.6,438.9,59.23,254.8,1753.5,13.5,unauthorized
2026-04-18 20:00:00,20,0.6,269.8,301.8,123.4,59.55,133.9,574.5,46.4,fdi
2026-04-18 21:00:00,21,0.98,60.0,125.0,47.7,60.01,30.0,228.8,19.0,replay
2026-04-18 22:00:00,22,0.0,0.0,0.0,0.0,0.0,0.0,46.6,-999.0,dos
2026-04-18 23:00:00,23,1.06,374.8,769.5,269.4,59.61,344.7,1425.8,6.2,unauthorized
2026-04-19 00:00:00,0,0.67,256.8,357.9,155.5,60.6,179.0,702.8,57.7,fdi
2026-04-19 01:00:00,1,0.95,55.0,98.6,41.4,59.99,30.0,188.1,19.0,replay
2026-04-19 02:00:00,2,0.0,0.0,0.0,0.0,0.0,0.0,30.7,-999.0,dos
2026-04-19 03:00:00,3,1.17,494.0,1192.1,502.5,57.34,255.8,1964.3,78.5,unauthorized
2026-04-19 04:00:00,4,1.24,195.4,470.8,167.3,60.45,120.0,773.5,44.6,fdi
2026-04-19 05:00:00,5,0.97,55.0,96.3,42.2,59.99,35.0,201.2,20.0,replay
2026-04-19 06:00:00,6,0.0,0.0,0.0,0.0,0.0,0.0,37.8,-999.0,dos
2026-04-19 07:00:00,7,1.15,400.7,860.0,329.2,59.11,267.8,1502.8,-22.4,unauthorized
2026-04-19 08:00:00,8,0.56,262.8,312.7,115.5,60.59,204.6,665.3,52.5,fdi
2026-04-19 09:00:00,9,0.98,50.0,102.9,41.3,60.01,30.0,187.7,20.0,replay
2026-04-19 10:00:00,10,0.0,0.0,0.0,0.0,0.0,0.0,46.1,-999.0,dos
2026-04-19 11:00:00,11,1.15,462.8,1029.3,409.0,57.93,274.6,1762.9,-31.5,unauthorized
2026-04-19 12:00:00,12,0.67,208.6,270.8,119.1,60.44,190.0,605.2,65.0,fdi
2026-04-19 13:00:00,13,0.97,60.0,105.2,40.7,59.99,30.0,215.8,18.0,replay
2026-04-19 14:00:00,14,0.0,0.0,0.0,0.0,0.0,0.0,21.6,-999.0,dos
2026-04-19 15:00:00,15,1.2,466.3,1047.5,397.0,60.15,292.7,1754.5,57.1,unauthorized
2026-04-19 16:00:00,16,0.66,238.2,320.4,118.3,60.57,170.8,624.8,51.4,fdi
2026-04-19 17:00:00,17,0.98,65.0,117.3,51.3,60.01,35.0,228.5,18.0,replay
2026-04-19 18:00:00,18,0.0,0.0,0.0,0.0,0.0,0.0,26.3,-999.0,dos
2026-04-19 19:00:00,19,0.83,455.1,772.8,298.9,59.59,308.9,1400.9,78.9,unauthorized
2026-04-19 20:00:00,20,0.61,295.0,389.6,159.4,60.38,197.9,766.6,53.3,fdi
2026-04-19 21:00:00,21,0.96,55.0,109.3,45.5,60.01,40.0,228.7,19.0,replay
2026-04-19 22:00:00,22,0.0,0.0,0.0,0.0,0.0,0.0,37.8,-999.0,dos
2026-04-19 23:00:00,23,0.42,493.0,447.7,161.0,62.07,289.1,927.9,34.0,unauthorized
2026-04-20 00:00:00,0,1.32,233.3,641.4,237.6,60.27,124.3,1039.1,51.4,fdi
2026-04-20 01:00:00,1,0.97,60.0,118.2,45.0,60.01,35.0,234.9,19.0,replay
2026-04-20 02:00:00,2,0.0,0.0,0.0,0.0,0.0,0.0,17.3,-999.0,dos
2026-04-20 03:00:00,3,1.23,440.0,1072.5,481.5,60.66,326.8,1920.8,6.6,unauthorized
2026-04-20 04:00:00,4,1.25,272.3,730.3,279.6,60.49,152.9,1211.4,51.4,fdi
2026-04-20 05:00:00,5,0.98,55.0,107.1,42.8,59.99,40.0,217.4,20.0,replay
2026-04-20 06:00:00,6,0.0,0.0,0.0,0.0,0.0,0.0,31.1,-999.0,dos
2026-04-20 07:00:00,7,1.11,406.6,895.3,393.0,59.48,306.1,1632.2,24.4,unauthorized
2026-04-20 08:00:00,8,0.72,269.0,421.9,165.3,59.26,125.2,730.9,55.3,fdi
2026-04-20 09:00:00,9,0.97,55.0,103.3,43.1,60.0,30.0,198.3,19.0,replay
2026-04-20 10:00:00,10,0.0,0.0,0.0,0.0,0.0,0.0,10.2,-999.0,dos
2026-04-20 11:00:00,11,0.66,358.4,500.9,183.7,62.47,298.4,1026.9,11.1,unauthorized
2026-04-20 12:00:00,12,0.67,306.7,424.3,156.4,59.36,177.2,790.3,46.6,fdi
2026-04-20 13:00:00,13,0.98,65.0,117.6,47.2,59.99,40.0,234.7,20.0,replay
2026-04-20 14:00:00,14,0.0,0.0,0.0,0.0,0.0,0.0,42.3,-999.0,dos
2026-04-20 15:00:00,15,0.6,479.3,576.5,236.2,59.06,392.0,1224.5,-31.4,unauthorized
2026-04-20 16:00:00,16,0.55,265.2,281.1,113.6,60.32,219.6,637.0,62.6,fdi
2026-04-20 17:00:00,17,0.96,55.0,105.6,41.1,60.01,35.0,229.2,18.0,replay
2026-04-20 18:00:00,18,0.0,0.0,0.0,0.0,0.0,0.0,36.9,-999.0,dos
2026-04-20 19:00:00,19,0.72,489.8,716.2,320.3,61.07,374.0,1433.2,-7.5,unauthorized
2026-04-20 20:00:00,20,0.62,202.3,267.2,112.2,59.55,176.9,568.0,59.8,fdi
2026-04-20 21:00:00,21,0.96,55.0,111.1,45.4,59.99,30.0,198.6,19.0,replay
2026-04-20 22:00:00,22,0.0,0.0,0.0,0.0,0.0,0.0,15.7,-999.0,dos
2026-04-20 23:00:00,23,0.98,440.4,846.6,372.8,60.53,267.6,1533.5,32.0,unauthorized
2026-04-21 00:00:00,0,0.57,191.9,223.8,82.4,59.35,165.1,489.8,61.5,fdi
2026-04-21 01:00:00,1,0.89,492.5,872.6,386.1,61.28,265.5,1544.1,-20.6,replay
2026-04-21 02:00:00,2,0.0,0.0,0.0,0.0,0.0,0.0,20.8,-999.0,dos
2026-04-21 03:00:00,3,0.45,449.1,433.3,159.7,57.26,370.1,978.1,59.5,unauthorized
2026-04-21 04:00:00,4,1.27,251.9,627.1,240.7,60.51,200.4,1085.9,64.1,fdi
2026-04-21 05:00:00,5,0.96,60.0,109.7,39.3,59.99,30.0,199.9,20.0,replay
2026-04-21 06:00:00,6,0.0,0.0,0.0,0.0,0.0,0.0,27.5,-999.0,dos
2026-04-21 07:00:00,7,0.57,443.9,500.6,204.8,59.32,258.4,1009.3,70.4,unauthorized
2026-04-21 08:00:00,8,0.71,204.4,311.5,130.3,59.24,147.5,603.5,60.6,fdi
2026-04-21 09:00:00,9,0.98,55.0,104.3,38.7,59.99,35.0,192.3,20.0,replay
2026-04-21 10:00:00,10,0.0,0.0,0.0,0.0,0.0,0.0,19.3,-999.0,dos
2026-04-21 11:00:00,11,0.54,416.1,472.2,193.4,61.21,270.3,966.3,31.7,unauthorized
2026-04-21 12:00:00,12,0.58,276.8,324.9,122.4,60.26,148.1,610.7,64.3,fdi
2026-04-21 13:00:00,13,0.96,60.0,117.6,43.1,60.01,40.0,227.6,20.0,replay
2026-04-21 14:00:00,14,0.0,0.0,0.0,0.0,0.0,0.0,12.8,-999.0,dos
2026-04-21 15:00:00,15,0.55,430.1,493.1,208.5,61.5,294.3,1043.8,51.0,unauthorized
2026-04-21 16:00:00,16,1.29,293.1,702.7,314.7,60.55,125.8,1174.1,42.1,fdi
2026-04-21 17:00:00,17,0.98,55.0,101.6,36.6,60.01,30.0,198.8,18.0,replay
2026-04-21 18:00:00,18,0.0,0.0,0.0,0.0,0.0,0.0,35.2,-999.0,dos
2026-04-21 19:00:00,19,0.63,449.2,596.5,262.2,59.35,260.5,1140.5,-15.7,unauthorized
2026-04-21 20:00:00,20,1.34,275.7,738.6,260.5,59.5,154.0,1169.1,44.6,fdi
2026-04-21 21:00:00,21,0.98,60.0,119.1,43.2,60.01,35.0,237.5,19.0,replay
2026-04-21 22:00:00,22,0.0,0.0,0.0,0.0,0.0,0.0,34.3,-999.0,dos
2026-04-21 23:00:00,23,0.46,391.7,386.2,146.8,63.0,264.9,818.4,20.8,unauthorized
2026-04-22 00:00:00,0,1.28,283.6,783.7,345.3,59.55,200.3,1378.3,57.1,fdi
2026-04-22 01:00:00,1,0.97,50.0,102.3,45.2,59.99,35.0,209.6,20.0,replay
2026-04-22 02:00:00,2,0.0,0.0,0.0,0.0,0.0,0.0,26.6,-999.0,dos
2026-04-22 03:00:00,3,0.82,372.9,610.8,223.9,59.82,353.6,1214.9,55.9,unauthorized
2026-04-22 04:00:00,4,1.29,251.0,609.6,217.4,60.53,128.4,985.6,54.1,fdi
2026-04-22 05:00:00,5,0.98,65.0,115.7,48.0,60.01,35.0,213.5,19.0,replay
2026-04-22 06:00:00,6,0.0,0.0,0.0,0.0,0.0,0.0,10.9,-999.0,dos
2026-04-22 07:00:00,7,1.04,424.3,926.1,377.4,60.62,351.7,1698.2,66.1,unauthorized
2026-04-22 08:00:00,8,1.17,282.4,699.6,311.2,59.24,163.2,1203.9,43.4,fdi
2026-04-22 09:00:00,9,0.96,65.0,122.1,49.6,60.01,30.0,232.8,20.0,replay
2026-04-22 10:00:00,10,0.0,0.0,0.0,0.0,0.0,0.0,48.0,-999.0,dos
2026-04-22 11:00:00,11,0.59,400.0,518.5,232.5,59.93,385.8,1170.7,22.5,unauthorized
2026-04-22 12:00:00,12,0.69,272.0,348.7,153.2,59.23,183.5,721.0,47.0,fdi
2026-04-22 13:00:00,13,0.97,50.0,92.3,34.1,59.99,35.0,189.8,20.0,replay
2026-04-22 14:00:00,14,0.0,0.0,0.0,0.0,0.0,0.0,22.0,-999.0,dos
2026-04-22 15:00:00,15,1.35,451.2,1203.3,518.3,61.7,305.0,2054.9,-7.3,unauthorized
2026-04-22 16:00:00,16,0.56,186.4,189.6,72.3,60.38,133.1,412.4,62.0,fdi
2026-04-22 17:00:00,17,0.98,50.0,105.0,40.0,59.99,30.0,206.3,19.0,replay
2026-04-22 18:00:00,18,0.0,0.0,0.0,0.0,0.0,0.0,39.4,-999.0,dos
2026-04-22 19:00:00,19,0.43,422.2,379.0,141.8,58.35,312.0,882.2,62.8,unauthorized
2026-04-22 20:00:00,20,0.64,306.2,421.6,170.0,59.39,194.9,820.7,47.4,fdi
2026-04-22 21:00:00,21,0.96,60.0,122.9,47.5,59.99,40.0,250.6,19.0,replay
2026-04-22 22:00:00,22,0.0,0.0,0.0,0.0,0.0,0.0,49.1,-999.0,dos
2026-04-22 23:00:00,23,1.26,443.3,1058.3,377.8,61.9,347.7,1815.2,10.9,unauthorized
2026-04-23 00:00:00,0,0.61,295.8,385.4,167.1,59.3,121.4,695.7,44.7,fdi
2026-04-23 01:00:00,1,0.96,55.0,107.8,40.4,60.01,40.0,219.2,19.0,replay
2026-04-23 02:00:00,2,0.0,0.0,0.0,0.0,0.0,0.0,25.5,-999.0,dos
2026-04-23 03:00:00,3,0.78,473.6,676.7,301.0,59.0,316.0,1326.7,33.9,unauthorized
2026-04-23 04:00:00,4,0.7,253.1,342.6,135.8,59.22,131.3,632.9,55.7,fdi
2026-04-23 05:00:00,5,0.98,65.0,125.8,45.8,59.99,30.0,245.9,19.0,replay
2026-04-23 06:00:00,6,0.0,0.0,0.0,0.0,0.0,0.0,34.3,-999.0,dos
2026-04-23 07:00:00,7,0.68,410.6,584.8,213.1,61.84,364.2,1176.1,48.7,unauthorized
2026-04-23 08:00:00,8,0.67,264.8,348.2,132.4,60.33,186.8,688.2,63.0,fdi
2026-04-23 09:00:00,9,0.97,50.0,99.4,39.6,60.01,30.0,218.5,19.0,replay
2026-04-23 10:00:00,10,0.0,0.0,0.0,0.0,0.0,0.0,40.5,-999.0,dos
2026-04-23 11:00:00,11,0.9,407.6,773.5,292.2,57.82,303.5,1393.9,66.7,unauthorized
2026-04-23 12:00:00,12,1.25,277.7,665.6,254.8,60.32,172.1,1120.0,50.2,fdi
2026-04-23 13:00:00,13,0.97,60.0,104.8,40.2,60.01,30.0,217.6,20.0,replay
2026-04-23 14:00:00,14,0.0,0.0,0.0,0.0,0.0,0.0,18.2,-999.0,dos
2026-04-23 15:00:00,15,1.32,371.9,920.9,335.8,61.34,261.3,1528.1,31.8,unauthorized
2026-04-23 16:00:00,16,0.56,263.9,303.3,118.3,60.34,207.4,646.7,44.6,fdi
2026-04-23 17:00:00,17,0.95,55.0,109.9,48.8,60.0,40.0,229.2,20.0,replay
2026-04-23 18:00:00,18,0.74,451.0,665.6,270.7,58.63,251.0,1224.6,0.6,dos
2026-04-23 19:00:00,19,0.87,390.0,616.1,232.0,62.69,304.0,1169.3,-28.0,unauthorized
2026-04-23 20:00:00,20,0.6,260.9,338.8,146.5,59.34,126.6,625.4,47.3,fdi
2026-04-23 21:00:00,21,0.97,50.0,91.4,40.7,60.0,30.0,203.4,19.0,replay
2026-04-23 22:00:00,22,0.0,0.0,0.0,0.0,0.0,0.0,14.5,-999.0,dos
2026-04-23 23:00:00,23,1.06,399.5,822.9,353.1,60.94,286.7,1478.2,46.5,unauthorized
2026-04-24 00:00:00,0,1.23,240.6,600.4,235.0,60.6,139.3,1010.0,59.7,fdi
2026-04-24 01:00:00,1,0.96,65.0,122.5,48.6,59.99,30.0,244.9,18.0,replay
2026-04-24 02:00:00,2,0.0,0.0,0.0,0.0,0.0,0.0,21.9,-999.0,dos
2026-04-24 03:00:00,3,0.57,358.0,418.9,155.7,58.15,290.2,901.9,-6.1,unauthorized
2026-04-24 04:00:00,4,1.25,309.1,793.1,327.0,59.54,185.0,1321.0,57.5,fdi
2026-04-24 05:00:00,5,0.96,55.0,104.8,45.9,60.01,30.0,226.9,19.0,replay
2026-04-24 06:00:00,6,0.0,0.0,0.0,0.0,0.0,0.0,11.6,-999.0,dos
2026-04-24 07:00:00,7,1.09,353.1,822.1,342.5,62.06,389.2,1587.1,-11.4,unauthorized
2026-04-24 08:00:00,8,1.31,224.0,554.9,199.8,59.36,131.7,900.8,50.8,fdi
2026-04-24 09:00:00,9,0.98,50.0,89.5,38.4,60.01,35.0,204.3,20.0,replay
2026-04-24 10:00:00,10,0.0,0.0,0.0,0.0,0.0,0.0,28.1,-999.0,dos
2026-04-24 11:00:00,11,1.1,492.6,988.7,384.2,57.63,256.1,1665.0,76.8,unauthorized
2026-04-24 12:00:00,12,1.16,253.0,626.7,229.5,60.36,207.4,1101.2,59.2,fdi
2026-04-24 13:00:00,13,0.97,65.0,126.8,55.0,59.99,35.0,232.8,20.0,replay
2026-04-24 14:00:00,14,0.0,0.0,0.0,0.0,0.0,0.0,31.3,-999.0,dos
2026-04-24 15:00:00,15,0.53,394.4,383.2,149.0,59.13,356.5,917.1,-18.6,unauthorized
2026-04-24 16:00:00,16,0.7,220.5,328.7,116.2,59.33,120.1,575.2,55.3,fdi
2026-04-24 17:00:00,17,0.96,55.0,96.0,39.0,60.0,35.0,196.4,20.0,replay
2026-04-24 18:00:00,18,0.0,0.0,0.0,0.0,0.0,0.0,37.3,-999.0,dos
2026-04-24 19:00:00,19,0.53,371.0,404.1,164.7,57.27,331.2,937.2,55.3,unauthorized
2026-04-24 20:00:00,20,1.21,279.7,693.3,296.9,60.25,179.6,1206.8,63.7,fdi
2026-04-24 21:00:00,21,0.98,65.0,132.3,51.6,60.0,35.0,249.3,18.0,replay
2026-04-24 22:00:00,22,0.0,0.0,0.0,0.0,0.0,0.0,40.5,-999.0,dos
2026-04-24 23:00:00,23,0.88,461.3,863.7,342.8,58.16,365.6,1609.6,-20.0,unauthorized
2026-04-25 00:00:00,0,1.2,301.4,677.4,247.4,60.47,212.3,1157.2,57.5,fdi
2026-04-25 01:00:00,1,0.96,55.0,105.6,46.5,60.0,30.0,217.4,19.0,replay
2026-04-25 02:00:00,2,0.0,0.0,0.0,0.0,0.0,0.0,21.7,-999.0,dos
2026-04-25 03:00:00,3,0.84,420.8,732.0,284.7,59.99,382.6,1410.5,32.5,unauthorized
2026-04-25 04:00:00,4,0.71,312.1,411.6,160.2,59.44,204.5,825.0,55.8,fdi
2026-04-25 05:00:00,5,0.95,65.0,119.8,42.6,60.0,40.0,217.1,19.0,replay
2026-04-25 06:00:00,6,0.0,0.0,0.0,0.0,0.0,0.0,12.5,-999.0,dos
2026-04-25 07:00:00,7,0.41,454.3,351.0,148.1,60.72,346.7,888.3,4.9,unauthorized
2026-04-25 08:00:00,8,1.2,203.5,534.0,232.2,59.39,141.6,953.0,49.1,fdi
2026-04-25 09:00:00,9,0.98,50.0,99.8,37.8,60.01,40.0,221.6,19.0,replay
2026-04-25 10:00:00,10,0.0,0.0,0.0,0.0,0.0,0.0,15.0,-999.0,dos
2026-04-25 11:00:00,11,0.44,390.9,328.2,132.1,59.4,321.7,812.4,25.2,unauthorized
2026-04-25 12:00:00,12,0.64,226.5,284.1,107.4,59.5,218.3,646.3,57.9,fdi
2026-04-25 13:00:00,13,0.97,60.0,114.2,50.3,59.99,30.0,234.8,20.0,replay
2026-04-25 14:00:00,14,0.0,0.0,0.0,0.0,0.0,0.0,27.9,-999.0,dos
2026-04-25 15:00:00,15,1.3,432.7,1034.8,439.1,58.53,315.3,1803.7,22.0,unauthorized
2026-04-25 16:00:00,16,0.63,297.9,403.0,171.3,60.59,140.9,734.5,42.9,fdi
2026-04-25 17:00:00,17,0.98,60.0,112.2,49.8,60.0,40.0,212.5,19.0,replay
2026-04-25 18:00:00,18,0.0,0.0,0.0,0.0,0.0,0.0,30.9,-999.0,dos
2026-04-25 19:00:00,19,0.72,352.3,546.6,240.6,61.38,356.6,1176.0,38.5,unauthorized
2026-04-25 20:00:00,20,1.32,294.3,753.6,288.7,60.44,210.7,1277.3,46.2,fdi
2026-04-25 21:00:00,21,0.98,50.0,97.4,41.4,60.0,35.0,198.2,19.0,replay
2026-04-25 22:00:00,22,0.0,0.0,0.0,0.0,0.0,0.0,42.9,-999.0,dos
2026-04-25 23:00:00,23,0.54,371.7,426.4,191.6,57.62,342.4,985.1,-26.1,unauthorized
2026-04-26 00:00:00,0,0.71,305.2,401.2,160.6,60.31,195.5,798.4,57.8,fdi
2026-04-26 01:00:00,1,0.96,60.0,117.9,45.0,60.0,40.0,241.7,18.0,replay
2026-04-26 02:00:00,2,0.0,0.0,0.0,0.0,0.0,0.0,24.7,-999.0,dos
2026-04-26 03:00:00,3,1.0,428.8,866.4,318.7,62.34,250.5,1481.9,-6.1,unauthorized
2026-04-26 04:00:00,4,1.31,243.1,662.6,263.7,59.2,156.6,1104.9,45.2,fdi
2026-04-26 05:00:00,5,0.98,65.0,121.0,52.2,60.01,40.0,241.9,18.0,replay
2026-04-26 06:00:00,6,0.0,0.0,0.0,0.0,0.0,0.0,21.5,-999.0,dos
2026-04-26 07:00:00,7,0.52,355.4,381.1,165.8,60.65,301.3,871.0,-0.5,unauthorized
2026-04-26 08:00:00,8,0.66,208.4,298.0,108.3,59.43,182.5,604.6,62.8,fdi
2026-04-26 09:00:00,9,0.98,60.0,128.6,56.8,60.0,40.0,250.7,20.0,replay
2026-04-26 10:00:00,10,0.0,0.0,0.0,0.0,0.0,0.0,45.3,-999.0,dos
2026-04-26 11:00:00,11,0.68,417.0,519.2,227.4,59.57,393.9,1186.3,-19.0,unauthorized
2026-04-26 12:00:00,12,0.66,258.9,372.5,141.7,60.46,121.4,683.1,49.5,fdi
2026-04-26 13:00:00,13,0.95,65.0,123.5,54.1,60.01,35.0,224.3,20.0,replay
2026-04-26 14:00:00,14,0.0,0.0,0.0,0.0,0.0,0.0,45.4,-999.0,dos
2026-04-26 15:00:00,15,1.23,450.7,1054.5,454.9,58.06,387.7,1911.3,-10.5,unauthorized
2026-04-26 16:00:00,16,0.69,200.6,293.2,121.7,59.45,206.1,648.3,63.5,fdi
2026-04-26 17:00:00,17,0.96,60.0,106.1,37.5,59.99,30.0,213.6,20.0,replay
2026-04-26 18:00:00,18,0.0,0.0,0.0,0.0,0.0,0.0,27.5,-999.0,dos
2026-04-26 19:00:00,19,0.78,365.5,554.6,215.9,59.78,347.2,1146.2,-38.5,unauthorized
2026-04-26 20:00:00,20,0.71,308.0,466.5,170.6,59.38,202.6,850.8,61.2,fdi
2026-04-26 21:00:00,21,0.98,60.0,125.1,52.1,60.0,40.0,256.6,20.0,replay
2026-04-26 22:00:00,22,0.0,0.0,0.0,0.0,0.0,0.0,17.3,-999.0,dos
2026-04-26 23:00:00,23,0.69,496.3,686.6,306.9,62.93,369.2,1400.6,35.5,unauthorized
2026-04-27 00:00:00,0,1.22,299.7,705.4,297.4,60.58,170.7,1202.9,63.3,fdi
2026-04-27 01:00:00,1,0.98,60.0,111.8,49.3,59.99,30.0,212.8,20.0,replay
2026-04-27 02:00:00,2,0.0,0.0,0.0,0.0,0.0,0.0,46.0,-999.0,dos
2026-04-27 03:00:00,3,0.66,488.0,696.3,249.2,61.83,271.2,1259.6,52.3,unauthorized
2026-04-27 04:00:00,4,0.63,277.7,327.4,141.6,60.52,123.3,614.9,52.5,fdi
2026-04-27 05:00:00,5,0.98,60.0,124.9,46.4,60.01,35.0,252.4,20.0,replay
2026-04-27 06:00:00,6,0.0,0.0,0.0,0.0,0.0,0.0,16.5,-999.0,dos
2026-04-27 07:00:00,7,1.01,485.9,910.3,362.3,58.53,364.5,1666.4,45.3,unauthorized
2026-04-27 08:00:00,8,0.71,280.3,428.2,154.4,59.22,123.7,730.6,62.6,fdi
2026-04-27 09:00:00,9,0.95,65.0,132.0,49.1,60.0,40.0,231.7,18.0,replay
2026-04-27 10:00:00,10,0.0,0.0,0.0,0.0,0.0,0.0,30.3,-999.0,dos
2026-04-27 11:00:00,11,1.16,386.2,988.3,431.8,61.24,336.8,1797.3,78.3,unauthorized
2026-04-27 12:00:00,12,0.71,183.3,265.2,107.4,59.28,175.8,596.8,52.7,fdi
2026-04-27 13:00:00,13,0.97,50.0,106.2,44.7,59.99,30.0,191.4,19.0,replay
2026-04-27 14:00:00,14,0.0,0.0,0.0,0.0,0.0,0.0,48.7,-999.0,dos
2026-04-27 15:00:00,15,1.11,444.1,1018.5,435.4,57.07,382.8,1871.9,-23.2,unauthorized
2026-04-27 16:00:00,16,0.59,267.9,337.6,123.7,59.53,180.4,652.5,48.0,fdi
2026-04-27 17:00:00,17,0.97,50.0,91.1,33.7,60.0,30.0,183.6,19.0,replay
2026-04-27 18:00:00,18,0.0,0.0,0.0,0.0,0.0,0.0,41.3,-999.0,dos
2026-04-27 19:00:00,19,0.88,445.7,795.9,283.8,61.12,258.8,1354.0,10.2,unauthorized
2026-04-27 20:00:00,20,0.58,254.9,265.4,96.9,59.21,184.3,573.5,43.7,fdi
2026-04-27 21:00:00,21,0.98,55.0,102.1,41.0,59.99,40.0,224.9,19.0,replay
2026-04-27 22:00:00,22,0.0,0.0,0.0,0.0,0.0,0.0,23.5,-999.0,dos
2026-04-27 23:00:00,23,0.61,460.8,580.8,244.0,62.69,252.1,1094.0,12.8,unauthorized
2026-04-28 00:00:00,0,0.58,182.9,215.8,90.3,59.23,134.1,465.9,55.2,fdi
2026-04-28 01:00:00,1,0.97,60.0,119.4,42.3,59.99,30.0,203.2,20.0,replay
2026-04-28 02:00:00,2,0.0,0.0,0.0,0.0,0.0,0.0,36.8,-999.0,dos
2026-04-28 03:00:00,3,0.56,189.1,202.8,80.3,60.51,133.6,435.4,56.3,unauthorized
2026-04-28 04:00:00,4,0.71,260.4,336.8,141.6,60.31,218.9,723.7,58.7,fdi
2026-04-28 05:00:00,5,0.95,65.0,131.9,49.5,59.99,35.0,262.7,20.0,replay
2026-04-28 06:00:00,6,0.0,0.0,0.0,0.0,0.0,0.0,49.3,-999.0,dos
2026-04-28 07:00:00,7,1.17,391.1,994.1,364.0,62.84,361.4,1735.1,32.6,unauthorized
2026-04-28 08:00:00,8,1.28,213.7,498.0,194.9,60.39,166.6,899.9,45.9,fdi
2026-04-28 09:00:00,9,0.98,60.0,124.9,51.3,60.01,35.0,225.7,18.0,replay
2026-04-28 10:00:00,10,0.0,0.0,0.0,0.0,0.0,0.0,46.2,-999.0,dos
2026-04-28 11:00:00,11,0.7,462.6,708.6,280.0,62.11,351.7,1355.6,-9.9,unauthorized
2026-04-28 12:00:00,12,0.62,193.2,250.5,87.9,59.48,192.5,553.1,46.7,fdi
2026-04-28 13:00:00,13,0.95,55.0,101.4,40.6,59.99,30.0,219.9,18.0,replay
2026-04-28 14:00:00,14,0.0,0.0,0.0,0.0,0.0,0.0,17.4,-999.0,dos
2026-04-28 15:00:00,15,1.19,350.9,766.4,295.8,57.76,330.7,1413.8,-10.3,unauthorized
2026-04-28 16:00:00,16,0.57,232.2,243.4,102.5,59.51,159.4,554.2,58.1,fdi
2026-04-28 17:00:00,17,0.97,55.0,108.6,45.1,60.01,35.0,199.8,20.0,replay
2026-04-28 18:00:00,18,0.0,0.0,0.0,0.0,0.0,0.0,18.3,-999.0,dos
2026-04-28 19:00:00,19,0.68,456.8,668.6,283.8,60.64,376.9,1355.1,-4.5,unauthorized
2026-04-28 20:00:00,20,1.34,223.5,579.1,226.7,60.32,200.7,1033.8,48.3,fdi
2026-04-28 21:00:00,21,0.96,65.0,116.1,41.8,60.01,30.0,230.9,20.0,replay
2026-04-28 22:00:00,22,0.0,0.0,0.0,0.0,0.0,0.0,11.8,-999.0,dos
2026-04-28 23:00:00,23,1.31,423.0,1169.9,433.5,61.83,356.0,1989.3,55.5,unauthorized
2026-04-29 00:00:00,0,1.34,261.6,637.6,268.4,60.48,201.6,1155.9,51.1,fdi
2026-04-29 01:00:00,1,0.98,65.0,127.4,53.0,60.01,30.0,247.9,18.0,replay
2026-04-29 02:00:00,2,0.0,0.0,0.0,0.0,0.0,0.0,31.3,-999.0,dos
2026-04-29 03:00:00,3,1.03,432.8,952.7,428.5,60.51,295.4,1720.2,36.8,unauthorized
2026-04-29 04:00:00,4,1.29,311.3,785.8,280.0,60.34,134.9,1245.7,58.9,fdi
2026-04-29 05:00:00,5,0.95,55.0,103.6,39.7,60.01,40.0,215.2,19.0,replay
2026-04-29 06:00:00,6,0.0,0.0,0.0,0.0,0.0,0.0,21.8,-999.0,dos
2026-04-29 07:00:00,7,1.24,360.2,841.9,357.4,57.47,333.4,1568.6,36.7,unauthorized
2026-04-29 08:00:00,8,1.3,191.7,449.1,180.6,59.39,158.8,807.2,61.4,fdi
2026-04-29 09:00:00,9,0.96,55.0,106.1,46.8,60.0,30.0,193.8,20.0,replay
2026-04-29 10:00:00,10,0.0,0.0,0.0,0.0,0.0,0.0,27.3,-999.0,dos
2026-04-29 11:00:00,11,1.38,387.0,1081.4,482.4,62.69,353.3,1962.8,74.2,unauthorized
2026-04-29 12:00:00,12,1.2,260.1,578.6,214.7,59.47,192.7,1025.6,50.6,fdi
2026-04-29 13:00:00,13,0.97,65.0,128.8,47.1,60.0,30.0,247.1,18.0,replay
2026-04-29 14:00:00,14,0.0,0.0,0.0,0.0,0.0,0.0,32.3,-999.0,dos
2026-04-29 15:00:00,15,1.32,482.0,1213.6,490.9,59.9,303.9,2050.6,-0.9,unauthorized
2026-04-29 16:00:00,16,1.25,189.7,510.5,183.3,59.38,169.6,908.3,48.9,fdi
2026-04-29 17:00:00,17,0.95,55.0,111.4,46.6,59.99,40.0,209.3,19.0,replay
2026-04-29 18:00:00,18,0.0,0.0,0.0,0.0,0.0,0.0,36.5,-999.0,dos
2026-04-29 19:00:00,19,1.12,448.9,1088.8,383.1,61.6,336.3,1832.8,-8.7,unauthorized
2026-04-29 20:00:00,20,1.15,189.2,421.2,158.2,59.54,175.2,765.5,53.7,fdi
2026-04-29 21:00:00,21,0.98,50.0,102.3,44.9,60.0,30.0,224.7,19.0,replay
2026-04-29 22:00:00,22,0.0,0.0,0.0,0.0,0.0,0.0,39.6,-999.0,dos
2026-04-29 23:00:00,23,1.07,466.9,1037.5,390.3,61.36,392.8,1867.6,48.6,unauthorized
2026-04-30 00:00:00,0,0.6,198.2,257.5,107.9,59.2,203.2,605.3,48.0,fdi
2026-04-30 01:00:00,1,0.97,60.0,107.0,39.0,60.01,40.0,231.3,20.0,replay
2026-04-30 02:00:00,2,0.0,0.0,0.0,0.0,0.0,0.0,47.6,-999.0,dos
2026-04-30 03:00:00,3,0.5,495.8,509.0,206.0,57.88,365.0,1098.3,-35.8,unauthorized
2026-04-30 04:00:00,4,0.69,302.6,403.1,161.4,59.37,182.2,780.1,58.8,fdi
2026-04-30 05:00:00,5,0.97,65.0,116.5,51.4,60.01,40.0,251.8,18.0,replay
2026-04-30 06:00:00,6,0.0,0.0,0.0,0.0,0.0,0.0,31.8,-999.0,dos
2026-04-30 07:00:00,7,0.96,403.3,740.9,268.4,60.41,288.6,1320.8,12.8,unauthorized
2026-04-30 08:00:00,8,1.3,204.5,543.0,201.6,60.29,133.9,907.5,56.2,fdi
2026-04-30 09:00:00,9,0.95,55.0,103.4,45.9,59.99,35.0,210.2,19.0,replay
2026-04-30 10:00:00,10,0.0,0.0,0.0,0.0,0.0,0.0,41.2,-999.0,dos
2026-04-30 11:00:00,11,1.4,360.7,999.2,436.7,62.89,392.5,1847.3,62.3,unauthorized
2026-04-30 12:00:00,12,1.31,266.0,668.4,292.2,60.56,177.8,1170.2,57.1,fdi
2026-04-30 13:00:00,13,0.97,55.0,111.6,39.9,59.99,35.0,198.4,20.0,replay
2026-04-30 14:00:00,14,0.0,0.0,0.0,0.0,0.0,0.0,42.6,-999.0,dos
2026-04-30 15:00:00,15,0.8,455.0,768.4,293.2,62.49,263.2,1349.0,63.4,unauthorized
2026-04-30 16:00:00,16,1.25,193.4,451.6,195.5,60.55,177.1,868.8,56.6,fdi
2026-04-30 17:00:00,17,0.96,65.0,130.6,47.1,60.01,40.0,238.6,18.0,replay
2026-04-30 18:00:00,18,0.0,0.0,0.0,0.0,0.0,0.0,16.3,-999.0,dos
2026-04-30 19:00:00,19,0.64,495.5,598.5,268.4,60.58,285.6,1196.4,19.7,unauthorized
2026-04-30 20:00:00,20,0.67,191.5,236.4,94.3,59.43,141.9,482.9,59.4,fdi
2026-04-30 21:00:00,21,0.98,60.0,118.8,44.9,59.99,35.0,248.2,18.0,replay
2026-04-30 22:00:00,22,0.0,0.0,0.0,0.0,0.0,0.0,17.4,-999.0,dos
2026-04-30 23:00:00,23,0.94,456.2,813.7,303.8,58.31,356.8,1488.5,69.7,unauthorized
2026-05-01 00:00:00,0,0.69,219.0,282.8,117.1,59.37,148.9,563.4,53.7,fdi
2026-05-01 01:00:00,1,0.98,50.0,92.1,41.2,60.0,35.0,199.0,18.0,replay
2026-05-01 02:00:00,2,0.0,0.0,0.0,0.0,0.0,0.0,44.4,-999.0,dos
2026-05-01 03:00:00,3,1.38,486.8,1453.6,553.4,59.18,366.2,2401.9,50.3,unauthorized
2026-05-01 04:00:00,4,0.62,298.4,367.7,145.2,60.52,140.7,684.4,48.6,fdi
2026-05-01 05:00:00,5,0.98,50.0,96.0,38.5,60.0,30.0,200.3,18.0,replay
2026-05-01 06:00:00,6,0.0,0.0,0.0,0.0,0.0,0.0,11.8,-999.0,dos
2026-05-01 07:00:00,7,1.39,420.9,1130.0,469.8,62.82,332.1,1951.2,15.2,unauthorized
2026-05-01 08:00:00,8,1.21,235.4,562.3,202.6,59.3,218.4,1003.7,48.7,fdi
2026-05-01 09:00:00,9,0.96,50.0,98.4,36.2,59.99,30.0,182.6,18.0,replay
2026-05-01 10:00:00,10,0.0,0.0,0.0,0.0,0.0,0.0,22.4,-999.0,dos
2026-05-01 11:00:00,11,1.3,467.2,1208.5,506.6,57.26,354.0,2086.9,20.5,unauthorized
2026-05-01 12:00:00,12,0.61,264.0,339.3,146.2,60.47,122.8,628.3,49.8,fdi
2026-05-01 13:00:00,13,0.98,50.0,102.0,38.3,60.01,35.0,221.7,20.0,replay
2026-05-01 14:00:00,14,0.0,0.0,0.0,0.0,0.0,0.0,21.6,-999.0,dos
2026-05-01 15:00:00,15,0.51,465.0,431.7,179.9,59.32,320.5,965.6,-20.0,unauthorized
2026-05-01 16:00:00,16,1.2,296.2,764.9,268.2,59.32,183.8,1259.4,61.0,fdi
2026-05-01 17:00:00,17,0.98,65.0,115.5,47.4,59.99,40.0,235.6,19.0,replay
2026-05-01 18:00:00,18,0.0,0.0,0.0,0.0,0.0,0.0,49.9,-999.0,dos
2026-05-01 19:00:00,19,0.4,469.3,364.5,146.6,59.12,259.5,807.1,-4.5,unauthorized
2026-05-01 20:00:00,20,1.21,223.2,563.0,219.9,60.6,197.8,1006.2,64.4,fdi
2026-05-01 21:00:00,21,0.96,50.0,101.6,43.5,60.0,35.0,194.3,18.0,replay
2026-05-01 22:00:00,22,0.0,0.0,0.0,0.0,0.0,0.0,47.4,-999.0,dos
2026-05-01 23:00:00,23,0.51,393.4,393.2,162.8,62.23,377.1,954.2,68.0,unauthorized
2026-05-02 00:00:00,0,1.19,264.6,623.0,240.8,59.25,211.8,1101.9,49.9,fdi
2026-05-02 01:00:00,1,0.98,50.0,97.4,34.9,60.01,30.0,199.5,20.0,replay
2026-05-02 02:00:00,2,0.0,0.0,0.0,0.0,0.0,0.0,16.0,-999.0,dos
2026-05-02 03:00:00,3,0.97,488.4,974.3,409.2,60.76,271.8,1699.9,12.4,unauthorized
2026-05-02 04:00:00,4,0.56,317.7,323.3,116.4,59.43,193.5,646.7,43.7,fdi
2026-05-02 05:00:00,5,0.95,60.0,112.8,50.2,60.01,40.0,221.4,20.0,replay
2026-05-02 06:00:00,6,0.0,0.0,0.0,0.0,0.0,0.0,32.1,-999.0,dos
2026-05-02 07:00:00,7,0.97,386.5,754.5,273.6,59.64,308.6,1380.3,-34.4,unauthorized
2026-05-02 08:00:00,8,0.71,312.0,408.2,150.2,60.58,199.6,807.0,59.9,fdi
2026-05-02 09:00:00,9,0.95,60.0,113.5,50.2,59.99,30.0,217.0,20.0,replay
2026-05-02 10:00:00,10,0.0,0.0,0.0,0.0,0.0,0.0,34.6,-999.0,dos
2026-05-02 11:00:00,11,0.75,382.7,523.0,190.3,58.65,351.0,1089.2,4.4,unauthorized
2026-05-02 12:00:00,12,1.16,238.5,568.9,208.9,59.41,147.9,942.1,57.8,fdi
2026-05-02 13:00:00,13,0.96,65.0,131.4,47.5,59.99,35.0,259.5,20.0,replay
2026-05-02 14:00:00,14,0.0,0.0,0.0,0.0,0.0,0.0,15.7,-999.0,dos
2026-05-02 15:00:00,15,1.1,367.6,830.0,325.5,57.76,278.1,1454.3,-28.3,unauthorized
2026-05-02 16:00:00,16,0.71,248.2,350.8,133.4,59.29,171.4,688.8,59.2,fdi
2026-05-02 17:00:00,17,0.96,65.0,121.0,45.2,59.99,40.0,234.5,20.0,replay
2026-05-02 18:00:00,18,0.0,0.0,0.0,0.0,0.0,0.0,41.2,-999.0,dos
2026-05-02 19:00:00,19,1.16,351.0,813.3,337.1,59.86,369.1,1565.7,35.6,unauthorized
2026-05-02 20:00:00,20,0.72,278.8,423.4,166.7,59.21,157.4,795.9,55.0,fdi
2026-05-02 21:00:00,21,0.97,50.0,98.5,41.4,59.99,30.0,196.5,19.0,replay
2026-05-02 22:00:00,22,0.0,0.0,0.0,0.0,0.0,0.0,25.0,-999.0,dos
2026-05-02 23:00:00,23,1.24,421.4,1147.8,511.0,62.08,321.1,2000.7,26.8,unauthorized
2026-05-03 00:00:00,0,1.16,260.6,643.6,249.0,59.54,132.6,1061.6,59.7,fdi
2026-05-03 01:00:00,1,0.96,65.0,120.8,44.6,60.0,40.0,244.2,19.0,replay
2026-05-03 02:00:00,2,0.0,0.0,0.0,0.0,0.0,0.0,34.2,-999.0,dos
2026-05-03 03:00:00,3,1.3,419.8,1181.5,467.5,59.2,269.0,1956.8,-19.8,unauthorized
2026-05-03 04:00:00,4,0.71,222.0,306.1,109.8,59.53,191.9,652.3,43.4,fdi
2026-05-03 05:00:00,5,0.96,65.0,114.9,44.3,59.99,40.0,215.7,19.0,replay
2026-05-03 06:00:00,6,0.0,0.0,0.0,0.0,0.0,0.0,16.4,-999.0,dos
2026-05-03 07:00:00,7,1.32,499.8,1298.3,568.4,58.5,390.3,2298.4,-8.6,unauthorized
2026-05-03 08:00:00,8,0.59,258.2,326.5,143.6,60.41,135.4,639.9,49.3,fdi
2026-05-03 09:00:00,9,0.96,65.0,136.6,60.1,60.0,35.0,254.4,20.0,replay
2026-05-03 10:00:00,10,0.0,0.0,0.0,0.0,0.0,0.0,43.5,-999.0,dos
2026-05-03 11:00:00,11,1.15,258.3,569.6,206.9,60.32,163.6,987.9,52.2,unauthorized
2026-05-03 12:00:00,12,1.21,301.3,761.0,298.1,60.29,121.0,1195.2,58.6,fdi
2026-05-03 13:00:00,13,0.95,60.0,116.3,49.7,59.99,30.0,224.3,19.0,replay
2026-05-03 14:00:00,14,0.0,0.0,0.0,0.0,0.0,0.0,48.4,-999.0,dos
2026-05-03 15:00:00,15,1.4,408.8,1187.8,462.7,61.34,335.9,2001.5,18.4,unauthorized
2026-05-03 16:00:00,16,0.58,311.0,349.5,139.4,60.39,135.5,643.3,54.3,fdi
2026-05-03 17:00:00,17,0.97,55.0,115.9,44.4,60.01,35.0,236.8,18.0,replay
2026-05-03 18:00:00,18,0.0,0.0,0.0,0.0,0.0,0.0,43.8,-999.0,dos
2026-05-03 19:00:00,19,1.3,387.7,998.3,367.2,62.59,259.8,1638.5,55.2,unauthorized
2026-05-03 20:00:00,20,1.2,210.2,513.9,180.9,60.39,164.2,889.8,62.0,fdi
2026-05-03 21:00:00,21,0.95,55.0,114.0,45.3,60.0,40.0,239.3,20.0,replay
2026-05-03 22:00:00,22,0.0,0.0,0.0,0.0,0.0,0.0,22.9,-999.0,dos
2026-05-03 23:00:00,23,0.88,489.0,873.4,327.7,57.32,279.5,1502.2,44.7,unauthorized
2026-05-04 00:00:00,0,1.31,181.9,493.2,174.8,59.34,143.0,849.8,53.7,fdi
2026-05-04 01:00:00,1,0.95,60.0,120.7,44.4,60.0,30.0,237.7,18.0,replay
2026-05-04 02:00:00,2,0.0,0.0,0.0,0.0,0.0,0.0,38.4,-999.0,dos
2026-05-04 03:00:00,3,0.49,437.4,461.6,163.6,61.93,379.2,1039.0,-36.6,unauthorized
2026-05-04 04:00:00,4,1.16,289.9,684.1,250.5,60.29,196.3,1141.4,61.5,fdi
2026-05-04 05:00:00,5,0.97,50.0,89.7,39.8,60.0,30.0,191.4,20.0,replay
2026-05-04 06:00:00,6,0.0,0.0,0.0,0.0,0.0,0.0,47.3,-999.0,dos
2026-05-04 07:00:00,7,0.7,499.6,685.3,300.7,61.08,311.3,1326.6,27.2,unauthorized
2026-05-04 08:00:00,8,0.69,281.1,387.9,140.7,59.34,131.5,674.6,61.4,fdi
2026-05-04 09:00:00,9,0.98,60.0,125.8,47.6,59.99,35.0,250.0,18.0,replay
2026-05-04 10:00:00,10,0.0,0.0,0.0,0.0,0.0,0.0,25.3,-999.0,dos
2026-05-04 11:00:00,11,1.24,355.3,904.7,327.7,62.85,347.2,1610.2,11.9,unauthorized
2026-05-04 12:00:00,12,1.29,240.9,585.7,242.3,59.27,167.0,1028.0,64.5,fdi
2026-05-04 13:00:00,13,0.95,60.0,123.1,53.3,59.99,30.0,223.4,20.0,replay
2026-05-04 14:00:00,14,0.0,0.0,0.0,0.0,0.0,0.0,49.2,-999.0,dos
2026-05-04 15:00:00,15,1.3,373.8,950.8,376.5,62.49,381.8,1745.3,5.2,unauthorized
2026-05-04 16:00:00,16,1.18,241.6,614.4,270.9,60.52,130.7,1055.5,63.1,fdi
2026-05-04 17:00:00,17,0.96,55.0,107.7,43.4,60.01,30.0,209.5,20.0,replay
2026-05-04 18:00:00,18,0.0,0.0,0.0,0.0,0.0,0.0,16.3,-999.0,dos
2026-05-04 19:00:00,19,0.47,422.4,383.5,145.3,59.9,296.5,844.7,71.7,unauthorized
2026-05-04 20:00:00,20,1.29,283.9,659.4,294.1,59.27,123.6,1120.2,64.4,fdi
2026-05-04 21:00:00,21,0.96,55.0,114.9,40.3,60.01,40.0,205.4,18.0,replay
2026-05-04 22:00:00,22,0.0,0.0,0.0,0.0,0.0,0.0,16.5,-999.0,dos
2026-05-04 23:00:00,23,0.81,483.5,730.3,259.0,57.06,396.4,1417.3,34.9,unauthorized
2026-05-05 00:00:00,0,1.2,271.0,595.5,261.4,59.23,172.7,1062.7,60.2,fdi
2026-05-05 01:00:00,1,0.96,60.0,110.2,39.8,60.0,40.0,217.3,18.0,replay
2026-05-05 02:00:00,2,0.0,0.0,0.0,0.0,0.0,0.0,49.6,-999.0,dos
2026-05-05 03:00:00,3,1.09,451.7,983.2,375.4,61.92,391.6,1774.6,39.1,unauthorized
2026-05-05 04:00:00,4,1.29,262.3,703.5,289.4,60.59,162.8,1178.1,55.0,fdi
2026-05-05 05:00:00,5,0.97,65.0,131.0,58.7,60.01,40.0,269.7,18.0,replay
2026-05-05 06:00:00,6,0.0,0.0,0.0,0.0,0.0,0.0,25.4,-999.0,dos
2026-05-05 07:00:00,7,1.17,438.3,1123.6,458.4,58.65,390.7,2015.5,38.4,unauthorized
2026-05-05 08:00:00,8,1.34,183.1,497.8,212.1,59.54,153.9,908.4,56.9,fdi
2026-05-05 09:00:00,9,0.95,60.0,121.1,49.4,60.0,35.0,218.0,19.0,replay
2026-05-05 10:00:00,10,0.0,0.0,0.0,0.0,0.0,0.0,38.6,-999.0,dos
2026-05-05 11:00:00,11,1.39,444.3,1341.0,570.6,61.8,290.2,2238.1,0.8,unauthorized
2026-05-05 12:00:00,12,0.7,212.3,277.7,104.2,59.34,131.9,555.2,59.6,fdi
2026-05-05 13:00:00,13,0.95,60.0,120.4,44.4,60.0,30.0,217.0,20.0,replay
2026-05-05 14:00:00,14,0.0,0.0,0.0,0.0,0.0,0.0,49.3,-999.0,dos
2026-05-05 15:00:00,15,0.88,481.9,894.0,353.7,59.09,367.9,1629.9,-13.2,unauthorized
2026-05-05 16:00:00,16,1.3,190.2,462.7,189.1,59.45,185.4,884.8,59.5,fdi
2026-05-05 17:00:00,17,0.95,60.0,123.5,43.4,59.99,30.0,241.7,20.0,replay
2026-05-05 18:00:00,18,0.0,0.0,0.0,0.0,0.0,0.0,44.1,-999.0,dos
2026-05-05 19:00:00,19,1.29,491.1,1231.0,484.0,59.68,348.5,2103.1,6.9,unauthorized
2026-05-05 20:00:00,20,0.68,182.9,249.8,109.6,59.35,165.7,563.6,60.8,fdi
2026-05-05 21:00:00,21,0.95,50.0,100.6,41.3,60.01,35.0,214.6,20.0,replay
2026-05-05 22:00:00,22,0.0,0.0,0.0,0.0,0.0,0.0,18.3,-999.0,dos
2026-05-05 23:00:00,23,1.35,472.7,1339.2,512.3,62.61,349.8,2228.9,-11.8,unauthorized
2026-05-06 00:00:00,0,1.29,195.5,470.7,185.0,60.49,198.0,894.0,54.7,fdi
2026-05-06 01:00:00,1,0.98,60.0,120.2,49.0,60.01,35.0,254.1,19.0,replay
2026-05-06 02:00:00,2,0.0,0.0,0.0,0.0,0.0,0.0,33.3,-999.0,dos
2026-05-06 03:00:00,3,1.23,499.8,1279.1,546.7,60.53,280.7,2116.5,20.4,unauthorized
2026-05-06 04:00:00,4,1.32,201.4,506.0,181.9,59.29,155.7,856.4,63.6,fdi
2026-05-06 05:00:00,5,0.95,50.0,86.7,37.8,60.0,30.0,197.1,18.0,replay
2026-05-06 06:00:00,6,0.0,0.0,0.0,0.0,0.0,0.0,24.2,-999.0,dos
2026-05-06 07:00:00,7,1.15,370.1,857.1,318.1,58.88,267.8,1454.0,14.6,unauthorized
2026-05-06 08:00:00,8,1.34,211.0,569.4,248.0,59.35,126.0,982.7,52.9,fdi
2026-05-06 09:00:00,9,0.96,50.0,95.2,42.7,59.99,30.0,198.4,19.0,replay
2026-05-06 10:00:00,10,0.0,0.0,0.0,0.0,0.0,0.0,44.0,-999.0,dos
2026-05-06 11:00:00,11,1.15,482.2,1175.2,444.5,58.03,302.0,1954.4,76.4,unauthorized
2026-05-06 12:00:00,12,1.22,219.1,569.6,213.9,59.47,207.4,1018.0,45.6,fdi
2026-05-06 13:00:00,13,0.98,65.0,132.1,53.4,59.99,30.0,263.7,19.0,replay
2026-05-06 14:00:00,14,0.0,0.0,0.0,0.0,0.0,0.0,32.3,-999.0,dos
2026-05-06 15:00:00,15,1.19,356.7,831.8,347.1,59.46,297.7,1501.1,-23.1,unauthorized
2026-05-06 16:00:00,16,0.65,254.1,343.9,140.0,60.33,200.0,695.4,53.6,fdi
2026-05-06 17:00:00,17,0.95,60.0,111.5,45.6,60.01,35.0,225.1,18.0,replay
2026-05-06 18:00:00,18,0.0,0.0,0.0,0.0,0.0,0.0,38.3,-999.0,dos
2026-05-06 19:00:00,19,0.75,362.8,504.3,199.8,58.78,270.6,993.6,16.1,unauthorized
2026-05-06 20:00:00,20,1.26,203.7,530.6,218.2,60.55,187.2,964.9,44.3,fdi
2026-05-06 21:00:00,21,0.95,50.0,103.9,46.2,60.0,35.0,202.9,18.0,replay
2026-05-06 22:00:00,22,0.0,0.0,0.0,0.0,0.0,0.0,30.3,-999.0,dos
2026-05-06 23:00:00,23,0.86,492.8,909.9,356.1,59.0,329.1,1633.1,-30.9,unauthorized
2026-05-07 00:00:00,0,0.64,218.9,251.9,100.7,59.54,203.4,597.1,44.5,fdi
2026-05-07 01:00:00,1,0.95,65.0,117.2,51.8,60.01,40.0,237.8,20.0,replay
2026-05-07 02:00:00,2,0.0,0.0,0.0,0.0,0.0,0.0,26.9,-999.0,dos
2026-05-07 03:00:00,3,0.83,398.6,690.8,301.7,61.46,280.4,1292.6,-15.8,unauthorized
2026-05-07 04:00:00,4,0.66,242.6,340.9,138.9,60.28,197.7,712.2,52.4,fdi
2026-05-07 05:00:00,5,0.98,50.0,91.1,33.6,59.99,40.0,212.1,18.0,replay
2026-05-07 06:00:00,6,0.0,0.0,0.0,0.0,0.0,0.0,27.7,-999.0,dos
2026-05-07 07:00:00,7,0.43,420.4,348.5,137.7,60.38,252.5,770.1,54.7,unauthorized
2026-05-07 08:00:00,8,1.26,254.3,600.1,259.5,60.47,148.7,1022.4,44.4,fdi
2026-05-07 09:00:00,9,0.98,55.0,118.0,51.5,59.99,30.0,234.6,18.0,replay
2026-05-07 10:00:00,10,0.0,0.0,0.0,0.0,0.0,0.0,20.4,-999.0,dos
2026-05-07 11:00:00,11,0.59,412.0,469.6,192.9,60.35,357.1,1043.9,-36.4,unauthorized
2026-05-07 12:00:00,12,0.59,200.4,227.1,82.0,59.36,136.9,477.9,49.5,fdi
2026-05-07 13:00:00,13,0.98,55.0,109.3,47.5,60.01,40.0,231.7,20.0,replay
2026-05-07 14:00:00,14,0.0,0.0,0.0,0.0,0.0,0.0,26.6,-999.0,dos
2026-05-07 15:00:00,15,0.41,397.0,309.6,113.1,59.92,340.0,807.5,72.1,unauthorized
2026-05-07 16:00:00,16,1.17,248.0,626.7,259.3,60.56,190.8,1125.0,47.5,fdi
2026-05-07 17:00:00,17,0.97,65.0,129.5,46.8,59.99,35.0,247.6,19.0,replay
2026-05-07 18:00:00,18,0.0,0.0,0.0,0.0,0.0,0.0,19.4,-999.0,dos
2026-05-07 19:00:00,19,0.75,485.1,707.3,303.1,61.72,261.1,1297.8,8.9,unauthorized
2026-05-07 20:00:00,20,0.72,311.3,407.2,154.8,60.5,202.9,787.8,62.7,fdi
2026-05-07 21:00:00,21,0.97,50.0,90.9,35.1,60.0,30.0,188.3,19.0,replay
2026-05-07 22:00:00,22,0.0,0.0,0.0,0.0,0.0,0.0,25.9,-999.0,dos
2026-05-07 23:00:00,23,0.72,456.4,718.6,274.3,58.49,373.5,1411.5,-7.3,unauthorized
2026-05-08 00:00:00,0,1.2,299.0,678.3,254.2,60.37,139.7,1120.0,64.1,fdi
2026-05-08 01:00:00,1,0.98,55.0,98.8,42.7,59.99,30.0,212.4,19.0,replay
2026-05-08 02:00:00,2,0.0,0.0,0.0,0.0,0.0,0.0,18.3,-999.0,dos
2026-05-08 03:00:00,3,1.36,388.9,973.0,397.5,61.91,284.2,1675.4,41.6,unauthorized
2026-05-08 04:00:00,4,1.23,297.7,722.4,262.4,60.33,174.8,1184.9,61.3,fdi
2026-05-08 05:00:00,5,0.98,55.0,105.7,45.6,59.99,40.0,206.4,19.0,replay
2026-05-08 06:00:00,6,0.0,0.0,0.0,0.0,0.0,0.0,14.4,-999.0,dos
2026-05-08 07:00:00,7,0.48,476.9,463.4,170.7,62.18,363.3,1018.7,-10.9,unauthorized
2026-05-08 08:00:00,8,0.57,221.5,252.2,95.5,59.35,213.9,603.2,64.8,fdi
2026-05-08 09:00:00,9,0.96,60.0,121.5,42.6,59.99,30.0,209.3,20.0,replay
2026-05-08 10:00:00,10,0.0,0.0,0.0,0.0,0.0,0.0,17.8,-999.0,dos
2026-05-08 11:00:00,11,0.64,400.6,522.5,219.9,62.65,399.6,1182.8,42.3,unauthorized
2026-05-08 12:00:00,12,1.21,228.1,498.1,189.1,60.37,198.7,920.9,59.2,fdi
2026-05-08 13:00:00,13,0.98,55.0,108.1,42.2,60.0,30.0,227.4,18.0,replay
2026-05-08 14:00:00,14,0.0,0.0,0.0,0.0,0.0,0.0,33.4,-999.0,dos
2026-05-08 15:00:00,15,0.54,403.8,403.3,162.0,62.43,335.1,932.3,-14.0,unauthorized
2026-05-08 16:00:00,16,0.56,200.3,232.9,90.6,59.22,208.1,557.5,45.3,fdi
2026-05-08 17:00:00,17,0.97,55.0,115.8,50.3,60.01,30.0,206.5,18.0,replay
2026-05-08 18:00:00,18,0.0,0.0,0.0,0.0,0.0,0.0,28.2,-999.0,dos
2026-05-08 19:00:00,19,0.68,444.9,546.8,234.4,58.31,347.1,1164.0,70.8,unauthorized
2026-05-08 20:00:00,20,0.59,217.2,238.6,103.5,60.44,169.8,557.0,50.0,fdi
2026-05-08 21:00:00,21,0.97,65.0,115.9,40.7,60.01,40.0,225.4,20.0,replay
2026-05-08 22:00:00,22,0.0,0.0,0.0,0.0,0.0,0.0,12.1,-999.0,dos
2026-05-08 23:00:00,23,1.04,452.2,949.6,384.2,58.27,369.4,1724.6,17.5,unauthorized
2026-05-09 00:00:00,0,1.23,247.9,593.3,210.5,59.22,212.4,1052.3,48.1,fdi
2026-05-09 01:00:00,1,0.98,60.0,122.9,51.7,60.01,40.0,262.1,20.0,replay
2026-05-09 02:00:00,2,0.0,0.0,0.0,0.0,0.0,0.0,12.7,-999.0,dos
2026-05-09 03:00:00,3,0.52,448.0,455.6,170.8,60.61,257.3,895.2,-1.6,unauthorized
2026-05-09 04:00:00,4,0.61,225.3,299.9,116.7,59.21,196.7,651.7,53.1,fdi
2026-05-09 05:00:00,5,0.96,50.0,89.1,39.6,60.01,40.0,205.6,20.0,replay
2026-05-09 06:00:00,6,0.0,0.0,0.0,0.0,0.0,0.0,26.0,-999.0,dos
2026-05-09 07:00:00,7,0.7,499.6,733.7,290.5,60.95,388.3,1435.7,12.3,unauthorized
2026-05-09 08:00:00,8,1.35,249.5,650.4,234.6,59.43,168.0,1093.4,52.9,fdi
2026-05-09 09:00:00,9,0.95,50.0,99.3,40.8,60.0,35.0,188.4,19.0,replay
2026-05-09 10:00:00,10,0.0,0.0,0.0,0.0,0.0,0.0,47.4,-999.0,dos
2026-05-09 11:00:00,11,1.13,459.6,1072.3,390.9,58.33,385.5,1869.0,18.9,unauthorized
2026-05-09 12:00:00,12,1.25,232.4,571.8,219.7,59.37,120.5,925.7,56.9,fdi
2026-05-09 13:00:00,13,0.95,65.0,112.2,40.8,60.0,30.0,196.2,20.0,replay
2026-05-09 14:00:00,14,0.0,0.0,0.0,0.0,0.0,0.0,29.9,-999.0,dos
2026-05-09 15:00:00,15,1.2,398.1,1014.7,422.3,59.75,358.2,1821.6,12.0,unauthorized
2026-05-09 16:00:00,16,0.66,306.7,444.4,159.8,60.42,210.9,861.2,49.4,fdi
2026-05-09 17:00:00,17,0.95,55.0,112.9,42.8,60.01,30.0,201.9,20.0,replay
2026-05-09 18:00:00,18,0.0,0.0,0.0,0.0,0.0,0.0,15.3,-999.0,dos
2026-05-09 19:00:00,19,0.86,482.6,847.9,377.7,58.78,334.1,1593.8,49.2,unauthorized
2026-05-09 20:00:00,20,1.26,256.1,610.7,252.8,59.27,134.1,1046.4,56.1,fdi
2026-05-09 21:00:00,21,0.96,60.0,117.2,48.8,59.99,40.0,245.6,19.0,replay
2026-05-09 22:00:00,22,0.0,0.0,0.0,0.0,0.0,0.0,41.6,-999.0,dos
2026-05-09 23:00:00,23,0.42,465.4,352.7,135.1,60.29,354.8,877.0,5.9,unauthorized
2026-05-10 00:00:00,0,0.69,243.6,320.7,127.7,59.5,207.8,694.6,57.2,fdi
2026-05-10 01:00:00,1,0.98,65.0,128.9,46.0,60.0,35.0,220.4,20.0,replay
2026-05-10 02:00:00,2,0.0,0.0,0.0,0.0,0.0,0.0,31.7,-999.0,dos
2026-05-10 03:00:00,3,0.94,375.3,652.0,264.6,61.47,373.5,1332.4,62.7,unauthorized
2026-05-10 04:00:00,4,1.31,291.5,768.7,302.8,60.29,171.6,1275.9,51.1,fdi
2026-05-10 05:00:00,5,0.95,60.0,110.8,41.4,59.99,40.0,214.8,18.0,replay
2026-05-10 06:00:00,6,0.0,0.0,0.0,0.0,0.0,0.0,32.4,-999.0,dos
2026-05-10 07:00:00,7,0.69,364.3,533.0,239.7,62.35,251.7,1063.4,-39.8,unauthorized
2026-05-10 08:00:00,8,0.97,65.0,120.2,45.4,60.0,30.0,221.2,20.0,fdi
2026-05-10 09:00:00,9,0.96,55.0,98.9,41.6,59.99,30.0,186.8,20.0,replay
2026-05-10 10:00:00,10,0.0,0.0,0.0,0.0,0.0,0.0,40.7,-999.0,dos
2026-05-10 11:00:00,11,0.49,477.3,503.1,180.0,60.28,388.2,1086.2,70.0,unauthorized
2026-05-10 12:00:00,12,1.2,287.8,658.1,256.8,60.5,203.7,1145.1,60.0,fdi
2026-05-10 13:00:00,13,0.98,55.0,108.5,46.9,60.01,35.0,221.0,18.0,replay
2026-05-10 14:00:00,14,0.0,0.0,0.0,0.0,0.0,0.0,41.9,-999.0,dos
2026-05-10 15:00:00,15,1.05,372.0,789.5,331.8,59.05,386.4,1551.8,69.4,unauthorized
2026-05-10 16:00:00,16,1.26,238.2,648.5,230.3,60.4,199.1,1109.0,60.5,fdi
2026-05-10 17:00:00,17,0.95,55.0,109.9,39.2,60.01,35.0,210.8,19.0,replay
2026-05-10 18:00:00,18,0.0,0.0,0.0,0.0,0.0,0.0,23.0,-999.0,dos
2026-05-10 19:00:00,19,1.05,495.6,1116.2,455.1,61.96,396.2,1998.2,61.5,unauthorized
2026-05-10 20:00:00,20,0.58,187.9,210.8,88.5,59.2,217.7,559.7,58.8,fdi
2026-05-10 21:00:00,21,0.96,55.0,95.6,36.0,60.01,40.0,187.0,20.0,replay
2026-05-10 22:00:00,22,0.0,0.0,0.0,0.0,0.0,0.0,12.3,-999.0,dos
2026-05-10 23:00:00,23,1.27,418.4,1146.9,513.1,59.78,391.7,2071.4,-1.6,unauthorized
2026-05-11 00:00:00,0,0.7,222.5,323.3,142.4,59.54,204.0,686.3,62.9,fdi
2026-05-11 01:00:00,1,0.97,55.0,97.1,37.7,60.0,30.0,190.6,20.0,replay
2026-05-11 02:00:00,2,0.0,0.0,0.0,0.0,0.0,0.0,42.8,-999.0,dos
2026-05-11 03:00:00,3,0.93,430.5,842.3,331.2,60.77,371.5,1584.2,51.4,unauthorized
2026-05-11 04:00:00,4,1.33,304.6,781.8,349.9,60.57,195.8,1366.0,51.2,fdi
2026-05-11 05:00:00,5,0.96,65.0,114.6,41.2,59.99,40.0,224.9,20.0,replay
2026-05-11 06:00:00,6,0.0,0.0,0.0,0.0,0.0,0.0,23.1,-999.0,dos
2026-05-11 07:00:00,7,0.4,495.2,377.4,140.9,58.39,387.6,955.7,-26.9,unauthorized
2026-05-11 08:00:00,8,0.0,0.0,0.0,0.0,0.0,0.0,49.3,-999.0,fdi
2026-05-11 09:00:00,9,0.97,65.0,124.8,52.1,59.99,40.0,234.3,18.0,replay
2026-05-11 10:00:00,10,0.0,0.0,0.0,0.0,0.0,0.0,33.9,-999.0,dos
2026-05-11 11:00:00,11,0.45,448.9,376.5,143.0,61.65,282.0,815.8,-7.2,unauthorized
2026-05-11 12:00:00,12,1.31,292.1,738.3,301.4,59.4,152.6,1239.8,51.5,fdi
2026-05-11 13:00:00,13,0.98,55.0,116.7,43.8,59.99,30.0,216.6,20.0,replay
2026-05-11 14:00:00,14,0.0,0.0,0.0,0.0,0.0,0.0,13.8,-999.0,dos
2026-05-11 15:00:00,15,1.15,415.7,1040.8,457.6,60.71,263.1,1785.0,19.4,unauthorized
2026-05-11 16:00:00,16,0.61,189.1,216.4,83.3,59.41,120.6,451.9,44.2,fdi
2026-05-11 17:00:00,17,0.96,55.0,115.2,47.5,60.0,30.0,231.4,20.0,replay
2026-05-11 18:00:00,18,0.0,0.0,0.0,0.0,0.0,0.0,35.8,-999.0,dos
2026-05-11 19:00:00,19,0.51,419.3,424.7,183.1,62.49,280.8,931.6,15.3,unauthorized
2026-05-11 20:00:00,20,1.16,228.9,547.3,221.0,59.45,216.5,1000.8,52.4,fdi
2026-05-11 21:00:00,21,0.97,50.0,106.3,43.0,60.01,40.0,209.0,19.0,replay
2026-05-11 22:00:00,22,0.0,0.0,0.0,0.0,0.0,0.0,28.1,-999.0,dos
2026-05-11 23:00:00,23,0.85,498.3,837.6,317.1,61.02,364.0,1564.4,-25.7,unauthorized
2026-05-12 00:00:00,0,1.27,252.0,642.4,250.7,59.28,157.7,1062.0,60.2,fdi
2026-05-12 01:00:00,1,0.95,65.0,123.9,46.2,60.01,30.0,210.7,20.0,replay
2026-05-12 02:00:00,2,0.0,0.0,0.0,0.0,0.0,0.0,41.3,-999.0,dos
2026-05-12 03:00:00,3,1.39,426.5,1272.4,450.7,59.56,293.0,2065.2,17.2,unauthorized
2026-05-12 04:00:00,4,0.61,211.2,267.4,103.5,60.27,167.5,556.4,43.3,fdi
2026-05-12 05:00:00,5,0.95,50.0,104.0,37.4,60.01,40.0,211.8,20.0,replay
2026-05-12 06:00:00,6,0.0,0.0,0.0,0.0,0.0,0.0,46.6,-999.0,dos
2026-05-12 07:00:00,7,0.54,456.7,473.1,168.4,60.98,394.4,1075.3,13.0,unauthorized
2026-05-12 08:00:00,8,0.67,310.6,401.8,161.1,59.35,135.0,712.8,46.5,fdi
2026-05-12 09:00:00,9,0.95,60.0,115.5,45.0,60.0,30.0,203.5,20.0,replay
2026-05-12 10:00:00,10,0.0,0.0,0.0,0.0,0.0,0.0,45.8,-999.0,dos
2026-05-12 11:00:00,11,0.78,467.4,771.6,301.5,61.55,369.7,1485.6,74.5,unauthorized
2026-05-12 12:00:00,12,1.21,211.3,555.8,227.1,60.31,126.3,952.9,62.4,fdi
2026-05-12 13:00:00,13,0.97,60.0,116.5,47.4,59.99,30.0,222.8,18.0,replay
2026-05-12 14:00:00,14,0.0,0.0,0.0,0.0,0.0,0.0,46.6,-999.0,dos
2026-05-12 15:00:00,15,1.2,408.6,901.3,336.4,61.47,392.3,1648.9,-3.2,unauthorized
2026-05-12 16:00:00,16,1.16,277.1,592.0,240.0,59.35,177.5,1052.5,58.9,fdi
2026-05-12 17:00:00,17,0.96,60.0,118.7,50.0,59.99,30.0,240.2,18.0,replay
2026-05-12 18:00:00,18,0.0,0.0,0.0,0.0,0.0,0.0,16.4,-999.0,dos
2026-05-12 19:00:00,19,0.61,404.2,517.4,231.8,59.94,393.9,1193.0,75.1,unauthorized
2026-05-12 20:00:00,20,1.24,254.8,575.1,231.5,60.53,134.9,975.4,50.8,fdi
2026-05-12 21:00:00,21,0.96,60.0,121.2,46.1,60.0,40.0,220.0,20.0,replay
2026-05-12 22:00:00,22,0.0,0.0,0.0,0.0,0.0,0.0,25.4,-999.0,dos
2026-05-12 23:00:00,23,0.58,464.9,504.1,192.5,60.59,325.2,1046.8,34.8,unauthorized
2026-05-13 00:00:00,0,0.65,282.1,355.0,138.6,60.34,142.5,674.6,57.8,fdi
2026-05-13 01:00:00,1,0.97,60.0,109.3,44.6,59.99,40.0,227.5,20.0,replay
2026-05-13 02:00:00,2,0.0,0.0,0.0,0.0,0.0,0.0,26.0,-999.0,dos
2026-05-13 03:00:00,3,0.58,428.4,475.3,198.4,61.04,261.3,977.4,29.4,unauthorized
2026-05-13 04:00:00,4,1.26,291.1,729.1,306.1,60.46,203.7,1251.5,50.6,fdi
2026-05-13 05:00:00,5,0.98,60.0,110.5,45.3,59.99,40.0,223.8,19.0,replay
2026-05-13 06:00:00,6,0.0,0.0,0.0,0.0,0.0,0.0,10.8,-999.0,dos
2026-05-13 07:00:00,7,0.66,453.2,595.2,241.4,58.84,306.3,1186.5,47.0,unauthorized
2026-05-13 08:00:00,8,0.7,220.1,320.3,112.2,59.46,213.1,674.6,57.9,fdi
2026-05-13 09:00:00,9,0.98,60.0,122.8,45.1,60.01,40.0,218.2,19.0,replay
2026-05-13 10:00:00,10,0.0,0.0,0.0,0.0,0.0,0.0,48.6,-999.0,dos
2026-05-13 11:00:00,11,0.59,354.8,420.6,149.5,58.98,253.6,843.3,19.9,unauthorized
2026-05-13 12:00:00,12,1.24,277.8,627.7,243.6,59.47,203.0,1118.5,47.3,fdi
2026-05-13 13:00:00,13,0.96,50.0,91.8,34.7,60.01,30.0,198.4,20.0,replay
2026-05-13 14:00:00,14,0.0,0.0,0.0,0.0,0.0,0.0,11.6,-999.0,dos
2026-05-13 15:00:00,15,1.16,432.9,1081.0,463.6,61.7,354.6,1928.2,68.9,unauthorized
2026-05-13 16:00:00,16,0.64,265.4,319.7,125.8,60.48,165.7,629.6,56.3,fdi
2026-05-13 17:00:00,17,0.95,50.0,104.3,42.1,60.0,35.0,202.9,18.0,replay
2026-05-13 18:00:00,18,0.0,0.0,0.0,0.0,0.0,0.0,42.8,-999.0,dos
2026-05-13 19:00:00,19,1.39,440.8,1281.9,532.6,62.07,260.9,2093.3,1.8,unauthorized
2026-05-13 20:00:00,20,1.27,228.2,634.7,231.9,60.32,160.9,1074.1,46.5,fdi
2026-05-13 21:00:00,21,0.95,55.0,109.9,45.7,59.99,30.0,204.9,19.0,replay
2026-05-13 22:00:00,22,0.0,0.0,0.0,0.0,0.0,0.0,46.3,-999.0,dos
2026-05-13 23:00:00,23,0.73,430.4,667.0,234.2,59.59,356.4,1295.1,30.6,unauthorized
2026-05-14 00:00:00,0,1.31,192.5,526.7,221.2,60.32,162.0,932.8,49.4,fdi
2026-05-14 01:00:00,1,0.98,50.0,91.7,33.4,60.0,30.0,181.9,20.0,replay
2026-05-14 02:00:00,2,0.0,0.0,0.0,0.0,0.0,0.0,13.1,-999.0,dos
2026-05-14 03:00:00,3,0.89,493.7,879.6,340.9,59.56,303.5,1549.3,79.8,unauthorized
2026-05-14 04:00:00,4,0.62,217.9,253.4,112.7,60.36,170.9,568.6,43.3,fdi
2026-05-14 05:00:00,5,0.98,60.0,123.5,51.3,59.99,30.0,244.0,18.0,replay
2026-05-14 06:00:00,6,0.0,0.0,0.0,0.0,0.0,0.0,15.5,-999.0,dos
2026-05-14 07:00:00,7,1.34,425.4,1042.5,430.6,62.8,263.3,1749.6,17.3,unauthorized
2026-05-14 08:00:00,8,1.3,203.0,578.2,208.7,59.25,123.5,924.5,51.1,fdi
2026-05-14 09:00:00,9,0.96,60.0,124.2,53.1,60.01,30.0,243.5,20.0,replay
2026-05-14 10:00:00,10,0.0,0.0,0.0,0.0,0.0,0.0,47.0,-999.0,dos
2026-05-14 11:00:00,11,1.0,487.0,952.1,398.5,60.36,339.6,1713.1,1.5,unauthorized
2026-05-14 12:00:00,12,1.18,243.6,549.2,206.4,60.56,150.4,930.0,55.7,fdi
2026-05-14 13:00:00,13,0.95,60.0,109.5,45.3,60.01,35.0,224.8,18.0,replay
2026-05-14 14:00:00,14,0.0,0.0,0.0,0.0,0.0,0.0,35.4,-999.0,dos
2026-05-14 15:00:00,15,0.42,431.0,331.7,140.4,62.94,302.5,789.1,75.9,unauthorized
2026-05-14 16:00:00,16,0.65,288.5,354.9,130.0,59.41,211.2,722.1,52.4,fdi
2026-05-14 17:00:00,17,0.96,60.0,123.4,50.6,60.01,35.0,248.0,20.0,replay
2026-05-14 18:00:00,18,0.0,0.0,0.0,0.0,0.0,0.0,19.2,-999.0,dos
2026-05-14 19:00:00,19,1.2,403.1,1042.4,464.2,60.39,370.7,1888.8,-11.3,unauthorized
2026-05-14 20:00:00,20,1.31,206.5,588.7,220.8,59.35,203.6,1032.3,60.6,fdi
2026-05-14 21:00:00,21,0.97,55.0,109.7,43.3,59.99,40.0,206.2,20.0,replay
2026-05-14 22:00:00,22,0.0,0.0,0.0,0.0,0.0,0.0,11.9,-999.0,dos
2026-05-14 23:00:00,23,1.24,447.3,1019.6,455.0,60.42,356.1,1858.1,11.5,unauthorized
2026-05-15 00:00:00,0,0.56,313.4,348.6,143.3,59.25,218.2,724.4,58.9,fdi
2026-05-15 01:00:00,1,0.97,65.0,131.8,49.4,59.99,30.0,256.7,19.0,replay
2026-05-15 02:00:00,2,0.0,0.0,0.0,0.0,0.0,0.0,16.8,-999.0,dos
2026-05-15 03:00:00,3,1.33,466.2,1238.4,453.7,62.64,295.3,2024.2,63.3,unauthorized
2026-05-15 04:00:00,4,1.16,208.0,525.0,223.9,60.31,139.4,911.1,51.0,fdi
2026-05-15 05:00:00,5,0.97,55.0,111.5,41.9,60.0,40.0,240.9,18.0,replay
2026-05-15 06:00:00,6,0.0,0.0,0.0,0.0,0.0,0.0,23.5,-999.0,dos
2026-05-15 07:00:00,7,0.6,489.2,559.0,206.7,58.05,382.4,1178.3,8.6,unauthorized
2026-05-15 08:00:00,8,0.66,247.7,296.6,125.6,60.57,210.2,674.1,50.7,fdi
2026-05-15 09:00:00,9,0.95,65.0,112.4,44.7,59.99,30.0,203.1,19.0,replay
2026-05-15 10:00:00,10,0.0,0.0,0.0,0.0,0.0,0.0,28.4,-999.0,dos
2026-05-15 11:00:00,11,0.65,405.1,482.0,188.1,57.42,337.7,1034.3,32.9,unauthorized
2026-05-15 12:00:00,12,0.61,238.3,278.8,117.9,59.26,181.9,610.7,53.6,fdi
2026-05-15 13:00:00,13,0.97,60.0,107.0,43.4,60.0,30.0,194.9,20.0,replay
2026-05-15 14:00:00,14,0.0,0.0,0.0,0.0,0.0,0.0,22.7,-999.0,dos
2026-05-15 15:00:00,15,0.67,479.8,692.8,299.0,58.7,305.0,1317.5,33.0,unauthorized
2026-05-15 16:00:00,16,0.72,311.0,411.1,144.0,59.46,177.0,744.0,55.7,fdi
2026-05-15 17:00:00,17,0.97,55.0,116.3,48.8,60.01,35.0,221.2,18.0,replay
2026-05-15 18:00:00,18,0.0,0.0,0.0,0.0,0.0,0.0,49.2,-999.0,dos
2026-05-15 19:00:00,19,1.15,356.8,887.5,319.1,62.59,266.3,1514.8,-33.9,unauthorized
2026-05-15 20:00:00,20,0.61,308.2,357.4,144.4,59.35,143.2,689.8,48.3,fdi
2026-05-15 21:00:00,21,0.98,55.0,112.7,48.8,60.0,30.0,210.0,20.0,replay
2026-05-15 22:00:00,22,0.0,0.0,0.0,0.0,0.0,0.0,12.8,-999.0,dos
2026-05-15 23:00:00,23,0.42,437.0,386.8,171.3,62.04,307.0,903.8,-34.6,unauthorized
2026-05-16 00:00:00,0,1.15,277.3,671.9,287.5,60.55,166.6,1161.7,54.2,fdi
2026-05-16 01:00:00,1,0.95,55.0,109.1,47.8,60.0,35.0,224.7,20.0,replay
2026-05-16 02:00:00,2,0.0,0.0,0.0,0.0,0.0,0.0,27.5,-999.0,dos
2026-05-16 03:00:00,3,0.9,487.4,848.9,332.9,62.63,266.1,1481.2,-23.4,unauthorized
2026-05-16 04:00:00,4,1.31,265.4,733.0,262.4,59.43,191.6,1223.3,46.5,fdi
2026-05-16 05:00:00,5,0.97,60.0,123.5,52.3,59.99,40.0,257.2,19.0,replay
2026-05-16 06:00:00,6,0.0,0.0,0.0,0.0,0.0,0.0,17.6,-999.0,dos
2026-05-16 07:00:00,7,1.13,382.0,865.0,327.1,60.69,317.1,1523.1,-21.0,unauthorized
2026-05-16 08:00:00,8,0.56,236.3,247.0,106.3,60.26,132.6,513.4,45.2,fdi
2026-05-16 09:00:00,9,0.96,65.0,133.0,56.4,60.01,40.0,255.9,19.0,replay
2026-05-16 10:00:00,10,0.0,0.0,0.0,0.0,0.0,0.0,46.5,-999.0,dos
2026-05-16 11:00:00,11,0.8,479.4,835.5,313.3,57.3,385.1,1571.7,43.6,unauthorized
2026-05-16 12:00:00,12,0.59,218.6,274.5,107.9,59.36,193.5,587.5,50.7,fdi
2026-05-16 13:00:00,13,0.94,431.4,883.8,310.5,61.74,306.4,1546.5,79.5,replay
2026-05-16 14:00:00,14,0.0,0.0,0.0,0.0,0.0,0.0,33.3,-999.0,dos
2026-05-16 15:00:00,15,1.35,434.1,1204.5,519.0,58.09,346.0,2093.6,-30.9,unauthorized
2026-05-16 16:00:00,16,0.61,214.9,266.4,97.0,59.54,194.5,600.5,53.3,fdi
2026-05-16 17:00:00,17,0.97,65.0,118.9,47.4,60.01,35.0,249.6,18.0,replay
2026-05-16 18:00:00,18,0.0,0.0,0.0,0.0,0.0,0.0,42.3,-999.0,dos
2026-05-16 19:00:00,19,1.21,488.4,1075.0,392.1,62.68,352.5,1868.2,-14.6,unauthorized
2026-05-16 20:00:00,20,0.63,272.5,320.3,136.6,60.34,163.6,645.1,56.5,fdi
2026-05-16 21:00:00,21,0.98,50.0,103.8,40.5,60.0,35.0,215.9,20.0,replay
2026-05-16 22:00:00,22,0.0,0.0,0.0,0.0,0.0,0.0,10.4,-999.0,dos
2026-05-16 23:00:00,23,1.05,393.9,812.0,351.9,59.97,256.3,1449.4,-16.9,unauthorized
2026-05-17 00:00:00,0,0.6,278.1,367.5,136.8,59.27,155.6,672.6,64.5,fdi
2026-05-17 01:00:00,1,0.98,60.0,127.0,48.6,60.01,35.0,254.6,19.0,replay
2026-05-17 02:00:00,2,0.0,0.0,0.0,0.0,0.0,0.0,30.2,-999.0,dos
2026-05-17 03:00:00,3,0.79,484.5,698.1,283.2,58.45,355.9,1380.5,-3.7,unauthorized
2026-05-17 04:00:00,4,0.7,290.6,408.1,148.0,60.51,170.2,759.1,59.2,fdi
2026-05-17 05:00:00,5,0.97,65.0,122.0,43.1,60.0,30.0,211.5,19.0,replay
2026-05-17 06:00:00,6,0.0,0.0,0.0,0.0,0.0,0.0,18.5,-999.0,dos
2026-05-17 07:00:00,7,0.87,385.3,719.6,288.9,58.48,375.0,1429.8,25.8,unauthorized
2026-05-17 08:00:00,8,0.64,308.6,422.6,190.1,60.55,176.4,828.3,58.3,fdi
2026-05-17 09:00:00,9,0.95,55.0,100.4,40.1,59.99,40.0,197.9,18.0,replay
2026-05-17 10:00:00,10,0.0,0.0,0.0,0.0,0.0,0.0,44.9,-999.0,dos
2026-05-17 11:00:00,11,0.56,391.3,458.0,164.9,60.57,304.1,962.0,61.3,unauthorized
2026-05-17 12:00:00,12,1.19,204.2,476.7,171.5,59.4,137.6,800.6,64.8,fdi
2026-05-17 13:00:00,13,0.98,55.0,113.6,41.6,59.99,35.0,228.2,18.0,replay
2026-05-17 14:00:00,14,0.0,0.0,0.0,0.0,0.0,0.0,41.7,-999.0,dos
2026-05-17 15:00:00,15,1.34,366.9,974.8,435.2,57.78,376.4,1823.5,61.1,unauthorized
2026-05-17 16:00:00,16,0.58,242.2,279.8,113.1,59.33,215.7,642.8,60.3,fdi
2026-05-17 17:00:00,17,0.95,50.0,97.5,38.3,60.01,30.0,198.5,20.0,replay
2026-05-17 18:00:00,18,0.0,0.0,0.0,0.0,0.0,0.0,48.3,-999.0,dos
2026-05-17 19:00:00,19,1.36,482.1,1396.1,564.6,61.61,320.1,2320.4,30.4,unauthorized
2026-05-17 20:00:00,20,0.64,207.7,286.0,100.8,60.57,204.0,619.2,42.2,fdi
2026-05-17 21:00:00,21,0.95,55.0,113.5,40.2,60.0,40.0,231.1,19.0,replay
2026-05-17 22:00:00,22,0.0,0.0,0.0,0.0,0.0,0.0,17.1,-999.0,dos
2026-05-17 23:00:00,23,0.44,424.9,377.9,152.0,57.75,375.7,954.5,-26.3,unauthorized
2026-05-18 00:00:00,0,1.2,198.0,499.3,206.8,59.44,181.0,935.6,42.9,fdi
2026-05-18 01:00:00,1,0.95,55.0,109.2,45.9,59.99,35.0,208.1,20.0,replay
2026-05-18 02:00:00,2,0.0,0.0,0.0,0.0,0.0,0.0,46.5,-999.0,dos
2026-05-18 03:00:00,3,0.74,392.1,546.5,228.8,59.48,357.1,1156.5,64.5,unauthorized
2026-05-18 04:00:00,4,1.15,252.2,576.2,240.7,60.27,189.8,1038.2,58.8,fdi
2026-05-18 05:00:00,5,0.95,60.0,105.0,37.2,60.01,30.0,195.4,19.0,replay
2026-05-18 06:00:00,6,0.0,0.0,0.0,0.0,0.0,0.0,18.9,-999.0,dos
2026-05-18 07:00:00,7,0.63,472.3,641.4,230.2,59.72,319.5,1206.8,-7.3,unauthorized
2026-05-18 08:00:00,8,0.57,282.7,310.7,129.7,59.4,168.7,621.6,49.4,fdi
2026-05-18 09:00:00,9,0.97,55.0,114.9,46.9,59.99,40.0,220.9,20.0,replay
2026-05-18 10:00:00,10,0.0,0.0,0.0,0.0,0.0,0.0,31.8,-999.0,dos
2026-05-18 11:00:00,11,0.86,473.8,738.6,291.4,62.52,256.0,1314.5,49.3,unauthorized
2026-05-18 12:00:00,12,1.31,228.0,582.9,219.6,60.33,188.4,1010.0,43.8,fdi
2026-05-18 13:00:00,13,0.95,60.0,108.7,45.1,60.0,30.0,207.3,18.0,replay
2026-05-18 14:00:00,14,0.0,0.0,0.0,0.0,0.0,0.0,32.1,-999.0,dos
2026-05-18 15:00:00,15,0.76,474.2,649.2,232.9,61.43,383.5,1302.6,74.8,unauthorized
2026-05-18 16:00:00,16,0.55,293.0,313.7,112.4,60.35,216.9,687.2,43.2,fdi
2026-05-18 17:00:00,17,0.98,50.0,88.2,33.3,60.01,40.0,192.2,18.0,replay
2026-05-18 18:00:00,18,0.0,0.0,0.0,0.0,0.0,0.0,15.6,-999.0,dos
2026-05-18 19:00:00,19,0.75,372.3,530.0,229.0,57.94,256.6,1043.1,62.8,unauthorized
2026-05-18 20:00:00,20,1.27,220.6,549.9,212.1,60.57,180.4,980.4,47.6,fdi
2026-05-18 21:00:00,21,0.98,50.0,90.7,39.8,60.01,35.0,206.3,19.0,replay
2026-05-18 22:00:00,22,0.0,0.0,0.0,0.0,0.0,0.0,29.5,-999.0,dos
2026-05-18 23:00:00,23,1.02,367.3,750.5,309.0,57.76,260.8,1365.5,43.2,unauthorized
2026-05-19 00:00:00,0,1.35,243.9,631.9,253.0,60.6,122.3,1039.5,54.6,fdi
2026-05-19 01:00:00,1,0.96,60.0,112.5,42.4,60.0,30.0,227.7,18.0,replay
2026-05-19 02:00:00,2,0.0,0.0,0.0,0.0,0.0,0.0,16.8,-999.0,dos
2026-05-19 03:00:00,3,0.52,374.2,424.3,150.1,60.2,395.6,1017.1,2.9,unauthorized
2026-05-19 04:00:00,4,0.56,312.8,361.7,161.9,60.36,169.1,727.0,50.8,fdi
2026-05-19 05:00:00,5,0.97,50.0,98.6,42.2,60.0,40.0,210.6,20.0,replay
2026-05-19 06:00:00,6,0.0,0.0,0.0,0.0,0.0,0.0,15.1,-999.0,dos
2026-05-19 07:00:00,7,0.41,478.8,389.9,139.4,60.36,307.5,857.8,9.2,unauthorized
2026-05-19 08:00:00,8,0.65,247.3,298.1,128.6,60.41,179.8,630.3,58.4,fdi
2026-05-19 09:00:00,9,0.97,65.0,114.7,43.9,60.0,35.0,232.7,19.0,replay
2026-05-19 10:00:00,10,0.0,0.0,0.0,0.0,0.0,0.0,48.1,-999.0,dos
2026-05-19 11:00:00,11,0.46,440.6,383.4,143.6,62.8,325.4,875.9,-33.8,unauthorized
2026-05-19 12:00:00,12,0.64,273.9,351.3,153.8,60.27,178.6,726.2,62.4,fdi
2026-05-19 13:00:00,13,0.98,50.0,93.9,36.8,60.0,40.0,198.5,18.0,replay
2026-05-19 14:00:00,14,0.0,0.0,0.0,0.0,0.0,0.0,21.2,-999.0,dos
2026-05-19 15:00:00,15,1.1,444.6,920.9,363.8,62.65,369.3,1691.8,26.8,unauthorized
2026-05-19 16:00:00,16,0.65,253.8,324.8,124.6,60.28,135.6,620.5,43.3,fdi
2026-05-19 17:00:00,17,0.97,50.0,88.5,39.4,59.99,30.0,171.9,20.0,replay
2026-05-19 18:00:00,18,0.0,0.0,0.0,0.0,0.0,0.0,27.2,-999.0,dos
2026-05-19 19:00:00,19,1.24,380.0,964.4,347.6,61.33,316.9,1655.6,79.8,unauthorized
2026-05-19 20:00:00,20,1.22,299.4,703.6,247.8,59.2,173.2,1164.6,47.1,fdi
2026-05-19 21:00:00,21,0.97,55.0,115.9,40.7,60.01,40.0,229.9,18.0,replay
2026-05-19 22:00:00,22,0.0,0.0,0.0,0.0,0.0,0.0,33.6,-999.0,dos
2026-05-19 23:00:00,23,1.21,391.2,949.6,405.2,62.93,388.3,1758.3,47.9,unauthorized
2026-05-20 00:00:00,0,1.28,292.8,814.3,325.0,59.44,193.2,1346.9,62.6,fdi
2026-05-20 01:00:00,1,0.95,55.0,113.2,44.1,60.01,30.0,201.9,18.0,replay
2026-05-20 02:00:00,2,0.0,0.0,0.0,0.0,0.0,0.0,24.2,-999.0,dos
2026-05-20 03:00:00,3,0.84,435.1,769.1,275.4,58.08,323.9,1412.9,64.8,unauthorized
2026-05-20 04:00:00,4,0.57,274.5,343.1,121.7,60.46,184.6,695.1,47.6,fdi
2026-05-20 05:00:00,5,0.98,65.0,114.7,42.3,60.01,35.0,210.9,20.0,replay
2026-05-20 06:00:00,6,0.0,0.0,0.0,0.0,0.0,0.0,11.5,-999.0,dos
2026-05-20 07:00:00,7,0.93,476.6,925.0,348.2,62.69,330.8,1651.1,71.6,unauthorized
2026-05-20 08:00:00,8,1.29,236.2,574.6,256.1,60.5,202.4,1044.1,58.8,fdi
2026-05-20 09:00:00,9,0.98,60.0,119.4,43.3,59.99,30.0,209.8,19.0,replay
2026-05-20 10:00:00,10,0.0,0.0,0.0,0.0,0.0,0.0,25.2,-999.0,dos
2026-05-20 11:00:00,11,0.59,458.8,593.4,228.0,59.95,399.9,1236.3,53.2,unauthorized
2026-05-20 12:00:00,12,1.25,217.8,514.4,190.7,60.58,148.9,885.8,64.8,fdi
2026-05-20 13:00:00,13,0.95,50.0,89.7,36.1,60.01,30.0,166.2,20.0,replay
2026-05-20 14:00:00,14,0.0,0.0,0.0,0.0,0.0,0.0,37.0,-999.0,dos
2026-05-20 15:00:00,15,0.78,351.1,505.3,209.5,58.51,345.0,1100.0,-31.3,unauthorized
2026-05-20 16:00:00,16,1.34,312.4,832.9,356.0,60.53,179.4,1409.0,64.4,fdi
2026-05-20 17:00:00,17,0.97,65.0,124.2,55.2,60.0,30.0,239.4,20.0,replay
2026-05-20 18:00:00,18,0.0,0.0,0.0,0.0,0.0,0.0,15.3,-999.0,dos
2026-05-20 19:00:00,19,1.11,495.8,1041.1,403.6,58.01,311.6,1787.9,-28.6,unauthorized
2026-05-20 20:00:00,20,1.31,314.8,850.3,365.9,60.49,145.8,1374.0,63.3,fdi
2026-05-20 21:00:00,21,0.95,65.0,125.5,52.8,60.0,30.0,219.6,20.0,replay
2026-05-20 22:00:00,22,0.0,0.0,0.0,0.0,0.0,0.0,15.6,-999.0,dos
2026-05-20 23:00:00,23,0.71,416.1,646.5,249.0,59.16,347.3,1282.4,16.4,unauthorized
2026-05-21 00:00:00,0,0.64,226.1,302.8,129.3,60.35,120.6,573.9,47.0,fdi
2026-05-21 01:00:00,1,0.98,55.0,105.5,46.9,60.0,40.0,229.5,18.0,replay
2026-05-21 02:00:00,2,0.0,0.0,0.0,0.0,0.0,0.0,40.3,-999.0,dos
2026-05-21 03:00:00,3,0.96,477.4,881.2,324.5,57.12,268.5,1509.2,-10.5,unauthorized
2026-05-21 04:00:00,4,1.33,277.3,690.5,306.3,60.38,194.1,1232.3,60.2,fdi
2026-05-21 05:00:00,5,0.95,60.0,113.4,46.1,59.99,30.0,227.7,19.0,replay
2026-05-21 06:00:00,6,0.0,0.0,0.0,0.0,0.0,0.0,12.4,-999.0,dos
2026-05-21 07:00:00,7,0.44,461.9,403.8,172.9,58.34,390.9,1006.1,18.4,unauthorized
2026-05-21 08:00:00,8,0.62,293.2,377.6,140.2,60.54,145.9,682.9,48.7,fdi
2026-05-21 09:00:00,9,0.96,60.0,122.8,49.6,60.01,30.0,215.1,19.0,replay
2026-05-21 10:00:00,10,0.0,0.0,0.0,0.0,0.0,0.0,23.1,-999.0,dos
2026-05-21 11:00:00,11,0.87,450.0,816.2,366.1,59.31,370.4,1574.5,48.6,unauthorized
2026-05-21 12:00:00,12,0.65,290.5,399.4,174.5,60.46,125.6,737.3,64.7,fdi
2026-05-21 13:00:00,13,0.96,55.0,113.7,41.6,60.0,30.0,211.8,20.0,replay
2026-05-21 14:00:00,14,0.0,0.0,0.0,0.0,0.0,0.0,32.5,-999.0,dos
2026-05-21 15:00:00,15,0.66,455.7,606.5,270.1,61.55,337.7,1237.9,-28.3,unauthorized
2026-05-21 16:00:00,16,0.69,276.4,368.4,148.1,59.26,197.3,725.2,51.4,fdi
2026-05-21 17:00:00,17,0.97,55.0,113.2,41.9,60.01,35.0,221.3,19.0,replay
2026-05-21 18:00:00,18,0.0,0.0,0.0,0.0,0.0,0.0,47.0,-999.0,dos
2026-05-21 19:00:00,19,0.65,498.4,670.7,275.4,61.02,292.9,1277.5,41.7,unauthorized
2026-05-21 20:00:00,20,0.7,284.4,431.1,190.4,60.46,190.6,838.4,61.6,fdi
2026-05-21 21:00:00,21,0.96,55.0,102.9,46.0,60.01,30.0,198.2,19.0,replay
2026-05-21 22:00:00,22,0.0,0.0,0.0,0.0,0.0,0.0,10.2,-999.0,dos
2026-05-21 23:00:00,23,1.16,452.4,949.1,411.5,59.43,333.3,1739.7,-9.6,unauthorized
2026-05-22 00:00:00,0,0.68,205.0,254.7,103.5,60.4,196.0,594.6,61.3,fdi
2026-05-22 01:00:00,1,0.97,50.0,91.1,38.0,60.01,40.0,191.4,18.0,replay
2026-05-22 02:00:00,2,0.0,0.0,0.0,0.0,0.0,0.0,34.0,-999.0,dos
2026-05-22 03:00:00,3,0.6,416.0,508.8,189.5,61.05,297.8,1033.3,-26.3,unauthorized
2026-05-22 04:00:00,4,1.24,242.3,554.4,225.6,59.32,161.9,960.5,42.3,fdi
2026-05-22 05:00:00,5,0.96,50.0,91.7,37.4,60.01,30.0,181.4,20.0,replay
2026-05-22 06:00:00,6,0.0,0.0,0.0,0.0,0.0,0.0,11.8,-999.0,dos
2026-05-22 07:00:00,7,0.83,401.2,627.3,279.6,60.65,355.3,1295.8,-15.9,unauthorized
2026-05-22 08:00:00,8,0.64,213.8,258.0,113.3,60.39,206.0,592.2,43.4,fdi
2026-05-22 09:00:00,9,0.97,60.0,124.8,44.0,60.01,35.0,221.2,20.0,replay
2026-05-22 10:00:00,10,0.0,0.0,0.0,0.0,0.0,0.0,11.7,-999.0,dos
2026-05-22 11:00:00,11,0.79,404.6,638.5,241.1,58.59,250.9,1175.4,-18.1,unauthorized
2026-05-22 12:00:00,12,0.62,218.6,278.5,109.3,60.37,170.7,595.4,50.1,fdi
2026-05-22 13:00:00,13,0.95,60.0,125.1,46.0,60.01,30.0,245.1,20.0,replay
2026-05-22 14:00:00,14,0.0,0.0,0.0,0.0,0.0,0.0,30.3,-999.0,dos
2026-05-22 15:00:00,15,1.37,446.3,1173.8,526.5,59.16,372.6,2115.5,-29.3,unauthorized
2026-05-22 16:00:00,16,0.62,317.2,354.9,137.8,60.52,175.8,700.5,47.3,fdi
2026-05-22 17:00:00,17,0.96,65.0,130.4,52.6,60.01,30.0,258.3,18.0,replay
2026-05-22 18:00:00,18,0.0,0.0,0.0,0.0,0.0,0.0,43.5,-999.0,dos
2026-05-22 19:00:00,19,0.45,368.9,349.9,149.5,60.65,341.1,887.3,-8.8,unauthorized
2026-05-22 20:00:00,20,0.68,216.1,291.5,105.2,60.42,121.9,533.6,48.8,fdi
2026-05-22 21:00:00,21,0.96,55.0,97.1,38.6,59.99,30.0,208.3,19.0,replay
2026-05-22 22:00:00,22,0.0,0.0,0.0,0.0,0.0,0.0,32.1,-999.0,dos
2026-05-22 23:00:00,23,1.14,410.3,1019.7,408.2,57.58,337.6,1794.4,-0.5,unauthorized
2026-05-23 00:00:00,0,1.25,222.9,577.7,203.7,59.35,149.2,958.6,45.6,fdi
2026-05-23 01:00:00,1,0.98,55.0,118.0,47.3,60.01,40.0,236.8,19.0,replay
2026-05-23 02:00:00,2,0.0,0.0,0.0,0.0,0.0,0.0,11.1,-999.0,dos
2026-05-23 03:00:00,3,0.71,431.1,611.3,271.6,58.53,343.2,1264.2,13.7,unauthorized
2026-05-23 04:00:00,4,0.63,291.3,385.9,144.7,59.3,202.1,754.6,46.1,fdi
2026-05-23 05:00:00,5,0.97,50.0,90.3,34.2,60.0,40.0,187.7,18.0,replay
2026-05-23 06:00:00,6,0.0,0.0,0.0,0.0,0.0,0.0,20.9,-999.0,dos
2026-05-23 07:00:00,7,0.77,478.3,706.6,261.0,59.99,394.7,1400.1,20.4,unauthorized
2026-05-23 08:00:00,8,0.68,281.6,385.0,158.3,60.53,173.3,732.5,51.0,fdi
2026-05-23 09:00:00,9,0.95,50.0,103.0,44.2,60.01,35.0,209.4,19.0,replay
2026-05-23 10:00:00,10,0.0,0.0,0.0,0.0,0.0,0.0,40.6,-999.0,dos
2026-05-23 11:00:00,11,1.14,391.4,814.8,294.2,62.15,250.3,1390.7,-11.5,unauthorized
2026-05-23 12:00:00,12,1.2,271.7,630.6,281.4,60.41,196.8,1119.2,52.5,fdi
2026-05-23 13:00:00,13,0.96,55.0,96.7,37.2,60.0,30.0,198.4,20.0,replay
2026-05-23 14:00:00,14,0.0,0.0,0.0,0.0,0.0,0.0,42.0,-999.0,dos
2026-05-23 15:00:00,15,0.58,484.3,595.8,212.1,60.34,390.4,1243.6,-18.9,unauthorized
2026-05-23 16:00:00,16,1.19,294.3,676.8,243.0,59.33,164.4,1130.6,61.0,fdi
2026-05-23 17:00:00,17,0.96,55.0,110.2,47.6,60.0,30.0,228.2,19.0,replay
2026-05-23 18:00:00,18,0.0,0.0,0.0,0.0,0.0,0.0,29.9,-999.0,dos
2026-05-23 19:00:00,19,0.77,457.1,650.4,247.2,61.04,336.9,1264.3,63.4,unauthorized
2026-05-23 20:00:00,20,1.22,309.6,754.7,310.9,59.5,150.8,1236.0,61.5,fdi
2026-05-23 21:00:00,21,0.96,65.0,125.5,52.6,60.0,35.0,243.5,18.0,replay
2026-05-23 22:00:00,22,0.0,0.0,0.0,0.0,0.0,0.0,15.9,-999.0,dos
2026-05-23 23:00:00,23,1.29,453.1,1247.1,485.6,62.29,300.5,2071.5,-7.4,unauthorized
2026-05-24 00:00:00,0,0.64,217.6,282.3,105.0,60.49,121.2,548.6,56.7,fdi
2026-05-24 01:00:00,1,0.95,60.0,115.0,40.4,59.99,40.0,221.0,18.0,replay
2026-05-24 02:00:00,2,0.0,0.0,0.0,0.0,0.0,0.0,18.2,-999.0,dos
2026-05-24 03:00:00,3,0.96,477.9,1001.1,423.6,60.19,395.2,1865.1,55.9,unauthorized
2026-05-24 04:00:00,4,1.2,301.0,668.0,266.4,60.39,202.1,1165.6,60.7,fdi
2026-05-24 05:00:00,5,0.97,60.0,125.7,45.6,60.0,30.0,221.1,18.0,replay
2026-05-24 06:00:00,6,0.0,0.0,0.0,0.0,0.0,0.0,42.1,-999.0,dos
2026-05-24 07:00:00,7,1.36,384.7,1091.1,402.5,59.91,396.6,1931.0,59.2,unauthorized
2026-05-24 08:00:00,8,0.65,265.3,358.2,136.0,59.43,126.8,643.5,52.5,fdi
2026-05-24 09:00:00,9,0.97,50.0,95.6,36.4,59.99,30.0,189.3,20.0,replay
2026-05-24 10:00:00,10,0.0,0.0,0.0,0.0,0.0,0.0,32.1,-999.0,dos
2026-05-24 11:00:00,11,0.69,497.5,651.9,230.2,60.56,293.7,1219.6,11.2,unauthorized
2026-05-24 12:00:00,12,0.63,205.6,283.7,101.7,59.33,190.8,586.5,61.3,fdi
2026-05-24 13:00:00,13,0.98,65.0,137.8,51.5,60.01,35.0,238.2,20.0,replay
2026-05-24 14:00:00,14,0.0,0.0,0.0,0.0,0.0,0.0,24.9,-999.0,dos
2026-05-24 15:00:00,15,0.95,498.7,965.5,408.2,58.33,306.4,1709.3,-24.1,unauthorized
2026-05-24 16:00:00,16,0.64,204.0,274.0,120.3,60.4,218.3,652.0,61.5,fdi
2026-05-24 17:00:00,17,0.97,60.0,108.8,41.8,60.0,40.0,213.3,18.0,replay
2026-05-24 18:00:00,18,0.0,0.0,0.0,0.0,0.0,0.0,30.6,-999.0,dos
2026-05-24 19:00:00,19,1.14,475.3,989.5,438.4,62.3,312.4,1753.0,1.5,unauthorized
2026-05-24 20:00:00,20,1.34,238.7,703.4,282.6,59.3,149.9,1183.4,55.7,fdi
2026-05-24 21:00:00,21,0.97,60.0,105.6,45.2,59.99,35.0,232.6,20.0,replay
2026-05-24 22:00:00,22,0.0,0.0,0.0,0.0,0.0,0.0,44.3,-999.0,dos
2026-05-24 23:00:00,23,0.86,457.0,856.6,349.3,58.35,266.5,1501.6,51.4,unauthorized
2026-05-25 00:00:00,0,1.24,312.6,806.9,329.2,60.28,196.6,1371.1,51.0,fdi
2026-05-25 01:00:00,1,0.97,55.0,99.1,40.2,60.01,40.0,216.5,19.0,replay
2026-05-25 02:00:00,2,0.0,0.0,0.0,0.0,0.0,0.0,46.5,-999.0,dos
2026-05-25 03:00:00,3,0.56,444.2,461.1,167.7,60.55,254.0,903.2,-29.1,unauthorized
2026-05-25 04:00:00,4,1.33,265.7,751.2,277.5,59.38,129.0,1171.4,52.7,fdi
2026-05-25 05:00:00,5,0.97,55.0,110.6,43.0,60.01,35.0,223.9,18.0,replay
2026-05-25 06:00:00,6,0.0,0.0,0.0,0.0,0.0,0.0,19.9,-999.0,dos
2026-05-25 07:00:00,7,0.42,414.8,331.7,118.4,60.44,277.3,751.3,-9.2,unauthorized
2026-05-25 08:00:00,8,1.24,271.4,735.2,274.3,59.53,205.8,1249.9,60.3,fdi
2026-05-25 09:00:00,9,0.96,55.0,100.5,44.5,59.99,30.0,222.2,19.0,replay
2026-05-25 10:00:00,10,0.0,0.0,0.0,0.0,0.0,0.0,22.3,-999.0,dos
2026-05-25 11:00:00,11,0.97,363.4,680.7,245.0,62.12,330.2,1304.2,9.9,unauthorized
2026-05-25 12:00:00,12,1.25,257.8,623.9,226.0,60.4,184.6,1060.9,48.5,fdi
2026-05-25 13:00:00,13,0.97,55.0,106.7,41.1,59.99,40.0,219.5,19.0,replay
2026-05-25 14:00:00,14,0.0,0.0,0.0,0.0,0.0,0.0,21.2,-999.0,dos
2026-05-25 15:00:00,15,1.11,474.0,964.2,343.0,62.56,311.8,1634.0,48.9,unauthorized
2026-05-25 16:00:00,16,1.21,270.7,598.0,223.4,60.45,161.2,995.0,45.9,fdi
2026-05-25 17:00:00,17,0.97,65.0,134.1,49.9,59.99,30.0,228.8,20.0,replay
2026-05-25 18:00:00,18,0.0,0.0,0.0,0.0,0.0,0.0,34.0,-999.0,dos
2026-05-25 19:00:00,19,0.46,414.2,361.9,130.1,58.43,363.9,876.0,64.7,unauthorized
2026-05-25 20:00:00,20,1.26,316.3,746.7,318.3,60.33,136.7,1214.1,46.0,fdi
2026-05-25 21:00:00,21,0.98,65.0,125.2,44.8,59.99,40.0,257.0,19.0,replay
2026-05-25 22:00:00,22,0.0,0.0,0.0,0.0,0.0,0.0,46.6,-999.0,dos
2026-05-25 23:00:00,23,1.2,352.5,901.4,402.4,59.51,397.7,1738.9,29.6,unauthorized
2026-05-26 00:00:00,0,1.16,239.9,612.7,272.5,59.37,211.1,1134.5,60.8,fdi
2026-05-26 01:00:00,1,0.96,60.0,120.3,46.7,59.99,40.0,233.9,18.0,replay
2026-05-26 02:00:00,2,0.0,0.0,0.0,0.0,0.0,0.0,28.3,-999.0,dos
2026-05-26 03:00:00,3,1.05,358.4,787.9,287.6,61.87,390.3,1489.8,59.5,unauthorized
2026-05-26 04:00:00,4,1.17,310.8,666.2,282.4,59.3,152.7,1118.4,50.8,fdi
2026-05-26 05:00:00,5,0.96,55.0,109.0,46.0,60.01,40.0,216.9,19.0,replay
2026-05-26 06:00:00,6,0.0,0.0,0.0,0.0,0.0,0.0,37.1,-999.0,dos
2026-05-26 07:00:00,7,0.46,472.7,473.5,206.3,60.4,377.2,1067.4,76.9,unauthorized
2026-05-26 08:00:00,8,1.32,219.2,568.5,245.5,59.21,197.1,1048.9,44.6,fdi
2026-05-26 09:00:00,9,0.0,0.0,0.0,0.0,0.0,0.0,36.9,-999.0,replay
2026-05-26 10:00:00,10,0.0,0.0,0.0,0.0,0.0,0.0,19.0,-999.0,dos
2026-05-26 11:00:00,11,1.38,383.6,1133.8,435.5,60.37,310.1,1915.8,52.2,unauthorized
2026-05-26 12:00:00,12,1.2,255.4,595.8,215.6,60.53,126.9,967.3,44.2,fdi
2026-05-26 13:00:00,13,0.95,60.0,106.7,47.3,60.0,30.0,209.7,19.0,replay
2026-05-26 14:00:00,14,0.0,0.0,0.0,0.0,0.0,0.0,21.2,-999.0,dos
2026-05-26 15:00:00,15,0.73,436.8,613.6,256.6,58.44,369.6,1278.0,52.9,unauthorized
2026-05-26 16:00:00,16,0.65,191.5,224.4,84.2,59.36,163.8,487.2,61.8,fdi
2026-05-26 17:00:00,17,0.96,55.0,99.1,37.1,60.0,35.0,201.5,18.0,replay
2026-05-26 18:00:00,18,0.0,0.0,0.0,0.0,0.0,0.0,26.1,-999.0,dos
2026-05-26 19:00:00,19,0.99,461.0,953.7,358.4,59.64,362.5,1715.9,-3.7,unauthorized
2026-05-26 20:00:00,20,0.59,277.2,316.8,123.4,59.55,156.2,610.8,59.7,fdi
2026-05-26 21:00:00,21,0.95,55.0,102.6,45.5,60.01,30.0,224.2,19.0,replay
2026-05-26 22:00:00,22,0.0,0.0,0.0,0.0,0.0,0.0,17.2,-999.0,dos
2026-05-26 23:00:00,23,1.31,489.7,1252.8,517.6,57.31,339.0,2157.4,27.7,unauthorized
2026-05-27 00:00:00,0,1.16,230.9,522.7,200.2,60.4,170.3,936.3,59.4,fdi
2026-05-27 01:00:00,1,0.97,60.0,106.6,40.8,60.0,35.0,210.3,20.0,replay
2026-05-27 02:00:00,2,0.0,0.0,0.0,0.0,0.0,0.0,27.0,-999.0,dos
2026-05-27 03:00:00,3,1.24,496.9,1242.5,475.6,57.44,282.5,2018.8,50.8,unauthorized
2026-05-27 04:00:00,4,1.19,315.0,782.6,326.5,60.59,204.2,1331.8,51.7,fdi
2026-05-27 05:00:00,5,0.97,50.0,96.5,38.0,59.99,40.0,204.4,20.0,replay
2026-05-27 06:00:00,6,0.0,0.0,0.0,0.0,0.0,0.0,45.5,-999.0,dos
2026-05-27 07:00:00,7,1.12,439.6,1085.7,383.6,60.86,336.8,1831.9,-36.8,unauthorized
2026-05-27 08:00:00,8,1.31,239.6,641.8,276.9,59.3,145.6,1092.4,47.8,fdi
2026-05-27 09:00:00,9,0.95,65.0,121.2,43.6,60.0,40.0,225.6,19.0,replay
2026-05-27 10:00:00,10,0.0,0.0,0.0,0.0,0.0,0.0,34.3,-999.0,dos
2026-05-27 11:00:00,11,0.92,439.9,783.4,329.7,61.21,386.2,1547.7,-29.0,unauthorized
2026-05-27 12:00:00,12,0.58,196.7,211.2,89.3,59.35,139.5,475.0,63.5,fdi
2026-05-27 13:00:00,13,0.95,50.0,94.6,33.1,60.01,30.0,206.7,18.0,replay
2026-05-27 14:00:00,14,0.0,0.0,0.0,0.0,0.0,0.0,18.9,-999.0,dos
2026-05-27 15:00:00,15,1.4,394.3,1074.3,472.5,59.43,380.7,1967.5,37.0,unauthorized
2026-05-27 16:00:00,16,0.71,249.5,334.7,137.1,59.54,189.0,681.8,44.4,fdi
2026-05-27 17:00:00,17,0.98,65.0,138.8,60.3,60.01,35.0,261.7,18.0,replay
2026-05-27 18:00:00,18,0.0,0.0,0.0,0.0,0.0,0.0,33.7,-999.0,dos
2026-05-27 19:00:00,19,0.89,380.0,631.4,261.9,61.36,329.0,1247.5,40.2,unauthorized
2026-05-27 20:00:00,20,0.65,270.9,345.4,149.9,59.45,184.1,704.6,56.1,fdi
2026-05-27 21:00:00,21,0.96,55.0,101.0,35.6,60.01,30.0,202.9,18.0,replay
2026-05-27 22:00:00,22,0.0,0.0,0.0,0.0,0.0,0.0,14.9,-999.0,dos
2026-05-27 23:00:00,23,1.31,486.0,1267.2,538.9,57.91,307.7,2155.4,-34.8,unauthorized
2026-05-28 00:00:00,0,1.23,310.5,824.3,320.5,60.36,194.7,1370.0,58.9,fdi
2026-05-28 01:00:00,1,0.95,50.0,97.9,36.7,60.01,30.0,176.2,18.0,replay
2026-05-28 02:00:00,2,0.0,0.0,0.0,0.0,0.0,0.0,17.4,-999.0,dos
2026-05-28 03:00:00,3,1.04,481.9,1073.9,404.2,61.56,386.3,1891.7,32.5,unauthorized
2026-05-28 04:00:00,4,1.32,230.8,554.7,243.9,60.36,174.7,1020.5,45.0,fdi
2026-05-28 05:00:00,5,0.98,55.0,109.3,43.3,60.0,30.0,212.1,19.0,replay
2026-05-28 06:00:00,6,0.0,0.0,0.0,0.0,0.0,0.0,22.9,-999.0,dos
2026-05-28 07:00:00,7,1.04,449.3,925.2,385.7,60.71,349.7,1700.8,-2.8,unauthorized
2026-05-28 08:00:00,8,1.29,211.1,523.2,223.8,60.41,137.3,907.6,50.7,fdi
2026-05-28 09:00:00,9,0.96,55.0,97.1,35.9,60.0,35.0,189.3,20.0,replay
2026-05-28 10:00:00,10,0.0,0.0,0.0,0.0,0.0,0.0,25.5,-999.0,dos
2026-05-28 11:00:00,11,0.64,441.5,590.7,222.0,62.08,370.3,1207.2,-29.2,unauthorized
2026-05-28 12:00:00,12,0.58,195.2,217.6,80.0,60.33,126.0,459.0,63.3,fdi
2026-05-28 13:00:00,13,0.97,50.0,97.0,39.8,60.01,30.0,215.2,18.0,replay
2026-05-28 14:00:00,14,0.0,0.0,0.0,0.0,0.0,0.0,20.6,-999.0,dos
2026-05-28 15:00:00,15,1.22,391.3,900.9,395.4,61.38,350.8,1684.3,16.8,unauthorized
2026-05-28 16:00:00,16,0.68,304.2,424.2,166.2,60.6,135.3,754.8,55.8,fdi
2026-05-28 17:00:00,17,0.95,50.0,92.8,41.8,60.01,30.0,182.4,19.0,replay
2026-05-28 18:00:00,18,0.98,65.0,134.6,52.2,60.0,30.0,230.6,19.0,dos
2026-05-28 19:00:00,19,0.68,448.9,596.8,236.7,60.95,355.8,1231.4,79.1,unauthorized
2026-05-28 20:00:00,20,1.32,187.2,449.8,177.3,60.29,127.8,775.0,42.6,fdi
2026-05-28 21:00:00,21,0.98,50.0,99.5,42.1,60.0,40.0,226.8,19.0,replay
2026-05-28 22:00:00,22,0.0,0.0,0.0,0.0,0.0,0.0,31.6,-999.0,dos
2026-05-28 23:00:00,23,1.21,454.8,1173.3,483.1,60.63,342.6,2017.9,3.5,unauthorized
2026-05-29 00:00:00,0,0.66,235.8,320.6,130.3,60.46,138.4,636.2,52.8,fdi
2026-05-29 01:00:00,1,0.97,50.0,99.2,41.1,60.0,35.0,224.2,19.0,replay
2026-05-29 02:00:00,2,0.0,0.0,0.0,0.0,0.0,0.0,37.7,-999.0,dos
2026-05-29 03:00:00,3,0.41,420.1,344.3,154.4,61.46,324.9,845.2,53.6,unauthorized
2026-05-29 04:00:00,4,1.26,228.9,608.2,259.1,60.49,157.7,1050.0,56.5,fdi
2026-05-29 05:00:00,5,0.96,65.0,127.8,48.2,60.0,40.0,259.1,19.0,replay
2026-05-29 06:00:00,6,0.0,0.0,0.0,0.0,0.0,0.0,48.1,-999.0,dos
2026-05-29 07:00:00,7,1.36,391.7,1061.7,379.5,57.38,365.9,1843.2,60.3,unauthorized
2026-05-29 08:00:00,8,0.6,298.7,379.3,138.0,60.46,199.0,740.6,42.9,fdi
2026-05-29 09:00:00,9,0.97,65.0,120.8,48.2,60.01,30.0,216.5,19.0,replay
2026-05-29 10:00:00,10,0.0,0.0,0.0,0.0,0.0,0.0,43.8,-999.0,dos
2026-05-29 11:00:00,11,1.02,350.0,725.6,309.3,60.3,396.3,1465.5,-2.5,unauthorized
2026-05-29 12:00:00,12,1.24,221.3,540.9,219.5,59.35,205.0,980.4,46.4,fdi
2026-05-29 13:00:00,13,0.97,60.0,107.7,39.0,60.0,35.0,231.5,19.0,replay
2026-05-29 14:00:00,14,0.0,0.0,0.0,0.0,0.0,0.0,49.6,-999.0,dos
2026-05-29 15:00:00,15,1.03,466.9,1015.1,434.5,59.36,274.3,1743.1,12.1,unauthorized
2026-05-29 16:00:00,16,0.56,282.9,288.5,114.8,60.54,210.5,635.8,48.8,fdi
2026-05-29 17:00:00,17,0.96,55.0,111.6,46.2,60.01,40.0,220.8,19.0,replay
2026-05-29 18:00:00,18,0.0,0.0,0.0,0.0,0.0,0.0,33.7,-999.0,dos
2026-05-29 19:00:00,19,0.4,470.4,383.0,165.5,61.94,354.6,928.7,-30.8,unauthorized
2026-05-29 20:00:00,20,0.69,186.8,264.8,96.1,59.43,180.2,560.6,57.0,fdi
2026-05-29 21:00:00,21,0.96,65.0,134.4,58.7,60.01,35.0,256.2,20.0,replay
2026-05-29 22:00:00,22,0.0,0.0,0.0,0.0,0.0,0.0,49.9,-999.0,dos
2026-05-29 23:00:00,23,1.35,412.2,1032.2,427.0,62.3,317.2,1813.6,64.0,unauthorized
2026-05-30 00:00:00,0,1.29,213.5,503.5,184.8,59.39,151.8,869.0,59.9,fdi
2026-05-30 01:00:00,1,0.97,50.0,102.5,41.5,59.99,30.0,188.5,18.0,replay
2026-05-30 02:00:00,2,0.0,0.0,0.0,0.0,0.0,0.0,42.8,-999.0,dos
2026-05-30 03:00:00,3,0.67,394.4,496.0,186.8,60.05,270.1,991.1,6.2,unauthorized
2026-05-30 04:00:00,4,1.26,185.0,465.1,202.8,60.5,193.6,878.1,60.7,fdi
2026-05-30 05:00:00,5,0.98,65.0,118.6,48.9,60.01,40.0,220.6,19.0,replay
2026-05-30 06:00:00,6,0.0,0.0,0.0,0.0,0.0,0.0,10.0,-999.0,dos
2026-05-30 07:00:00,7,0.96,381.5,763.3,301.7,58.4,371.6,1456.2,20.2,unauthorized
2026-05-30 08:00:00,8,0.57,236.9,254.8,98.1,60.32,213.3,606.8,62.3,fdi
2026-05-30 09:00:00,9,0.95,60.0,118.7,49.9,60.01,35.0,252.2,20.0,replay
2026-05-30 10:00:00,10,0.0,0.0,0.0,0.0,0.0,0.0,10.9,-999.0,dos
2026-05-30 11:00:00,11,0.45,447.7,363.9,153.4,57.6,376.9,938.5,37.6,unauthorized
2026-05-30 12:00:00,12,1.32,282.5,709.8,255.6,60.37,168.0,1177.9,61.9,fdi
2026-05-30 13:00:00,13,0.97,60.0,107.8,47.5,60.01,30.0,225.3,20.0,replay
2026-05-30 14:00:00,14,0.0,0.0,0.0,0.0,0.0,0.0,17.4,-999.0,dos
2026-05-30 15:00:00,15,0.89,441.1,854.5,312.1,62.56,307.6,1518.7,44.4,unauthorized
2026-05-30 16:00:00,16,0.6,226.8,299.2,122.8,60.59,201.3,667.6,44.2,fdi
2026-05-30 17:00:00,17,0.97,60.0,116.1,45.8,60.01,40.0,220.6,18.0,replay
2026-05-30 18:00:00,18,0.0,0.0,0.0,0.0,0.0,0.0,21.5,-999.0,dos
2026-05-30 19:00:00,19,0.94,450.6,825.9,353.0,61.35,363.1,1588.2,-35.6,unauthorized
2026-05-30 20:00:00,20,1.23,190.4,464.6,181.5,59.22,138.6,813.2,51.6,fdi
2026-05-30 21:00:00,21,0.96,55.0,115.1,48.7,60.01,40.0,243.3,20.0,replay
2026-05-30 22:00:00,22,0.0,0.0,0.0,0.0,0.0,0.0,10.8,-999.0,dos
2026-05-30 23:00:00,23,1.23,391.2,915.1,322.4,60.32,342.3,1624.3,-24.2,unauthorized
2026-05-31 00:00:00,0,1.17,289.4,711.1,300.0,59.4,134.0,1184.8,54.8,fdi
2026-05-31 01:00:00,1,0.97,55.0,107.1,42.2,59.99,30.0,201.7,20.0,replay
2026-05-31 02:00:00,2,0.0,0.0,0.0,0.0,0.0,0.0,12.4,-999.0,dos
2026-05-31 03:00:00,3,0.63,483.1,625.6,266.2,60.88,334.1,1258.1,20.8,unauthorized
2026-05-31 04:00:00,4,0.72,273.7,425.5,184.3,59.34,206.0,842.1,62.9,fdi
2026-05-31 05:00:00,5,0.95,50.0,89.6,39.5,60.01,35.0,202.7,19.0,replay
2026-05-31 06:00:00,6,0.0,0.0,0.0,0.0,0.0,0.0,21.5,-999.0,dos
2026-05-31 07:00:00,7,1.23,425.5,1072.0,401.7,57.61,287.4,1780.4,1.4,unauthorized
2026-05-31 08:00:00,8,0.63,297.8,378.3,135.1,59.43,135.5,673.4,43.3,fdi
2026-05-31 09:00:00,9,0.98,50.0,95.0,34.0,60.0,40.0,189.6,19.0,replay
2026-05-31 10:00:00,10,0.0,0.0,0.0,0.0,0.0,0.0,14.8,-999.0,dos
2026-05-31 11:00:00,11,0.77,451.9,632.2,254.1,61.03,369.0,1272.0,43.7,unauthorized
2026-05-31 12:00:00,12,1.23,207.5,469.7,199.0,60.46,169.3,848.3,50.6,fdi
2026-05-31 13:00:00,13,0.95,55.0,110.3,42.2,59.99,30.0,197.9,18.0,replay
2026-05-31 14:00:00,14,0.0,0.0,0.0,0.0,0.0,0.0,23.0,-999.0,dos
2026-05-31 15:00:00,15,1.31,438.8,1130.4,415.7,58.31,283.0,1870.6,32.5,unauthorized
2026-05-31 16:00:00,16,1.16,278.2,649.0,237.4,60.33,150.3,1077.7,62.1,fdi
2026-05-31 17:00:00,17,0.95,65.0,115.1,49.9,60.01,35.0,236.3,20.0,replay
2026-05-31 18:00:00,18,0.0,0.0,0.0,0.0,0.0,0.0,48.6,-999.0,dos
2026-05-31 19:00:00,19,0.9,443.7,770.2,275.3,57.83,256.5,1344.2,-38.4,unauthorized
2026-05-31 20:00:00,20,1.24,183.6,444.6,177.7,60.36,159.4,801.5,63.6,fdi
2026-05-31 21:00:00,21,0.0,0.0,0.0,0.0,0.0,0.0,36.8,-999.0,replay
2026-05-31 22:00:00,22,0.0,0.0,0.0,0.0,0.0,0.0,27.7,-999.0,dos
2026-05-31 23:00:00,23,1.06,459.0,901.2,390.8,61.66,350.7,1668.3,56.4,unauthorized
2026-06-01 00:00:00,0,1.25,220.0,519.8,188.9,60.29,165.1,888.2,44.9,fdi
2026-06-01 01:00:00,1,0.97,55.0,110.6,49.6,60.01,35.0,205.8,20.0,replay
2026-06-01 02:00:00,2,0.0,0.0,0.0,0.0,0.0,0.0,22.7,-999.0,dos
2026-06-01 03:00:00,3,1.32,362.1,959.1,339.4,61.66,309.3,1655.7,57.4,unauthorized
2026-06-01 04:00:00,4,0.7,191.2,255.5,107.3,59.49,218.6,619.6,58.7,fdi
2026-06-01 05:00:00,5,0.95,60.0,109.9,48.7,59.99,35.0,223.7,18.0,replay
2026-06-01 06:00:00,6,0.0,0.0,0.0,0.0,0.0,0.0,18.1,-999.0,dos
2026-06-01 07:00:00,7,1.06,419.0,920.8,357.6,58.62,374.8,1682.1,-7.0,unauthorized
2026-06-01 08:00:00,8,0.59,248.0,320.1,115.7,60.59,218.2,703.7,59.3,fdi
2026-06-01 09:00:00,9,0.97,50.0,88.7,35.8,59.99,40.0,211.1,18.0,replay
2026-06-01 10:00:00,10,0.0,0.0,0.0,0.0,0.0,0.0,15.8,-999.0,dos
2026-06-01 11:00:00,11,0.44,422.8,372.8,164.8,61.78,334.0,906.3,-17.4,unauthorized
2026-06-01 12:00:00,12,1.19,215.8,536.6,196.7,59.3,174.2,947.5,58.3,fdi
2026-06-01 13:00:00,13,0.98,55.0,115.6,47.7,60.01,30.0,238.2,18.0,replay
2026-06-01 14:00:00,14,0.0,0.0,0.0,0.0,0.0,0.0,42.8,-999.0,dos
2026-06-01 15:00:00,15,1.05,460.6,1041.8,442.7,58.96,325.8,1850.8,67.4,unauthorized
2026-06-01 16:00:00,16,0.61,196.9,247.8,107.8,60.28,131.6,522.9,63.9,fdi
2026-06-01 17:00:00,17,0.95,50.0,90.1,35.4,59.99,35.0,205.4,18.0,replay
2026-06-01 18:00:00,18,0.0,0.0,0.0,0.0,0.0,0.0,22.3,-999.0,dos
2026-06-01 19:00:00,19,0.42,491.4,413.7,168.2,58.98,310.6,909.7,68.9,unauthorized
2026-06-01 20:00:00,20,0.64,215.7,284.4,114.4,60.37,177.3,617.4,43.0,fdi
2026-06-01 21:00:00,21,0.98,60.0,110.6,46.9,60.0,40.0,241.0,20.0,replay
2026-06-01 22:00:00,22,0.0,0.0,0.0,0.0,0.0,0.0,22.5,-999.0,dos
2026-06-01 23:00:00,23,1.08,398.0,907.9,376.3,62.04,305.8,1632.1,-34.9,unauthorized
2026-06-02 00:00:00,0,1.16,195.7,465.0,208.5,59.31,219.8,915.9,59.4,fdi
2026-06-02 01:00:00,1,0.96,60.0,103.9,38.4,60.01,35.0,191.7,18.0,replay
2026-06-02 02:00:00,2,0.0,0.0,0.0,0.0,0.0,0.0,36.1,-999.0,dos
2026-06-02 03:00:00,3,1.19,425.6,975.2,350.5,60.08,304.3,1652.2,63.8,unauthorized
2026-06-02 04:00:00,4,0.58,195.6,249.5,92.5,59.44,156.6,531.7,61.4,fdi
2026-06-02 05:00:00,5,1.38,355.0,921.2,323.5,60.16,293.7,1564.9,57.7,replay
2026-06-02 06:00:00,6,0.0,0.0,0.0,0.0,0.0,0.0,35.7,-999.0,dos
2026-06-02 07:00:00,7,0.65,373.3,477.6,173.1,57.81,328.9,1015.5,41.8,unauthorized
2026-06-02 08:00:00,8,1.22,205.6,510.3,226.7,60.37,124.2,896.1,52.0,fdi
2026-06-02 09:00:00,9,0.96,50.0,97.9,41.4,60.0,40.0,222.3,18.0,replay
2026-06-02 10:00:00,10,0.0,0.0,0.0,0.0,0.0,0.0,32.6,-999.0,dos
2026-06-02 11:00:00,11,0.62,438.1,551.5,235.4,59.08,345.9,1182.0,-5.1,unauthorized
2026-06-02 12:00:00,12,0.63,241.3,300.2,107.0,60.31,125.9,570.7,58.0,fdi
2026-06-02 13:00:00,13,0.95,55.0,109.1,46.0,60.01,30.0,214.3,20.0,replay
2026-06-02 14:00:00,14,0.0,0.0,0.0,0.0,0.0,0.0,22.2,-999.0,dos
2026-06-02 15:00:00,15,0.96,433.7,876.6,308.5,61.26,357.6,1581.4,-11.8,unauthorized
2026-06-02 16:00:00,16,0.64,241.2,330.0,128.1,59.21,142.3,620.8,56.2,fdi
2026-06-02 17:00:00,17,0.96,50.0,96.5,34.1,59.99,35.0,184.5,19.0,replay
2026-06-02 18:00:00,18,0.0,0.0,0.0,0.0,0.0,0.0,18.8,-999.0,dos
2026-06-02 19:00:00,19,0.72,429.9,580.1,257.2,57.11,382.7,1242.7,54.7,unauthorized
2026-06-02 20:00:00,20,0.68,308.5,428.4,181.3,59.55,138.3,779.4,49.0,fdi
2026-06-02 21:00:00,21,0.97,60.0,110.0,38.7,60.01,35.0,203.2,20.0,replay
2026-06-02 22:00:00,22,0.0,0.0,0.0,0.0,0.0,0.0,13.7,-999.0,dos
2026-06-02 23:00:00,23,1.1,391.5,849.6,360.9,60.42,357.3,1589.8,60.5,unauthorized
2026-06-03 00:00:00,0,1.22,185.0,432.9,176.2,60.48,184.8,816.6,43.7,fdi
2026-06-03 01:00:00,1,0.98,50.0,90.0,36.7,59.99,30.0,203.2,18.0,replay
2026-06-03 02:00:00,2,0.0,0.0,0.0,0.0,0.0,0.0,27.6,-999.0,dos
2026-06-03 03:00:00,3,1.34,406.6,1022.0,402.1,60.95,283.6,1739.0,-13.6,unauthorized
2026-06-03 04:00:00,4,0.0,0.0,0.0,0.0,0.0,0.0,29.1,-999.0,fdi
2026-06-03 05:00:00,5,0.95,50.0,95.0,41.4,59.99,40.0,222.5,19.0,replay
2026-06-03 06:00:00,6,0.0,0.0,0.0,0.0,0.0,0.0,22.3,-999.0,dos
2026-06-03 07:00:00,7,1.08,395.7,923.9,341.7,58.97,315.2,1594.2,34.6,unauthorized
2026-06-03 08:00:00,8,1.27,277.9,721.9,272.7,60.49,154.3,1184.4,56.6,fdi
2026-06-03 09:00:00,9,0.95,60.0,114.2,50.6,60.0,30.0,220.5,20.0,replay
2026-06-03 10:00:00,10,0.0,0.0,0.0,0.0,0.0,0.0,21.6,-999.0,dos
2026-06-03 11:00:00,11,0.72,458.6,639.1,231.6,61.91,338.2,1256.2,-1.3,unauthorized
2026-06-03 12:00:00,12,1.28,242.6,620.5,228.8,59.49,137.1,1024.3,58.6,fdi
2026-06-03 13:00:00,13,0.96,55.0,105.8,47.1,59.99,35.0,230.7,19.0,replay
2026-06-03 14:00:00,14,0.0,0.0,0.0,0.0,0.0,0.0,25.4,-999.0,dos
2026-06-03 15:00:00,15,0.59,498.2,618.9,240.6,60.53,372.1,1265.2,8.9,unauthorized
2026-06-03 16:00:00,16,1.22,256.3,669.7,296.3,60.36,148.2,1152.2,47.2,fdi
2026-06-03 17:00:00,17,0.95,55.0,106.0,46.4,60.01,30.0,225.3,19.0,replay
2026-06-03 18:00:00,18,0.0,0.0,0.0,0.0,0.0,0.0,15.8,-999.0,dos
2026-06-03 19:00:00,19,1.26,429.2,1176.7,435.3,57.63,270.3,1892.8,57.6,unauthorized
2026-06-03 20:00:00,20,1.32,248.8,690.1,289.5,59.34,154.6,1158.6,47.1,fdi
2026-06-03 21:00:00,21,0.97,55.0,107.0,42.1,60.01,30.0,222.2,19.0,replay
2026-06-03 22:00:00,22,0.0,0.0,0.0,0.0,0.0,0.0,16.5,-999.0,dos
2026-06-03 23:00:00,23,0.98,363.9,770.0,315.7,60.89,313.8,1438.7,57.4,unauthorized
2026-06-04 00:00:00,0,0.68,249.5,351.5,151.9,59.51,139.8,687.3,44.3,fdi
2026-06-04 01:00:00,1,0.96,60.0,106.7,40.2,60.01,35.0,193.0,20.0,replay
2026-06-04 02:00:00,2,0.0,0.0,0.0,0.0,0.0,0.0,47.8,-999.0,dos
2026-06-04 03:00:00,3,1.18,390.2,990.1,363.4,57.92,371.6,1769.2,-10.3,unauthorized
2026-06-04 04:00:00,4,0.69,226.3,338.0,121.3,60.3,147.0,653.0,52.3,fdi
2026-06-04 05:00:00,5,0.95,65.0,113.4,42.5,60.0,30.0,214.3,20.0,replay
2026-06-04 06:00:00,6,0.0,0.0,0.0,0.0,0.0,0.0,38.7,-999.0,dos
2026-06-04 07:00:00,7,0.74,452.4,651.2,273.9,57.77,370.2,1311.1,69.7,unauthorized
2026-06-04 08:00:00,8,1.18,279.4,695.5,310.7,59.42,167.7,1219.5,57.5,fdi
2026-06-04 09:00:00,9,0.98,65.0,121.0,44.8,60.0,30.0,244.0,20.0,replay
2026-06-04 10:00:00,10,0.0,0.0,0.0,0.0,0.0,0.0,32.7,-999.0,dos
2026-06-04 11:00:00,11,1.28,371.8,877.1,375.2,57.93,279.0,1543.6,38.4,unauthorized
2026-06-04 12:00:00,12,1.23,318.6,766.8,325.1,59.27,214.7,1352.5,57.9,fdi
2026-06-04 13:00:00,13,0.97,50.0,97.0,40.8,60.0,30.0,207.9,20.0,replay
2026-06-04 14:00:00,14,0.0,0.0,0.0,0.0,0.0,0.0,21.5,-999.0,dos
2026-06-04 15:00:00,15,0.76,394.9,631.9,230.4,60.81,382.5,1290.6,14.6,unauthorized
2026-06-04 16:00:00,16,1.17,223.4,531.2,219.0,59.55,199.3,992.4,50.8,fdi
2026-06-04 17:00:00,17,0.96,65.0,112.8,40.8,60.01,30.0,216.8,19.0,replay
2026-06-04 18:00:00,18,0.0,0.0,0.0,0.0,0.0,0.0,39.6,-999.0,dos
2026-06-04 19:00:00,19,0.44,484.3,438.4,177.9,62.34,329.8,965.0,-10.2,unauthorized
2026-06-04 20:00:00,20,0.69,188.4,269.6,94.9,60.48,206.0,604.8,54.0,fdi
2026-06-04 21:00:00,21,0.95,50.0,94.9,33.5,60.01,30.0,182.0,18.0,replay
2026-06-04 22:00:00,22,0.0,0.0,0.0,0.0,0.0,0.0,18.3,-999.0,dos
2026-06-04 23:00:00,23,0.7,437.1,627.1,246.2,58.63,313.8,1197.8,-15.1,unauthorized
2026-06-05 00:00:00,0,1.19,261.9,657.3,279.6,60.48,215.2,1199.0,54.2,fdi
2026-06-05 01:00:00,1,0.97,60.0,112.1,49.9,60.01,35.0,232.1,18.0,replay
2026-06-05 02:00:00,2,0.0,0.0,0.0,0.0,0.0,0.0,22.2,-999.0,dos
2026-06-05 03:00:00,3,0.94,434.9,790.1,322.0,61.95,318.6,1449.0,57.8,unauthorized
2026-06-05 04:00:00,4,0.59,293.4,327.9,136.2,60.26,131.0,633.1,59.2,fdi
2026-06-05 05:00:00,5,0.95,50.0,92.7,34.5,60.01,30.0,197.0,20.0,replay
2026-06-05 06:00:00,6,0.0,0.0,0.0,0.0,0.0,0.0,26.4,-999.0,dos
2026-06-05 07:00:00,7,0.59,371.8,438.0,190.4,61.79,314.5,992.1,78.4,unauthorized
2026-06-05 08:00:00,8,0.55,275.2,329.0,145.8,59.37,136.2,650.8,56.2,fdi
2026-06-05 09:00:00,9,0.95,50.0,94.6,42.1,60.01,35.0,182.6,20.0,replay
2026-06-05 10:00:00,10,0.0,0.0,0.0,0.0,0.0,0.0,38.6,-999.0,dos
2026-06-05 11:00:00,11,0.41,392.8,305.5,121.4,58.13,275.0,721.9,47.4,unauthorized
2026-06-05 12:00:00,12,0.61,264.4,296.4,119.9,59.23,191.1,626.5,49.4,fdi
2026-06-05 13:00:00,13,0.97,60.0,118.5,50.1,60.01,35.0,224.0,18.0,replay
2026-06-05 14:00:00,14,0.0,0.0,0.0,0.0,0.0,0.0,30.0,-999.0,dos
2026-06-05 15:00:00,15,0.92,360.4,630.5,260.8,58.96,263.1,1175.8,78.7,unauthorized
2026-06-05 16:00:00,16,1.31,195.5,481.3,209.8,59.49,187.9,893.9,43.6,fdi
2026-06-05 17:00:00,17,0.98,55.0,116.2,47.4,60.01,40.0,214.4,18.0,replay
2026-06-05 18:00:00,18,0.0,0.0,0.0,0.0,0.0,0.0,29.0,-999.0,dos
2026-06-05 19:00:00,19,0.41,435.4,346.5,146.1,60.78,294.5,802.9,47.2,unauthorized
2026-06-05 20:00:00,20,0.58,311.4,334.8,126.9,59.45,204.0,694.8,43.9,fdi
2026-06-05 21:00:00,21,0.98,55.0,99.7,40.0,60.01,40.0,203.1,18.0,replay
2026-06-05 22:00:00,22,0.0,0.0,0.0,0.0,0.0,0.0,49.9,-999.0,dos
2026-06-05 23:00:00,23,0.58,442.0,465.7,183.1,58.42,265.8,941.7,-34.0,unauthorized
2026-06-06 00:00:00,0,0.57,308.1,349.0,132.1,59.21,216.3,736.5,49.1,fdi
2026-06-06 01:00:00,1,0.97,60.0,108.0,43.2,59.99,40.0,233.3,20.0,replay
2026-06-06 02:00:00,2,0.0,0.0,0.0,0.0,0.0,0.0,43.4,-999.0,dos
2026-06-06 03:00:00,3,1.02,493.3,931.3,414.3,62.05,259.3,1654.3,-1.6,unauthorized
2026-06-06 04:00:00,4,0.69,212.7,318.6,115.6,60.25,161.2,613.6,62.7,fdi
2026-06-06 05:00:00,5,0.95,50.0,87.6,36.2,59.99,35.0,182.2,20.0,replay
2026-06-06 06:00:00,6,0.0,0.0,0.0,0.0,0.0,0.0,45.7,-999.0,dos
2026-06-06 07:00:00,7,0.58,353.3,412.3,167.2,58.53,305.1,929.8,73.5,unauthorized
2026-06-06 08:00:00,8,0.57,217.9,266.9,114.9,60.51,191.2,622.3,56.8,fdi
2026-06-06 09:00:00,9,0.96,50.0,89.1,35.0,59.99,40.0,198.0,18.0,replay
2026-06-06 10:00:00,10,0.0,0.0,0.0,0.0,0.0,0.0,22.1,-999.0,dos
2026-06-06 11:00:00,11,1.0,438.3,829.4,335.1,60.78,273.8,1466.8,-5.7,unauthorized
2026-06-06 12:00:00,12,0.57,316.5,327.7,127.0,60.52,156.8,635.0,61.9,fdi
2026-06-06 13:00:00,13,0.95,55.0,105.2,38.5,60.01,30.0,190.4,19.0,replay
2026-06-06 14:00:00,14,0.0,0.0,0.0,0.0,0.0,0.0,15.0,-999.0,dos
2026-06-06 15:00:00,15,0.67,426.6,550.5,196.6,59.01,318.3,1110.9,-20.0,unauthorized
2026-06-06 16:00:00,16,0.61,246.4,284.9,119.1,60.49,204.5,626.2,48.6,fdi
2026-06-06 17:00:00,17,0.96,60.0,112.4,43.3,60.01,30.0,200.0,19.0,replay
2026-06-06 18:00:00,18,0.0,0.0,0.0,0.0,0.0,0.0,29.6,-999.0,dos
2026-06-06 19:00:00,19,0.77,370.5,627.9,275.6,59.7,284.3,1219.0,60.5,unauthorized
2026-06-06 20:00:00,20,0.64,269.4,361.3,155.7,59.45,184.0,727.1,57.4,fdi
2026-06-06 21:00:00,21,0.97,65.0,114.2,47.9,59.99,30.0,233.4,20.0,replay
2026-06-06 22:00:00,22,0.97,50.0,87.4,36.5,60.01,40.0,198.4,19.0,dos
2026-06-06 23:00:00,23,1.13,479.5,1077.3,446.2,62.53,366.3,1921.3,-12.1,unauthorized
2026-06-07 00:00:00,0,0.7,238.6,315.0,127.4,59.42,157.7,642.1,55.0,fdi
2026-06-07 01:00:00,1,0.98,50.0,100.2,39.3,60.0,30.0,216.2,19.0,replay
2026-06-07 02:00:00,2,0.0,0.0,0.0,0.0,0.0,0.0,20.5,-999.0,dos
2026-06-07 03:00:00,3,0.42,399.0,312.5,135.4,62.66,348.1,814.2,23.9,unauthorized
2026-06-07 04:00:00,4,1.18,313.5,667.6,273.6,59.42,215.4,1187.0,47.3,fdi
2026-06-07 05:00:00,5,0.95,55.0,99.8,37.1,60.0,40.0,200.2,20.0,replay
2026-06-07 06:00:00,6,0.0,0.0,0.0,0.0,0.0,0.0,49.2,-999.0,dos
2026-06-07 07:00:00,7,0.97,497.2,1057.9,434.7,62.95,303.4,1814.5,13.4,unauthorized
2026-06-07 08:00:00,8,1.22,211.9,473.3,169.8,60.25,208.1,883.4,48.8,fdi
2026-06-07 09:00:00,9,0.97,65.0,127.7,48.5,59.99,35.0,233.3,19.0,replay
2026-06-07 10:00:00,10,0.0,0.0,0.0,0.0,0.0,0.0,46.6,-999.0,dos
2026-06-07 11:00:00,11,0.63,471.3,621.3,234.4,62.0,266.7,1150.6,76.9,unauthorized
2026-06-07 12:00:00,12,1.21,261.2,649.5,276.1,59.33,154.8,1103.5,52.8,fdi
2026-06-07 13:00:00,13,0.98,55.0,102.6,40.3,59.99,30.0,218.4,18.0,replay
2026-06-07 14:00:00,14,0.0,0.0,0.0,0.0,0.0,0.0,14.1,-999.0,dos
2026-06-07 15:00:00,15,0.82,440.0,741.2,329.8,61.87,376.2,1472.6,40.4,unauthorized
2026-06-07 16:00:00,16,0.63,282.1,354.4,155.0,60.31,178.7,701.5,46.5,fdi
2026-06-07 17:00:00,17,0.96,65.0,123.2,47.3,60.0,30.0,230.1,19.0,replay
2026-06-07 18:00:00,18,0.0,0.0,0.0,0.0,0.0,0.0,19.5,-999.0,dos
2026-06-07 19:00:00,19,0.75,376.2,597.2,235.4,57.41,279.5,1157.2,62.5,unauthorized
2026-06-07 20:00:00,20,0.57,296.7,315.5,120.9,60.26,147.3,606.4,62.7,fdi
2026-06-07 21:00:00,21,0.95,50.0,86.7,33.6,60.01,35.0,199.5,18.0,replay
2026-06-07 22:00:00,22,0.0,0.0,0.0,0.0,0.0,0.0,41.5,-999.0,dos
2026-06-07 23:00:00,23,1.08,466.4,932.6,352.3,58.62,259.0,1591.7,8.7,unauthorized
2026-06-08 00:00:00,0,0.62,217.0,259.1,96.0,59.39,198.1,579.4,63.3,fdi
2026-06-08 01:00:00,1,0.97,60.0,109.5,39.6,60.01,30.0,210.9,18.0,replay
2026-06-08 02:00:00,2,0.0,0.0,0.0,0.0,0.0,0.0,31.1,-999.0,dos
2026-06-08 03:00:00,3,1.16,397.1,919.9,373.7,62.87,363.8,1695.2,-33.1,unauthorized
2026-06-08 04:00:00,4,1.22,218.0,571.6,233.6,59.31,126.3,972.7,45.8,fdi
2026-06-08 05:00:00,5,0.95,55.0,113.6,42.3,60.0,40.0,238.3,18.0,replay
2026-06-08 06:00:00,6,0.0,0.0,0.0,0.0,0.0,0.0,38.5,-999.0,dos
2026-06-08 07:00:00,7,0.99,450.4,972.3,370.9,59.2,382.1,1736.2,56.1,unauthorized
2026-06-08 08:00:00,8,1.24,294.4,726.5,255.0,60.36,163.9,1163.9,48.3,fdi
2026-06-08 09:00:00,9,0.97,65.0,135.9,58.7,60.01,40.0,267.6,19.0,replay
2026-06-08 10:00:00,10,0.0,0.0,0.0,0.0,0.0,0.0,28.6,-999.0,dos
2026-06-08 11:00:00,11,0.71,475.8,671.4,246.7,61.21,299.5,1230.8,59.7,unauthorized
2026-06-08 12:00:00,12,0.69,271.8,408.1,152.7,60.28,154.5,755.8,61.7,fdi
2026-06-08 13:00:00,13,0.96,55.0,114.0,42.6,59.99,40.0,209.6,19.0,replay
2026-06-08 14:00:00,14,0.0,0.0,0.0,0.0,0.0,0.0,26.7,-999.0,dos
2026-06-08 15:00:00,15,0.93,422.1,723.3,299.2,61.84,313.5,1374.2,56.2,unauthorized
2026-06-08 16:00:00,16,1.27,240.7,642.2,249.3,60.29,133.4,1068.1,61.3,fdi
2026-06-08 17:00:00,17,0.95,50.0,92.6,39.3,60.0,40.0,199.0,18.0,replay
2026-06-08 18:00:00,18,0.0,0.0,0.0,0.0,0.0,0.0,40.6,-999.0,dos
2026-06-08 19:00:00,19,0.99,432.5,905.4,336.8,60.66,354.3,1639.5,70.2,unauthorized
2026-06-08 20:00:00,20,0.7,194.2,266.7,119.2,59.48,170.4,574.3,49.1,fdi
2026-06-08 21:00:00,21,0.96,50.0,105.3,42.1,59.99,30.0,208.1,20.0,replay
2026-06-08 22:00:00,22,0.0,0.0,0.0,0.0,0.0,0.0,17.0,-999.0,dos
2026-06-08 23:00:00,23,0.8,412.3,656.1,281.5,60.86,349.3,1314.7,-21.5,unauthorized
2026-06-09 00:00:00,0,1.19,197.6,517.8,231.1,60.44,127.3,919.4,55.9,fdi
2026-06-09 01:00:00,1,0.97,55.0,100.4,40.6,60.0,30.0,188.2,20.0,replay
2026-06-09 02:00:00,2,0.0,0.0,0.0,0.0,0.0,0.0,40.2,-999.0,dos
2026-06-09 03:00:00,3,0.62,459.3,592.7,265.1,59.13,350.0,1219.5,-25.4,unauthorized
2026-06-09 04:00:00,4,1.24,220.7,530.6,204.4,59.37,168.5,943.8,58.5,fdi
2026-06-09 05:00:00,5,0.97,55.0,103.5,39.3,59.99,40.0,219.5,19.0,replay
2026-06-09 06:00:00,6,0.0,0.0,0.0,0.0,0.0,0.0,32.5,-999.0,dos
2026-06-09 07:00:00,7,0.91,443.1,823.1,320.5,62.36,278.8,1439.1,-29.6,unauthorized
2026-06-09 08:00:00,8,0.6,319.6,383.8,152.9,60.32,182.9,747.7,47.6,fdi
2026-06-09 09:00:00,9,0.96,50.0,94.4,41.3,60.01,35.0,183.2,20.0,replay
2026-06-09 10:00:00,10,0.0,0.0,0.0,0.0,0.0,0.0,32.6,-999.0,dos
2026-06-09 11:00:00,11,1.38,360.8,1046.9,442.3,59.68,343.1,1874.0,33.9,unauthorized
2026-06-09 12:00:00,12,1.23,313.8,731.3,308.2,60.33,183.2,1240.4,51.8,fdi
2026-06-09 13:00:00,13,0.95,50.0,98.2,40.7,60.01,35.0,192.8,20.0,replay
2026-06-09 14:00:00,14,0.0,0.0,0.0,0.0,0.0,0.0,11.8,-999.0,dos
2026-06-09 15:00:00,15,0.83,404.0,652.7,265.3,61.69,361.8,1325.5,68.6,unauthorized
2026-06-09 16:00:00,16,0.67,200.1,257.0,106.4,60.54,204.1,590.2,59.2,fdi
2026-06-09 17:00:00,17,0.98,60.0,127.6,48.2,60.01,30.0,243.0,18.0,replay
2026-06-09 18:00:00,18,0.0,0.0,0.0,0.0,0.0,0.0,14.6,-999.0,dos
2026-06-09 19:00:00,19,0.62,434.4,572.0,241.8,61.6,269.0,1109.9,64.4,unauthorized
2026-06-09 20:00:00,20,0.0,0.0,0.0,0.0,0.0,0.0,21.3,-999.0,fdi
2026-06-09 21:00:00,21,0.97,55.0,104.4,39.0,60.0,35.0,214.8,20.0,replay
2026-06-09 22:00:00,22,0.0,0.0,0.0,0.0,0.0,0.0,23.7,-999.0,dos
2026-06-09 23:00:00,23,0.69,456.5,614.0,232.3,60.91,316.1,1175.9,7.7,unauthorized
2026-06-10 00:00:00,0,1.26,288.3,781.0,321.5,60.58,202.7,1339.2,64.7,fdi
2026-06-10 01:00:00,1,0.96,55.0,109.7,43.3,59.99,40.0,223.9,19.0,replay
2026-06-10 02:00:00,2,0.0,0.0,0.0,0.0,0.0,0.0,45.1,-999.0,dos
2026-06-10 03:00:00,3,1.19,352.1,784.5,309.1,62.47,291.2,1424.8,66.6,unauthorized
2026-06-10 04:00:00,4,1.29,256.9,594.8,240.8,60.48,140.4,1002.2,58.0,fdi
2026-06-10 05:00:00,5,0.95,60.0,106.7,38.5,60.0,30.0,223.0,20.0,replay
2026-06-10 06:00:00,6,0.0,0.0,0.0,0.0,0.0,0.0,23.2,-999.0,dos
2026-06-10 07:00:00,7,0.44,483.4,397.4,152.4,62.12,367.7,938.1,-33.0,unauthorized
2026-06-10 08:00:00,8,1.26,260.0,683.0,251.6,60.33,216.0,1193.6,51.5,fdi
2026-06-10 09:00:00,9,0.96,55.0,105.3,41.3,60.01,30.0,207.4,18.0,replay
2026-06-10 10:00:00,10,0.0,0.0,0.0,0.0,0.0,0.0,21.6,-999.0,dos
2026-06-10 11:00:00,11,0.99,422.0,767.0,337.2,60.43,333.9,1472.1,-3.2,unauthorized
2026-06-10 12:00:00,12,1.3,261.8,625.3,263.9,60.56,150.6,1077.9,45.2,fdi
2026-06-10 13:00:00,13,0.97,55.0,110.0,45.6,60.0,40.0,236.0,20.0,replay
2026-06-10 14:00:00,14,0.0,0.0,0.0,0.0,0.0,0.0,34.7,-999.0,dos
2026-06-10 15:00:00,15,0.53,428.0,423.0,172.5,57.42,277.7,896.2,69.6,unauthorized
2026-06-10 16:00:00,16,1.24,301.4,730.0,256.0,60.37,164.6,1180.8,44.3,fdi
2026-06-10 17:00:00,17,0.96,55.0,113.2,44.0,60.0,40.0,246.2,20.0,replay
2026-06-10 18:00:00,18,0.0,0.0,0.0,0.0,0.0,0.0,35.4,-999.0,dos
2026-06-10 19:00:00,19,1.37,352.1,935.6,380.0,61.38,383.4,1736.2,-18.9,unauthorized
2026-06-10 20:00:00,20,0.61,295.0,388.5,141.8,59.28,127.4,703.2,51.8,fdi
2026-06-10 21:00:00,21,0.96,65.0,129.5,49.8,60.01,30.0,236.4,19.0,replay
2026-06-10 22:00:00,22,0.0,0.0,0.0,0.0,0.0,0.0,28.8,-999.0,dos
2026-06-10 23:00:00,23,0.94,441.2,834.4,357.1,60.28,279.9,1507.6,9.2,unauthorized
2026-06-11 00:00:00,0,0.57,209.0,222.2,84.3,60.33,182.5,526.3,42.9,fdi
2026-06-11 01:00:00,1,0.95,55.0,100.2,37.6,60.01,35.0,200.7,20.0,replay
2026-06-11 02:00:00,2,0.0,0.0,0.0,0.0,0.0,0.0,34.4,-999.0,dos
2026-06-11 03:00:00,3,0.72,371.5,535.2,221.8,59.13,349.8,1125.2,48.1,unauthorized
2026-06-11 04:00:00,4,0.6,256.7,321.0,129.0,59.37,211.1,674.6,59.0,fdi
2026-06-11 05:00:00,5,0.95,65.0,133.4,48.8,59.99,30.0,235.3,20.0,replay
2026-06-11 06:00:00,6,0.0,0.0,0.0,0.0,0.0,0.0,47.5,-999.0,dos
2026-06-11 07:00:00,7,1.33,374.2,934.3,372.6,57.94,392.4,1740.6,21.2,unauthorized
2026-06-11 08:00:00,8,0.65,301.4,356.6,137.3,59.41,195.9,724.8,51.8,fdi
2026-06-11 09:00:00,9,0.98,50.0,94.6,36.2,59.99,30.0,183.8,19.0,replay
2026-06-11 10:00:00,10,0.0,0.0,0.0,0.0,0.0,0.0,22.8,-999.0,dos
2026-06-11 11:00:00,11,0.48,474.1,457.6,167.6,58.6,383.4,1021.4,31.6,unauthorized
2026-06-11 12:00:00,12,1.17,297.0,670.2,286.6,60.34,198.8,1191.7,63.0,fdi
2026-06-11 13:00:00,13,0.97,65.0,136.9,55.1,59.99,30.0,257.6,18.0,replay
2026-06-11 14:00:00,14,0.0,0.0,0.0,0.0,0.0,0.0,26.7,-999.0,dos
2026-06-11 15:00:00,15,0.42,424.5,352.9,157.0,58.75,389.2,945.1,-29.5,unauthorized
2026-06-11 16:00:00,16,0.6,231.4,268.7,106.5,60.53,152.4,559.8,57.4,fdi
2026-06-11 17:00:00,17,0.98,55.0,97.8,42.5,60.0,40.0,200.8,18.0,replay
2026-06-11 18:00:00,18,0.0,0.0,0.0,0.0,0.0,0.0,14.8,-999.0,dos
2026-06-11 19:00:00,19,0.52,416.3,450.2,180.5,57.28,327.6,1001.5,55.5,unauthorized
2026-06-11 20:00:00,20,0.6,230.7,266.3,107.3,60.29,213.2,610.7,46.4,fdi
2026-06-11 21:00:00,21,0.96,55.0,99.5,39.5,59.99,40.0,200.6,19.0,replay
2026-06-11 22:00:00,22,0.0,0.0,0.0,0.0,0.0,0.0,26.8,-999.0,dos
2026-06-11 23:00:00,23,0.76,461.4,693.2,263.2,59.54,287.4,1293.6,11.3,unauthorized
2026-06-12 00:00:00,0,0.7,273.3,363.4,140.6,59.34,170.0,709.0,43.1,fdi
2026-06-12 01:00:00,1,0.96,50.0,96.3,37.5,60.01,30.0,193.0,18.0,replay
2026-06-12 02:00:00,2,0.0,0.0,0.0,0.0,0.0,0.0,16.0,-999.0,dos
2026-06-12 03:00:00,3,0.99,361.8,653.8,270.2,62.34,342.5,1291.4,-2.1,unauthorized
2026-06-12 04:00:00,4,1.16,312.9,753.8,329.3,59.21,191.6,1288.7,47.1,fdi
2026-06-12 05:00:00,5,0.96,55.0,110.4,45.0,60.0,30.0,229.2,20.0,replay
2026-06-12 06:00:00,6,0.0,0.0,0.0,0.0,0.0,0.0,25.7,-999.0,dos
2026-06-12 07:00:00,7,0.84,429.7,752.8,288.9,60.59,356.6,1445.7,23.0,unauthorized
2026-06-12 08:00:00,8,0.56,242.0,288.8,106.5,60.58,121.3,559.3,51.0,fdi
2026-06-12 09:00:00,9,0.96,55.0,98.6,36.3,60.0,35.0,181.3,19.0,replay
2026-06-12 10:00:00,10,0.0,0.0,0.0,0.0,0.0,0.0,23.1,-999.0,dos
2026-06-12 11:00:00,11,0.94,399.0,778.6,347.0,62.18,281.6,1417.9,65.9,unauthorized
2026-06-12 12:00:00,12,0.71,282.3,401.5,150.9,59.21,155.4,728.4,50.0,fdi
2026-06-12 13:00:00,13,0.95,60.0,125.1,45.7,60.01,40.0,222.1,18.0,replay
2026-06-12 14:00:00,14,0.0,0.0,0.0,0.0,0.0,0.0,27.2,-999.0,dos
2026-06-12 15:00:00,15,0.91,416.3,821.5,368.1,59.07,316.4,1549.6,6.1,unauthorized
2026-06-12 16:00:00,16,1.32,236.9,596.1,257.7,59.27,201.2,1094.9,43.9,fdi
2026-06-12 17:00:00,17,0.96,50.0,90.9,32.3,60.01,35.0,194.3,18.0,replay
2026-06-12 18:00:00,18,0.0,0.0,0.0,0.0,0.0,0.0,32.8,-999.0,dos
2026-06-12 19:00:00,19,1.36,366.5,916.6,389.0,57.41,256.6,1608.2,11.3,unauthorized
2026-06-12 20:00:00,20,0.56,234.1,279.7,116.5,60.33,184.5,619.1,45.0,fdi
2026-06-12 21:00:00,21,0.98,50.0,94.8,40.0,60.01,40.0,206.3,18.0,replay
2026-06-12 22:00:00,22,0.0,0.0,0.0,0.0,0.0,0.0,22.4,-999.0,dos
2026-06-12 23:00:00,23,1.21,364.9,864.3,346.9,59.73,314.1,1538.0,-31.2,unauthorized
2026-06-13 00:00:00,0,0.72,254.4,361.1,126.5,59.3,219.7,731.3,48.3,fdi
2026-06-13 01:00:00,1,0.96,50.0,91.9,39.7,60.01,30.0,171.7,20.0,replay
2026-06-13 02:00:00,2,0.0,0.0,0.0,0.0,0.0,0.0,46.3,-999.0,dos
2026-06-13 03:00:00,3,0.94,430.7,759.2,267.3,62.25,257.6,1300.0,10.9,unauthorized
2026-06-13 04:00:00,4,1.34,208.7,537.9,208.9,59.43,131.3,905.7,55.4,fdi
2026-06-13 05:00:00,5,0.96,65.0,135.4,60.1,60.0,40.0,247.1,20.0,replay
2026-06-13 06:00:00,6,0.97,65.0,120.6,47.6,60.01,30.0,208.8,18.0,dos
2026-06-13 07:00:00,7,1.1,384.7,791.6,318.1,59.34,354.3,1502.9,3.0,unauthorized
2026-06-13 08:00:00,8,1.32,215.4,562.3,228.9,59.44,151.7,976.5,56.9,fdi
2026-06-13 09:00:00,9,0.96,60.0,108.6,44.0,60.01,35.0,224.7,20.0,replay
2026-06-13 10:00:00,10,0.0,0.0,0.0,0.0,0.0,0.0,41.4,-999.0,dos
2026-06-13 11:00:00,11,1.0,414.3,802.3,296.7,62.07,359.3,1485.1,29.6,unauthorized
2026-06-13 12:00:00,12,1.25,203.7,508.9,196.5,59.25,168.1,902.5,59.2,fdi
2026-06-13 13:00:00,13,0.95,65.0,111.5,48.8,60.0,40.0,248.5,18.0,replay
2026-06-13 14:00:00,14,0.0,0.0,0.0,0.0,0.0,0.0,30.5,-999.0,dos
2026-06-13 15:00:00,15,1.25,439.5,1151.8,427.5,60.48,348.9,1956.9,62.7,unauthorized
2026-06-13 16:00:00,16,0.71,293.9,411.4,176.8,59.32,150.4,779.1,56.8,fdi
2026-06-13 17:00:00,17,0.96,65.0,122.6,53.9,60.01,40.0,240.9,18.0,replay
2026-06-13 18:00:00,18,0.0,0.0,0.0,0.0,0.0,0.0,18.6,-999.0,dos
2026-06-13 19:00:00,19,0.55,472.6,567.0,224.2,58.35,339.7,1173.8,-25.0,unauthorized
2026-06-13 20:00:00,20,0.69,194.1,289.6,104.7,59.29,198.6,617.6,64.0,fdi
2026-06-13 21:00:00,21,0.97,65.0,124.7,50.1,60.0,40.0,264.4,20.0,replay
2026-06-13 22:00:00,22,0.0,0.0,0.0,0.0,0.0,0.0,46.6,-999.0,dos
2026-06-13 23:00:00,23,1.21,394.5,929.8,335.5,59.08,304.7,1611.3,77.5,unauthorized
2026-06-14 00:00:00,0,0.71,260.6,365.3,128.1,59.43,181.2,709.7,45.7,fdi
2026-06-14 01:00:00,1,0.95,55.0,99.3,37.7,60.01,35.0,212.5,18.0,replay
2026-06-14 02:00:00,2,0.0,0.0,0.0,0.0,0.0,0.0,38.7,-999.0,dos
2026-06-14 03:00:00,3,1.25,399.9,1035.1,397.6,62.56,331.3,1803.0,24.3,unauthorized
2026-06-14 04:00:00,4,1.28,233.0,636.0,285.4,60.56,212.2,1168.2,56.4,fdi
2026-06-14 05:00:00,5,0.98,65.0,134.8,58.3,60.01,40.0,259.2,19.0,replay
2026-06-14 06:00:00,6,0.0,0.0,0.0,0.0,0.0,0.0,45.3,-999.0,dos
2026-06-14 07:00:00,7,1.23,391.1,904.5,353.5,61.36,298.8,1596.5,-33.2,unauthorized
2026-06-14 08:00:00,8,0.72,290.4,451.2,158.9,60.45,120.6,776.8,46.8,fdi
2026-06-14 09:00:00,9,0.96,50.0,95.6,34.8,59.99,30.0,197.9,19.0,replay
2026-06-14 10:00:00,10,0.0,0.0,0.0,0.0,0.0,0.0,13.9,-999.0,dos
2026-06-14 11:00:00,11,1.2,443.9,1041.3,433.0,62.54,332.1,1831.7,-32.5,unauthorized
2026-06-14 12:00:00,12,1.26,211.6,509.9,211.3,60.48,178.9,942.5,42.1,fdi
2026-06-14 13:00:00,13,0.97,65.0,136.5,56.6,60.0,35.0,265.1,18.0,replay
2026-06-14 14:00:00,14,0.0,0.0,0.0,0.0,0.0,0.0,33.3,-999.0,dos
2026-06-14 15:00:00,15,0.7,484.6,661.4,286.9,60.72,313.5,1291.1,34.8,unauthorized
2026-06-14 16:00:00,16,0.66,319.7,431.6,191.6,60.51,133.9,801.7,61.3,fdi
2026-06-14 17:00:00,17,0.98,65.0,123.9,53.9,60.01,35.0,251.4,20.0,replay
2026-06-14 18:00:00,18,0.0,0.0,0.0,0.0,0.0,0.0,19.4,-999.0,dos
2026-06-14 19:00:00,19,0.64,459.5,620.3,244.3,58.11,341.0,1240.8,35.4,unauthorized
2026-06-14 20:00:00,20,0.64,209.3,254.6,112.6,59.39,200.4,614.8,46.1,fdi
2026-06-14 21:00:00,21,0.98,60.0,113.3,49.1,60.01,35.0,207.5,20.0,replay
2026-06-14 22:00:00,22,0.0,0.0,0.0,0.0,0.0,0.0,36.4,-999.0,dos
2026-06-14 23:00:00,23,1.01,471.6,1018.3,414.9,61.71,255.2,1736.7,-36.3,unauthorized
2026-06-15 00:00:00,0,1.24,241.1,628.4,257.1,59.48,185.6,1104.2,46.3,fdi
2026-06-15 01:00:00,1,0.97,55.0,111.5,41.5,59.99,35.0,217.9,18.0,replay
2026-06-15 02:00:00,2,0.0,0.0,0.0,0.0,0.0,0.0,43.4,-999.0,dos
2026-06-15 03:00:00,3,0.47,418.7,377.6,168.1,57.97,355.7,923.0,28.6,unauthorized
2026-06-15 04:00:00,4,0.64,314.5,428.2,188.6,59.52,157.3,821.8,54.6,fdi
2026-06-15 05:00:00,5,0.97,50.0,95.3,35.4,60.01,35.0,210.2,20.0,replay
2026-06-15 06:00:00,6,0.0,0.0,0.0,0.0,0.0,0.0,37.3,-999.0,dos
2026-06-15 07:00:00,7,0.78,406.6,608.1,227.6,58.43,381.4,1227.8,41.5,unauthorized
2026-06-15 08:00:00,8,0.6,278.1,325.4,126.3,60.36,213.9,685.2,48.0,fdi
2026-06-15 09:00:00,9,0.95,50.0,91.4,37.1,60.0,35.0,178.9,19.0,replay
2026-06-15 10:00:00,10,0.0,0.0,0.0,0.0,0.0,0.0,14.4,-999.0,dos
2026-06-15 11:00:00,11,1.16,483.3,1185.4,531.1,59.02,274.7,2006.7,48.4,unauthorized
2026-06-15 12:00:00,12,1.33,237.1,571.1,224.9,60.29,152.1,971.5,51.2,fdi
2026-06-15 13:00:00,13,0.97,55.0,98.3,41.3,60.0,30.0,184.8,20.0,replay
2026-06-15 14:00:00,14,0.0,0.0,0.0,0.0,0.0,0.0,32.2,-999.0,dos
2026-06-15 15:00:00,15,1.19,466.1,1215.9,474.9,59.13,251.3,1991.5,48.1,unauthorized
2026-06-15 16:00:00,16,1.18,246.5,579.8,248.6,59.32,210.6,1053.0,54.5,fdi
2026-06-15 17:00:00,17,0.97,60.0,125.8,51.3,60.01,30.0,243.0,19.0,replay
2026-06-15 18:00:00,18,0.0,0.0,0.0,0.0,0.0,0.0,43.1,-999.0,dos
2026-06-15 19:00:00,19,0.58,402.5,433.9,180.8,58.48,284.3,932.2,-6.1,unauthorized
2026-06-15 20:00:00,20,1.3,198.1,546.8,240.1,59.3,172.8,999.3,49.4,fdi
2026-06-15 21:00:00,21,0.96,60.0,107.6,39.6,60.01,35.0,193.4,18.0,replay
2026-06-15 22:00:00,22,0.0,0.0,0.0,0.0,0.0,0.0,28.3,-999.0,dos
2026-06-15 23:00:00,23,0.85,467.2,757.1,304.7,57.2,367.6,1441.4,40.0,unauthorized
2026-06-16 00:00:00,0,1.15,230.0,584.1,221.0,59.52,186.2,1008.8,51.2,fdi
2026-06-16 01:00:00,1,0.97,55.0,100.0,40.1,60.0,40.0,210.0,20.0,replay
2026-06-16 02:00:00,2,0.0,0.0,0.0,0.0,0.0,0.0,36.5,-999.0,dos
2026-06-16 03:00:00,3,1.09,387.7,892.9,349.0,62.8,373.4,1628.3,11.7,unauthorized
2026-06-16 04:00:00,4,1.34,222.9,591.1,255.5,59.44,205.3,1087.7,48.7,fdi
2026-06-16 05:00:00,5,0.98,65.0,121.3,48.1,59.99,30.0,240.5,19.0,replay
2026-06-16 06:00:00,6,0.0,0.0,0.0,0.0,0.0,0.0,20.8,-999.0,dos
2026-06-16 07:00:00,7,1.15,352.9,803.6,358.8,59.41,288.6,1469.7,36.6,unauthorized
2026-06-16 08:00:00,8,0.69,237.0,356.6,150.5,59.31,163.5,695.6,62.6,fdi
2026-06-16 09:00:00,9,0.97,55.0,102.2,45.5,59.99,35.0,210.2,19.0,replay
2026-06-16 10:00:00,10,0.0,0.0,0.0,0.0,0.0,0.0,40.7,-999.0,dos
2026-06-16 11:00:00,11,0.61,466.0,525.4,234.9,58.92,276.3,1071.8,35.8,unauthorized
2026-06-16 12:00:00,12,1.34,200.4,540.0,206.7,60.26,166.5,936.6,43.9,fdi
2026-06-16 13:00:00,13,0.97,55.0,103.1,42.6,60.0,30.0,205.9,18.0,replay
2026-06-16 14:00:00,14,0.0,0.0,0.0,0.0,0.0,0.0,30.2,-999.0,dos
2026-06-16 15:00:00,15,1.03,459.2,871.0,318.9,62.31,344.9,1553.3,-37.7,unauthorized
2026-06-16 16:00:00,16,1.21,285.8,702.9,300.8,60.27,178.5,1229.5,45.0,fdi
2026-06-16 17:00:00,17,0.98,50.0,94.7,40.8,60.0,40.0,222.5,18.0,replay
2026-06-16 18:00:00,18,0.0,0.0,0.0,0.0,0.0,0.0,30.2,-999.0,dos
2026-06-16 19:00:00,19,1.15,439.5,1045.3,393.6,62.41,280.1,1755.7,51.2,unauthorized
2026-06-16 20:00:00,20,0.67,186.7,231.8,82.3,59.43,151.0,505.3,46.3,fdi
2026-06-16 21:00:00,21,0.96,55.0,97.2,39.9,59.99,35.0,207.9,19.0,replay
2026-06-16 22:00:00,22,0.0,0.0,0.0,0.0,0.0,0.0,17.9,-999.0,dos
2026-06-16 23:00:00,23,0.67,412.9,600.5,238.0,60.18,343.8,1195.8,61.4,unauthorized
2026-06-17 00:00:00,0,1.26,263.4,704.5,309.2,59.51,215.2,1240.9,63.6,fdi
2026-06-17 01:00:00,1,0.96,65.0,121.3,44.7,59.99,30.0,223.7,20.0,replay
2026-06-17 02:00:00,2,0.0,0.0,0.0,0.0,0.0,0.0,43.2,-999.0,dos
2026-06-17 03:00:00,3,1.19,477.1,1151.9,502.2,61.51,390.6,2068.8,29.2,unauthorized
2026-06-17 04:00:00,4,0.59,246.4,276.8,102.1,60.54,215.8,631.6,43.3,fdi
2026-06-17 05:00:00,5,0.97,50.0,93.3,41.0,59.99,30.0,211.9,20.0,replay
2026-06-17 06:00:00,6,0.0,0.0,0.0,0.0,0.0,0.0,26.6,-999.0,dos
2026-06-17 07:00:00,7,0.61,442.8,574.5,211.1,60.38,319.4,1119.6,-28.5,unauthorized
2026-06-17 08:00:00,8,1.16,229.8,548.1,240.5,59.42,156.3,980.7,46.4,fdi
2026-06-17 09:00:00,9,0.98,55.0,104.6,44.9,60.0,35.0,212.0,20.0,replay
2026-06-17 10:00:00,10,0.0,0.0,0.0,0.0,0.0,0.0,10.5,-999.0,dos
2026-06-17 11:00:00,11,0.85,359.0,604.9,222.1,59.93,275.3,1128.7,35.6,unauthorized
2026-06-17 12:00:00,12,0.6,295.1,334.1,127.9,60.39,181.7,654.5,42.5,fdi
2026-06-17 13:00:00,13,0.95,50.0,102.0,36.2,60.01,30.0,207.0,19.0,replay
2026-06-17 14:00:00,14,0.0,0.0,0.0,0.0,0.0,0.0,30.3,-999.0,dos
2026-06-17 15:00:00,15,0.45,450.3,444.1,170.8,58.64,253.0,912.5,-32.0,unauthorized
2026-06-17 16:00:00,16,0.7,305.3,393.0,164.2,60.3,183.9,773.7,53.2,fdi
2026-06-17 17:00:00,17,0.98,50.0,97.3,43.3,59.99,40.0,196.1,18.0,replay
2026-06-17 18:00:00,18,0.0,0.0,0.0,0.0,0.0,0.0,27.3,-999.0,dos
2026-06-17 19:00:00,19,0.69,385.0,501.8,194.9,59.06,380.8,1091.8,20.6,unauthorized
2026-06-17 20:00:00,20,1.35,228.7,628.6,239.6,59.29,127.6,1023.6,42.7,fdi
2026-06-17 21:00:00,21,0.95,65.0,115.0,49.1,59.99,30.0,214.8,19.0,replay
2026-06-17 22:00:00,22,0.0,0.0,0.0,0.0,0.0,0.0,17.2,-999.0,dos
2026-06-17 23:00:00,23,1.32,433.1,1091.7,474.8,57.29,338.5,1915.4,-29.2,unauthorized
2026-06-18 00:00:00,0,1.35,220.9,649.5,245.5,60.44,171.9,1088.7,52.3,fdi
2026-06-18 01:00:00,1,0.97,55.0,102.6,40.7,60.0,30.0,220.4,19.0,replay
2026-06-18 02:00:00,2,0.0,0.0,0.0,0.0,0.0,0.0,36.4,-999.0,dos
2026-06-18 03:00:00,3,0.63,308.2,381.4,158.3,59.31,214.8,797.1,64.1,unauthorized
2026-06-18 04:00:00,4,1.28,316.3,734.6,313.0,60.53,173.4,1243.7,47.1,fdi
2026-06-18 05:00:00,5,0.95,60.0,117.9,49.4,60.01,30.0,213.0,19.0,replay
2026-06-18 06:00:00,6,0.0,0.0,0.0,0.0,0.0,0.0,17.5,-999.0,dos
2026-06-18 07:00:00,7,0.88,367.3,587.7,209.0,59.01,321.5,1149.8,-38.8,unauthorized
2026-06-18 08:00:00,8,0.65,286.4,361.0,142.1,59.38,194.5,741.1,54.5,fdi
2026-06-18 09:00:00,9,0.95,55.0,99.3,44.3,60.0,35.0,208.2,18.0,replay
2026-06-18 10:00:00,10,0.76,393.8,646.8,269.5,58.31,373.6,1335.8,-14.9,dos
2026-06-18 11:00:00,11,1.09,442.9,991.8,438.5,61.99,375.4,1852.9,30.8,unauthorized
2026-06-18 12:00:00,12,1.17,300.1,713.6,270.4,60.32,143.1,1145.3,55.8,fdi
2026-06-18 13:00:00,13,0.98,50.0,104.0,44.6,59.99,30.0,217.4,20.0,replay
2026-06-18 14:00:00,14,0.0,0.0,0.0,0.0,0.0,0.0,14.3,-999.0,dos
2026-06-18 15:00:00,15,1.22,437.3,975.0,351.8,62.78,369.3,1737.5,44.1,unauthorized
2026-06-18 16:00:00,16,1.33,304.7,831.9,354.7,60.52,124.8,1321.8,48.6,fdi
2026-06-18 17:00:00,17,0.97,65.0,122.4,52.5,59.99,35.0,239.2,20.0,replay
2026-06-18 18:00:00,18,0.0,0.0,0.0,0.0,0.0,0.0,16.3,-999.0,dos
2026-06-18 19:00:00,19,0.77,489.9,819.5,317.1,60.18,370.3,1519.2,29.1,unauthorized
2026-06-18 20:00:00,20,0.64,225.7,285.1,115.2,60.42,186.6,601.3,55.3,fdi
2026-06-18 21:00:00,21,0.96,60.0,107.5,45.0,60.01,40.0,232.8,18.0,replay
2026-06-18 22:00:00,22,0.0,0.0,0.0,0.0,0.0,0.0,43.2,-999.0,dos
2026-06-18 23:00:00,23,0.96,457.0,818.6,348.4,61.06,252.5,1447.1,-25.3,unauthorized
2026-06-19 00:00:00,0,0.61,284.8,365.2,128.6,60.38,153.3,695.3,64.2,fdi
2026-06-19 01:00:00,1,0.95,60.0,119.2,51.5,60.0,40.0,223.4,20.0,replay
2026-06-19 02:00:00,2,0.0,0.0,0.0,0.0,0.0,0.0,18.3,-999.0,dos
2026-06-19 03:00:00,3,1.08,445.1,884.5,329.9,59.14,324.8,1584.8,36.8,unauthorized
2026-06-19 04:00:00,4,0.59,185.8,238.3,94.8,59.51,201.9,547.1,47.8,fdi
2026-06-19 05:00:00,5,0.97,65.0,118.8,52.7,60.01,35.0,242.2,19.0,replay
2026-06-19 06:00:00,6,0.0,0.0,0.0,0.0,0.0,0.0,43.2,-999.0,dos
2026-06-19 07:00:00,7,0.65,486.7,698.1,282.0,57.55,391.4,1411.8,15.0,unauthorized
2026-06-19 08:00:00,8,1.14,467.4,979.1,386.0,57.95,312.8,1720.2,10.3,fdi
2026-06-19 09:00:00,9,0.96,55.0,107.5,45.6,59.99,35.0,228.6,20.0,replay
2026-06-19 10:00:00,10,0.0,0.0,0.0,0.0,0.0,0.0,12.4,-999.0,dos
2026-06-19 11:00:00,11,1.18,364.1,846.3,375.8,57.07,372.2,1635.0,45.5,unauthorized
2026-06-19 12:00:00,12,0.63,285.7,341.7,128.7,59.48,198.8,711.9,45.5,fdi
2026-06-19 13:00:00,13,0.98,50.0,105.3,41.4,59.99,40.0,216.1,20.0,replay
2026-06-19 14:00:00,14,0.0,0.0,0.0,0.0,0.0,0.0,28.7,-999.0,dos
2026-06-19 15:00:00,15,1.33,448.8,1259.3,504.4,61.96,360.2,2152.2,44.2,unauthorized
2026-06-19 16:00:00,16,0.56,217.4,252.9,112.1,59.54,198.6,595.1,50.5,fdi
2026-06-19 17:00:00,17,0.95,55.0,110.7,46.6,60.01,35.0,225.8,19.0,replay
2026-06-19 18:00:00,18,0.0,0.0,0.0,0.0,0.0,0.0,21.3,-999.0,dos
2026-06-19 19:00:00,19,1.14,469.6,973.6,365.5,60.58,347.8,1720.3,1.9,unauthorized
2026-06-19 20:00:00,20,0.58,187.2,220.1,85.0,59.23,159.3,482.6,44.2,fdi
2026-06-19 21:00:00,21,0.98,50.0,101.9,36.9,60.01,35.0,221.7,18.0,replay
2026-06-19 22:00:00,22,0.0,0.0,0.0,0.0,0.0,0.0,43.3,-999.0,dos
2026-06-19 23:00:00,23,1.31,370.9,936.6,381.7,58.06,287.8,1617.3,-10.6,unauthorized
2026-06-20 00:00:00,0,1.27,317.9,739.2,329.7,59.35,156.8,1252.4,60.1,fdi
2026-06-20 01:00:00,1,0.95,55.0,110.8,48.1,60.01,35.0,237.8,20.0,replay
2026-06-20 02:00:00,2,0.0,0.0,0.0,0.0,0.0,0.0,38.8,-999.0,dos
2026-06-20 03:00:00,3,1.39,367.5,1029.3,448.6,59.22,371.0,1859.6,-29.6,unauthorized
2026-06-20 04:00:00,4,0.6,287.4,327.6,136.7,60.52,168.2,673.9,61.8,fdi
2026-06-20 05:00:00,5,0.96,55.0,111.6,45.0,59.99,30.0,220.6,19.0,replay
2026-06-20 06:00:00,6,1.17,473.1,1004.9,406.9,58.47,349.3,1780.1,-28.6,dos
2026-06-20 07:00:00,7,1.13,424.7,922.7,347.2,61.78,349.6,1653.6,47.6,unauthorized
2026-06-20 08:00:00,8,0.64,211.8,289.2,104.4,59.53,128.2,533.4,44.5,fdi
2026-06-20 09:00:00,9,0.96,65.0,118.4,41.7,60.0,35.0,218.1,18.0,replay
2026-06-20 10:00:00,10,0.0,0.0,0.0,0.0,0.0,0.0,47.2,-999.0,dos
2026-06-20 11:00:00,11,1.09,364.6,849.8,360.6,58.14,326.4,1547.4,45.0,unauthorized
2026-06-20 12:00:00,12,0.64,315.2,418.6,159.3,60.54,153.5,781.2,57.0,fdi
2026-06-20 13:00:00,13,0.95,50.0,99.4,42.7,60.0,40.0,230.3,18.0,replay
2026-06-20 14:00:00,14,0.0,0.0,0.0,0.0,0.0,0.0,48.0,-999.0,dos
2026-06-20 15:00:00,15,0.74,464.2,752.5,296.7,57.98,260.2,1325.8,54.2,unauthorized
2026-06-20 16:00:00,16,1.22,267.9,597.8,240.0,60.38,206.9,1058.3,58.8,fdi
2026-06-20 17:00:00,17,0.97,65.0,131.7,55.6,59.99,40.0,264.6,18.0,replay
2026-06-20 18:00:00,18,0.0,0.0,0.0,0.0,0.0,0.0,36.7,-999.0,dos
2026-06-20 19:00:00,19,1.06,423.9,901.4,366.1,59.32,295.0,1610.5,73.7,unauthorized
2026-06-20 20:00:00,20,0.57,298.5,333.0,140.7,60.53,205.6,693.2,48.2,fdi
2026-06-20 21:00:00,21,0.96,55.0,107.2,38.8,60.01,40.0,206.8,20.0,replay
2026-06-20 22:00:00,22,0.0,0.0,0.0,0.0,0.0,0.0,10.0,-999.0,dos
2026-06-20 23:00:00,23,0.41,466.1,388.2,156.7,59.82,328.6,890.0,-15.0,unauthorized
2026-06-21 00:00:00,0,1.16,181.9,392.1,159.8,60.49,151.6,727.2,49.9,fdi
2026-06-21 01:00:00,1,0.98,55.0,108.0,40.5,60.0,35.0,229.6,18.0,replay
2026-06-21 02:00:00,2,0.0,0.0,0.0,0.0,0.0,0.0,48.6,-999.0,dos
2026-06-21 03:00:00,3,0.73,364.3,541.9,211.0,60.26,379.1,1168.0,64.0,unauthorized
2026-06-21 04:00:00,4,1.25,275.3,734.0,318.1,59.48,122.2,1199.9,44.9,fdi
2026-06-21 05:00:00,5,0.97,65.0,127.9,46.3,60.01,35.0,227.2,19.0,replay
2026-06-21 06:00:00,6,0.0,0.0,0.0,0.0,0.0,0.0,32.0,-999.0,dos
2026-06-21 07:00:00,7,1.2,454.4,1057.7,388.8,58.09,311.8,1797.8,24.2,unauthorized
2026-06-21 08:00:00,8,1.21,202.6,491.2,202.2,59.41,203.5,921.7,53.4,fdi
2026-06-21 09:00:00,9,0.96,60.0,106.7,37.8,60.0,40.0,221.6,18.0,replay
2026-06-21 10:00:00,10,0.0,0.0,0.0,0.0,0.0,0.0,16.4,-999.0,dos
2026-06-21 11:00:00,11,0.83,427.9,725.4,269.5,62.95,307.8,1350.2,-10.9,unauthorized
2026-06-21 12:00:00,12,0.62,293.8,376.1,161.2,59.53,182.5,765.9,55.4,fdi
2026-06-21 13:00:00,13,0.97,55.0,114.1,40.7,59.99,30.0,216.4,20.0,replay
2026-06-21 14:00:00,14,0.0,0.0,0.0,0.0,0.0,0.0,33.3,-999.0,dos
2026-06-21 15:00:00,15,1.36,364.2,1073.1,456.4,61.61,263.0,1817.1,-22.8,unauthorized
2026-06-21 16:00:00,16,1.16,281.0,645.6,246.5,59.51,174.1,1092.7,57.5,fdi
2026-06-21 17:00:00,17,0.98,55.0,113.3,48.6,60.01,40.0,229.3,20.0,replay
2026-06-21 18:00:00,18,0.0,0.0,0.0,0.0,0.0,0.0,25.1,-999.0,dos
2026-06-21 19:00:00,19,1.16,436.0,962.7,423.9,61.89,261.3,1662.3,34.5,unauthorized
2026-06-21 20:00:00,20,1.16,212.9,462.7,201.5,60.47,133.2,809.2,52.1,fdi
2026-06-21 21:00:00,21,0.95,60.0,123.0,43.8,59.99,40.0,250.5,19.0,replay
2026-06-21 22:00:00,22,0.0,0.0,0.0,0.0,0.0,0.0,22.5,-999.0,dos
2026-06-21 23:00:00,23,0.8,445.1,693.9,297.9,59.55,314.1,1341.3,25.6,unauthorized
2026-06-22 00:00:00,0,1.34,272.4,736.3,298.4,60.51,137.4,1189.6,43.5,fdi
2026-06-22 01:00:00,1,0.97,55.0,110.2,49.5,60.0,40.0,219.9,20.0,replay
2026-06-22 02:00:00,2,0.0,0.0,0.0,0.0,0.0,0.0,17.4,-999.0,dos
2026-06-22 03:00:00,3,1.12,372.1,861.9,335.6,61.54,355.0,1589.8,-16.3,unauthorized
2026-06-22 04:00:00,4,1.31,257.8,714.4,292.8,59.24,192.1,1223.6,51.5,fdi
2026-06-22 05:00:00,5,0.97,55.0,99.9,42.6,60.01,35.0,226.2,20.0,replay
2026-06-22 06:00:00,6,0.0,0.0,0.0,0.0,0.0,0.0,26.9,-999.0,dos
2026-06-22 07:00:00,7,1.19,442.7,1158.5,449.1,57.38,375.8,2018.2,-17.5,unauthorized
2026-06-22 08:00:00,8,1.31,246.8,640.9,260.5,59.4,212.9,1157.7,64.6,fdi
2026-06-22 09:00:00,9,0.98,55.0,98.7,42.1,59.99,30.0,193.3,18.0,replay
2026-06-22 10:00:00,10,0.0,0.0,0.0,0.0,0.0,0.0,21.0,-999.0,dos
2026-06-22 11:00:00,11,1.17,497.9,1203.6,425.9,59.19,347.4,1998.5,33.4,unauthorized
2026-06-22 12:00:00,12,1.34,209.9,609.3,246.5,59.44,197.6,1090.6,51.1,fdi
2026-06-22 13:00:00,13,0.96,60.0,122.9,45.0,59.99,30.0,229.9,19.0,replay
2026-06-22 14:00:00,14,0.0,0.0,0.0,0.0,0.0,0.0,43.5,-999.0,dos
2026-06-22 15:00:00,15,1.1,420.0,1011.5,399.6,59.43,309.3,1767.5,-32.1,unauthorized
2026-06-22 16:00:00,16,0.65,194.2,261.5,114.7,60.46,121.3,541.7,43.0,fdi
2026-06-22 17:00:00,17,0.97,55.0,102.5,43.2,60.01,30.0,214.1,18.0,replay
2026-06-22 18:00:00,18,0.0,0.0,0.0,0.0,0.0,0.0,42.4,-999.0,dos
2026-06-22 19:00:00,19,1.27,386.4,1046.6,388.9,59.67,301.4,1784.7,44.9,unauthorized
2026-06-22 20:00:00,20,1.22,194.6,474.6,170.6,59.26,189.3,868.9,59.0,fdi
2026-06-22 21:00:00,21,0.96,65.0,126.7,55.0,60.0,40.0,242.1,18.0,replay
2026-06-22 22:00:00,22,0.0,0.0,0.0,0.0,0.0,0.0,30.8,-999.0,dos
2026-06-22 23:00:00,23,0.61,450.9,542.7,207.3,57.71,259.3,1029.6,6.2,unauthorized
2026-06-23 00:00:00,0,1.23,306.6,727.8,322.9,60.49,134.2,1212.0,50.1,fdi
2026-06-23 01:00:00,1,0.98,55.0,104.5,37.0,59.99,30.0,193.5,20.0,replay
2026-06-23 02:00:00,2,0.0,0.0,0.0,0.0,0.0,0.0,34.8,-999.0,dos
2026-06-23 03:00:00,3,1.03,351.0,753.7,276.7,62.89,275.6,1320.4,39.1,unauthorized
2026-06-23 04:00:00,4,1.18,274.4,606.7,234.2,60.44,124.7,978.5,61.8,fdi
2026-06-23 05:00:00,5,0.95,65.0,118.1,43.8,60.01,35.0,231.5,18.0,replay
2026-06-23 06:00:00,6,0.0,0.0,0.0,0.0,0.0,0.0,26.3,-999.0,dos
2026-06-23 07:00:00,7,0.69,414.1,535.2,220.9,59.08,307.2,1100.4,48.3,unauthorized
2026-06-23 08:00:00,8,0.58,199.4,242.6,103.5,59.46,147.2,529.5,54.1,fdi
2026-06-23 09:00:00,9,0.96,55.0,95.5,33.7,60.0,40.0,185.8,19.0,replay
2026-06-23 10:00:00,10,0.0,0.0,0.0,0.0,0.0,0.0,36.4,-999.0,dos
2026-06-23 11:00:00,11,0.85,356.6,578.4,247.0,61.58,371.8,1222.2,-34.0,unauthorized
2026-06-23 12:00:00,12,0.57,274.8,326.5,120.9,60.27,186.2,645.6,44.8,fdi
2026-06-23 13:00:00,13,0.97,60.0,113.3,40.5,60.01,35.0,222.4,20.0,replay
2026-06-23 14:00:00,14,0.0,0.0,0.0,0.0,0.0,0.0,42.1,-999.0,dos
2026-06-23 15:00:00,15,0.55,468.0,557.9,211.9,58.85,283.4,1099.4,16.5,unauthorized
2026-06-23 16:00:00,16,1.29,206.7,558.3,234.6,60.3,153.2,994.4,48.5,fdi
2026-06-23 17:00:00,17,0.98,65.0,134.9,50.4,60.01,35.0,233.8,18.0,replay
2026-06-23 18:00:00,18,0.0,0.0,0.0,0.0,0.0,0.0,43.9,-999.0,dos
2026-06-23 19:00:00,19,1.36,389.6,1092.3,437.6,59.1,272.4,1845.3,5.3,unauthorized
2026-06-23 20:00:00,20,1.26,189.0,514.8,210.3,59.34,129.8,901.1,49.1,fdi
2026-06-23 21:00:00,21,0.97,50.0,93.2,33.6,60.0,35.0,205.2,19.0,replay
2026-06-23 22:00:00,22,0.0,0.0,0.0,0.0,0.0,0.0,22.0,-999.0,dos
2026-06-23 23:00:00,23,0.62,351.7,426.0,189.9,62.2,328.5,979.0,78.0,unauthorized
2026-06-24 00:00:00,0,1.32,296.0,855.5,321.9,60.5,164.7,1377.5,59.0,fdi
2026-06-24 01:00:00,1,0.97,60.0,116.5,46.0,60.01,40.0,245.2,20.0,replay
2026-06-24 02:00:00,2,0.0,0.0,0.0,0.0,0.0,0.0,10.9,-999.0,dos
2026-06-24 03:00:00,3,0.93,481.4,854.5,379.0,59.99,283.3,1536.9,56.6,unauthorized
2026-06-24 04:00:00,4,1.16,185.1,427.5,166.5,60.33,120.9,730.4,48.8,fdi
2026-06-24 05:00:00,5,0.97,50.0,96.0,41.2,60.0,30.0,213.3,18.0,replay
2026-06-24 06:00:00,6,0.0,0.0,0.0,0.0,0.0,0.0,46.4,-999.0,dos
2026-06-24 07:00:00,7,1.16,461.3,975.6,381.8,57.09,388.0,1784.7,2.2,unauthorized
2026-06-24 08:00:00,8,0.64,221.9,258.2,113.0,60.4,123.6,527.8,51.7,fdi
2026-06-24 09:00:00,9,0.98,50.0,90.6,33.9,60.01,40.0,212.3,18.0,replay
2026-06-24 10:00:00,10,0.0,0.0,0.0,0.0,0.0,0.0,12.6,-999.0,dos
2026-06-24 11:00:00,11,1.16,407.3,918.8,345.6,57.92,324.7,1601.6,-0.2,unauthorized
2026-06-24 12:00:00,12,0.69,250.4,364.1,155.7,59.54,147.2,713.4,50.9,fdi
2026-06-24 13:00:00,13,0.96,65.0,132.2,49.6,60.0,35.0,243.1,18.0,replay
2026-06-24 14:00:00,14,0.0,0.0,0.0,0.0,0.0,0.0,32.7,-999.0,dos
2026-06-24 15:00:00,15,0.8,445.9,659.3,261.4,59.84,253.2,1207.1,57.7,unauthorized
2026-06-24 16:00:00,16,1.3,198.4,495.4,181.5,59.49,208.9,909.7,55.3,fdi
2026-06-24 17:00:00,17,0.95,65.0,135.1,58.3,60.0,40.0,274.7,18.0,replay
2026-06-24 18:00:00,18,0.0,0.0,0.0,0.0,0.0,0.0,10.8,-999.0,dos
2026-06-24 19:00:00,19,0.43,497.1,426.1,188.3,57.69,271.3,898.7,18.1,unauthorized
2026-06-24 20:00:00,20,1.34,255.8,620.2,219.2,59.31,181.2,1070.1,58.3,fdi
2026-06-24 21:00:00,21,0.97,60.0,108.3,48.5,59.99,30.0,220.1,19.0,replay
2026-06-24 22:00:00,22,0.0,0.0,0.0,0.0,0.0,0.0,13.7,-999.0,dos
2026-06-24 23:00:00,23,0.49,385.4,392.0,168.1,57.55,265.6,863.4,22.9,unauthorized
2026-06-25 00:00:00,0,0.71,234.3,350.1,153.7,60.43,149.7,683.6,48.0,fdi
2026-06-25 01:00:00,1,0.97,55.0,106.5,38.5,60.0,30.0,214.4,20.0,replay
2026-06-25 02:00:00,2,0.0,0.0,0.0,0.0,0.0,0.0,16.8,-999.0,dos
2026-06-25 03:00:00,3,0.7,355.5,537.8,194.1,62.04,355.5,1126.0,27.6,unauthorized
2026-06-25 04:00:00,4,1.18,313.1,664.2,282.8,60.27,178.4,1141.6,46.6,fdi
2026-06-25 05:00:00,5,0.97,55.0,109.1,41.9,59.99,40.0,222.2,20.0,replay
2026-06-25 06:00:00,6,0.0,0.0,0.0,0.0,0.0,0.0,37.9,-999.0,dos
2026-06-25 07:00:00,7,0.6,376.6,473.4,184.5,61.8,298.1,971.2,21.5,unauthorized
2026-06-25 08:00:00,8,0.55,258.8,298.6,120.5,60.34,136.1,604.5,46.3,fdi
2026-06-25 09:00:00,9,0.95,55.0,103.4,36.4,59.99,35.0,187.2,20.0,replay
2026-06-25 10:00:00,10,0.0,0.0,0.0,0.0,0.0,0.0,14.7,-999.0,dos
2026-06-25 11:00:00,11,0.58,466.9,589.3,237.8,62.23,308.4,1185.4,21.4,unauthorized
2026-06-25 12:00:00,12,0.63,183.2,215.8,90.2,59.54,158.3,482.0,63.9,fdi
2026-06-25 13:00:00,13,0.97,55.0,104.9,39.1,60.01,30.0,211.3,18.0,replay
2026-06-25 14:00:00,14,0.0,0.0,0.0,0.0,0.0,0.0,20.7,-999.0,dos
2026-06-25 15:00:00,15,0.7,446.6,671.4,239.9,57.61,321.7,1276.2,0.1,unauthorized
2026-06-25 16:00:00,16,1.19,194.4,452.2,173.6,59.55,123.4,772.6,52.6,fdi
2026-06-25 17:00:00,17,0.98,50.0,95.7,37.5,60.0,30.0,185.4,20.0,replay
2026-06-25 18:00:00,18,0.0,0.0,0.0,0.0,0.0,0.0,21.9,-999.0,dos
2026-06-25 19:00:00,19,0.53,461.4,461.0,206.8,58.73,382.5,1067.3,11.4,unauthorized
2026-06-25 20:00:00,20,0.61,313.2,353.3,150.7,59.49,217.4,746.6,52.5,fdi
2026-06-25 21:00:00,21,0.95,60.0,120.1,50.9,60.01,30.0,215.1,19.0,replay
2026-06-25 22:00:00,22,0.0,0.0,0.0,0.0,0.0,0.0,18.7,-999.0,dos
2026-06-25 23:00:00,23,0.85,428.5,778.9,306.2,61.88,321.8,1420.3,25.4,unauthorized
2026-06-26 00:00:00,0,0.64,216.1,281.7,116.4,60.38,136.6,553.7,57.3,fdi
2026-06-26 01:00:00,1,0.97,55.0,116.2,48.5,60.0,40.0,218.6,20.0,replay
2026-06-26 02:00:00,2,0.0,0.0,0.0,0.0,0.0,0.0,29.1,-999.0,dos
2026-06-26 03:00:00,3,0.68,448.7,626.6,222.4,58.06,331.6,1230.1,74.9,unauthorized
2026-06-26 04:00:00,4,0.64,221.2,281.4,101.4,60.31,205.8,634.0,62.1,fdi
2026-06-26 05:00:00,5,0.97,65.0,116.1,42.8,59.99,35.0,240.6,19.0,replay
2026-06-26 06:00:00,6,0.0,0.0,0.0,0.0,0.0,0.0,24.7,-999.0,dos
2026-06-26 07:00:00,7,1.07,437.3,845.8,371.3,62.6,343.9,1599.8,69.3,unauthorized
2026-06-26 08:00:00,8,1.26,197.5,545.7,204.7,59.48,150.1,913.2,43.6,fdi
2026-06-26 09:00:00,9,0.97,60.0,120.0,47.9,60.0,30.0,239.8,19.0,replay
2026-06-26 10:00:00,10,0.0,0.0,0.0,0.0,0.0,0.0,39.4,-999.0,dos
2026-06-26 11:00:00,11,0.8,450.2,661.4,250.0,62.37,276.8,1225.6,21.8,unauthorized
2026-06-26 12:00:00,12,0.7,315.7,436.3,192.8,60.51,212.6,859.9,44.1,fdi
2026-06-26 13:00:00,13,0.96,60.0,111.4,43.3,60.0,40.0,215.1,20.0,replay
2026-06-26 14:00:00,14,0.0,0.0,0.0,0.0,0.0,0.0,15.4,-999.0,dos
2026-06-26 15:00:00,15,0.79,361.5,517.0,205.7,58.38,296.5,1045.5,52.4,unauthorized
2026-06-26 16:00:00,16,1.28,208.3,527.3,201.4,59.39,127.5,877.3,52.5,fdi
2026-06-26 17:00:00,17,0.97,55.0,105.3,46.8,59.99,40.0,239.6,20.0,replay
2026-06-26 18:00:00,18,0.0,0.0,0.0,0.0,0.0,0.0,15.5,-999.0,dos
2026-06-26 19:00:00,19,1.3,454.9,1146.7,422.6,58.14,335.5,1952.5,72.2,unauthorized
2026-06-26 20:00:00,20,1.2,304.8,686.9,250.2,59.34,123.1,1085.9,52.3,fdi
2026-06-26 21:00:00,21,0.96,60.0,103.8,42.5,60.0,30.0,212.5,20.0,replay
2026-06-26 22:00:00,22,0.0,0.0,0.0,0.0,0.0,0.0,31.0,-999.0,dos
2026-06-26 23:00:00,23,1.06,359.6,741.1,307.8,62.3,326.7,1423.8,65.2,unauthorized
2026-06-27 00:00:00,0,0.56,236.4,278.3,111.7,60.36,137.5,569.3,56.3,fdi
2026-06-27 01:00:00,1,0.57,241.6,295.9,123.0,59.31,164.4,597.3,53.4,replay
2026-06-27 02:00:00,2,0.0,0.0,0.0,0.0,0.0,0.0,40.1,-999.0,dos
2026-06-27 03:00:00,3,1.16,421.8,967.7,421.8,61.42,382.0,1785.6,66.9,unauthorized
2026-06-27 04:00:00,4,0.66,201.4,278.9,108.1,60.28,180.2,617.0,61.7,fdi
2026-06-27 05:00:00,5,0.95,60.0,114.4,44.3,59.99,40.0,236.0,20.0,replay
2026-06-27 06:00:00,6,0.0,0.0,0.0,0.0,0.0,0.0,23.7,-999.0,dos
2026-06-27 07:00:00,7,0.96,475.9,825.6,289.6,61.58,267.8,1402.0,-10.5,unauthorized
2026-06-27 08:00:00,8,0.62,258.8,303.1,107.6,59.53,211.3,656.7,43.3,fdi
2026-06-27 09:00:00,9,0.96,65.0,137.2,48.0,59.99,40.0,239.7,20.0,replay
2026-06-27 10:00:00,10,0.0,0.0,0.0,0.0,0.0,0.0,41.3,-999.0,dos
2026-06-27 11:00:00,11,1.15,357.9,808.3,361.3,58.52,376.2,1580.9,74.1,unauthorized
2026-06-27 12:00:00,12,0.6,217.2,275.8,115.2,59.34,133.6,551.0,43.5,fdi
2026-06-27 13:00:00,13,0.96,55.0,110.4,47.1,59.99,40.0,241.5,18.0,replay
2026-06-27 14:00:00,14,0.0,0.0,0.0,0.0,0.0,0.0,11.3,-999.0,dos
2026-06-27 15:00:00,15,1.18,472.0,1200.2,470.6,60.55,337.3,2022.7,49.9,unauthorized
2026-06-27 16:00:00,16,1.18,266.0,565.2,216.1,59.37,206.0,997.7,48.3,fdi
2026-06-27 17:00:00,17,0.95,50.0,102.6,36.6,59.99,40.0,211.8,20.0,replay
2026-06-27 18:00:00,18,0.0,0.0,0.0,0.0,0.0,0.0,37.9,-999.0,dos
2026-06-27 19:00:00,19,0.81,402.8,643.0,271.1,60.62,360.9,1321.7,58.3,unauthorized
2026-06-27 20:00:00,20,0.66,254.4,340.1,141.0,60.29,168.6,680.7,45.7,fdi
2026-06-27 21:00:00,21,0.98,60.0,113.9,43.2,60.0,40.0,209.2,18.0,replay
2026-06-27 22:00:00,22,0.0,0.0,0.0,0.0,0.0,0.0,17.0,-999.0,dos
2026-06-27 23:00:00,23,1.2,384.5,981.9,354.4,59.92,318.8,1681.7,1.8,unauthorized
2026-06-28 00:00:00,0,1.32,210.5,548.6,204.1,60.47,137.4,914.5,43.7,fdi
2026-06-28 01:00:00,1,0.97,65.0,137.9,53.0,59.99,40.0,268.6,20.0,replay
2026-06-28 02:00:00,2,0.0,0.0,0.0,0.0,0.0,0.0,39.9,-999.0,dos
2026-06-28 03:00:00,3,0.64,498.9,600.7,252.2,57.12,282.6,1179.7,53.6,unauthorized
2026-06-28 04:00:00,4,1.34,237.6,647.4,253.5,60.43,185.0,1116.9,52.5,fdi
2026-06-28 05:00:00,5,0.96,65.0,120.7,52.1,59.99,40.0,225.1,18.0,replay
2026-06-28 06:00:00,6,0.0,0.0,0.0,0.0,0.0,0.0,13.4,-999.0,dos
2026-06-28 07:00:00,7,0.79,480.7,773.8,332.7,60.1,294.3,1436.5,46.5,unauthorized
2026-06-28 08:00:00,8,0.62,244.8,277.4,109.7,59.33,181.2,602.2,50.4,fdi
2026-06-28 09:00:00,9,0.96,55.0,103.1,40.0,59.99,40.0,226.9,18.0,replay
2026-06-28 10:00:00,10,0.0,0.0,0.0,0.0,0.0,0.0,49.3,-999.0,dos
2026-06-28 11:00:00,11,1.37,352.8,955.8,417.4,62.05,394.2,1782.3,79.2,unauthorized
2026-06-28 12:00:00,12,1.23,278.3,729.1,311.0,60.6,183.5,1235.3,62.1,fdi
2026-06-28 13:00:00,13,0.95,50.0,97.8,36.5,59.99,40.0,202.0,18.0,replay
2026-06-28 14:00:00,14,0.0,0.0,0.0,0.0,0.0,0.0,35.1,-999.0,dos
2026-06-28 15:00:00,15,1.37,394.7,1058.9,417.5,59.51,310.5,1807.1,70.4,unauthorized
2026-06-28 16:00:00,16,0.0,0.0,0.0,0.0,0.0,0.0,36.7,-999.0,fdi
2026-06-28 17:00:00,17,0.98,50.0,88.8,36.5,59.99,30.0,189.8,20.0,replay
2026-06-28 18:00:00,18,0.0,0.0,0.0,0.0,0.0,0.0,42.7,-999.0,dos
2026-06-28 19:00:00,19,0.54,402.1,399.1,170.9,60.83,324.4,910.6,-26.2,unauthorized
2026-06-28 20:00:00,20,0.65,264.7,327.0,121.5,60.45,180.2,641.0,64.3,fdi
2026-06-28 21:00:00,21,0.96,55.0,108.5,43.4,59.99,30.0,194.7,20.0,replay
2026-06-28 22:00:00,22,0.0,0.0,0.0,0.0,0.0,0.0,30.5,-999.0,dos
2026-06-28 23:00:00,23,0.71,458.5,645.0,244.0,61.47,310.7,1240.0,31.2,unauthorized
2026-06-29 00:00:00,0,0.66,234.4,332.3,122.3,59.42,181.7,658.9,61.5,fdi
2026-06-29 01:00:00,1,0.95,50.0,99.0,38.2,59.99,40.0,221.4,20.0,replay
2026-06-29 02:00:00,2,0.0,0.0,0.0,0.0,0.0,0.0,10.2,-999.0,dos
2026-06-29 03:00:00,3,0.53,418.1,425.9,185.4,59.97,288.4,916.8,46.8,unauthorized
2026-06-29 04:00:00,4,0.65,190.9,251.6,111.0,59.41,207.0,613.5,62.0,fdi
2026-06-29 05:00:00,5,0.98,65.0,123.1,45.4,60.0,40.0,219.4,19.0,replay
2026-06-29 06:00:00,6,0.0,0.0,0.0,0.0,0.0,0.0,16.6,-999.0,dos
2026-06-29 07:00:00,7,0.93,398.4,797.2,282.8,62.45,278.1,1388.7,32.3,unauthorized
2026-06-29 08:00:00,8,0.66,228.9,313.6,109.9,59.4,154.7,622.9,60.1,fdi
2026-06-29 09:00:00,9,0.97,55.0,115.0,47.4,60.0,40.0,236.3,19.0,replay
2026-06-29 10:00:00,10,0.0,0.0,0.0,0.0,0.0,0.0,47.2,-999.0,dos
2026-06-29 11:00:00,11,0.64,427.5,495.8,207.8,60.05,284.0,1015.8,44.0,unauthorized
2026-06-29 12:00:00,12,1.35,226.9,649.8,278.7,59.22,188.4,1158.9,52.4,fdi
2026-06-29 13:00:00,13,0.96,65.0,117.8,46.9,60.01,35.0,239.3,18.0,replay
2026-06-29 14:00:00,14,0.0,0.0,0.0,0.0,0.0,0.0,35.8,-999.0,dos
2026-06-29 15:00:00,15,1.0,453.7,916.1,358.8,60.37,367.4,1686.7,77.1,unauthorized
2026-06-29 16:00:00,16,1.27,290.9,714.2,320.9,59.34,185.5,1256.1,48.2,fdi
2026-06-29 17:00:00,17,0.97,65.0,121.3,52.6,60.0,30.0,223.2,20.0,replay
2026-06-29 18:00:00,18,0.0,0.0,0.0,0.0,0.0,0.0,15.2,-999.0,dos
2026-06-29 19:00:00,19,0.66,397.8,569.4,213.5,61.0,261.7,1069.0,35.3,unauthorized
2026-06-29 20:00:00,20,0.58,228.5,255.8,100.9,59.34,126.5,500.0,63.8,fdi
2026-06-29 21:00:00,21,0.97,60.0,122.6,43.8,60.01,35.0,242.0,20.0,replay
2026-06-29 22:00:00,22,0.0,0.0,0.0,0.0,0.0,0.0,27.6,-999.0,dos
2026-06-29 23:00:00,23,1.22,451.9,1016.5,385.0,57.92,283.9,1724.5,-5.7,unauthorized
2026-06-30 00:00:00,0,0.63,225.2,307.6,109.7,60.5,171.7,636.6,42.2,fdi
2026-06-30 01:00:00,1,0.98,60.0,128.2,48.2,60.01,30.0,250.7,20.0,replay
2026-06-30 02:00:00,2,0.0,0.0,0.0,0.0,0.0,0.0,18.5,-999.0,dos
2026-06-30 03:00:00,3,0.6,478.9,528.3,214.2,59.73,375.3,1148.2,-8.3,unauthorized
2026-06-30 04:00:00,4,0.57,267.1,318.4,114.3,60.3,211.0,655.9,52.6,fdi
2026-06-30 05:00:00,5,0.97,60.0,123.2,50.9,60.0,40.0,240.9,20.0,replay
2026-06-30 06:00:00,6,0.0,0.0,0.0,0.0,0.0,0.0,41.2,-999.0,dos
2026-06-30 07:00:00,7,0.65,479.4,605.1,250.6,60.53,321.8,1191.1,-37.9,unauthorized
2026-06-30 08:00:00,8,0.67,256.6,357.3,128.6,59.22,215.7,719.9,63.3,fdi
2026-06-30 09:00:00,9,0.97,60.0,117.5,41.3,60.01,40.0,238.5,18.0,replay
2026-06-30 10:00:00,10,0.0,0.0,0.0,0.0,0.0,0.0,24.2,-999.0,dos
2026-06-30 11:00:00,11,0.41,498.2,426.6,161.4,60.67,313.4,951.0,-28.4,unauthorized
2026-06-30 12:00:00,12,0.72,194.8,254.1,110.7,60.34,127.2,532.7,64.4,fdi
2026-06-30 13:00:00,13,0.95,60.0,113.0,46.2,59.99,35.0,235.1,18.0,replay
2026-06-30 14:00:00,14,0.0,0.0,0.0,0.0,0.0,0.0,42.0,-999.0,dos
2026-06-30 15:00:00,15,0.69,464.6,638.7,229.5,62.6,387.2,1303.9,-23.5,unauthorized
2026-06-30 16:00:00,16,1.33,315.5,850.0,308.8,59.24,168.6,1344.2,60.8,fdi
2026-06-30 17:00:00,17,0.96,50.0,88.9,35.8,59.99,35.0,191.2,20.0,replay
2026-06-30 18:00:00,18,0.0,0.0,0.0,0.0,0.0,0.0,42.3,-999.0,dos
2026-06-30 19:00:00,19,0.53,401.8,426.0,150.5,62.37,269.9,867.1,1.9,unauthorized
2026-06-30 20:00:00,20,1.32,311.1,752.0,267.2,60.44,183.1,1247.0,57.3,fdi
2026-06-30 21:00:00,21,0.96,55.0,114.0,45.1,60.0,35.0,204.5,20.0,replay
2026-06-30 22:00:00,22,0.0,0.0,0.0,0.0,0.0,0.0,30.9,-999.0,dos
2026-06-30 23:00:00,23,0.72,372.3,537.9,213.9,60.99,286.8,1072.6,14.8,unauthorized
2026-07-01 00:00:00,0,0.67,239.6,304.4,118.1,60.28,187.2,643.5,49.3,fdi
2026-07-01 01:00:00,1,0.95,60.0,115.9,43.1,60.0,40.0,224.7,18.0,replay
2026-07-01 02:00:00,2,0.0,0.0,0.0,0.0,0.0,0.0,27.4,-999.0,dos
2026-07-01 03:00:00,3,0.9,458.8,872.5,371.1,61.96,280.6,1536.5,-13.8,unauthorized
2026-07-01 04:00:00,4,1.32,239.1,615.5,219.6,59.55,198.1,1066.1,57.3,fdi
2026-07-01 05:00:00,5,0.96,65.0,114.5,43.5,60.01,35.0,236.6,18.0,replay
2026-07-01 06:00:00,6,0.0,0.0,0.0,0.0,0.0,0.0,36.2,-999.0,dos
2026-07-01 07:00:00,7,0.7,361.5,494.4,221.8,60.71,323.2,1065.3,51.1,unauthorized
2026-07-01 08:00:00,8,0.62,301.9,387.6,146.9,60.49,127.2,680.1,45.4,fdi
2026-07-01 09:00:00,9,0.98,55.0,114.6,51.6,60.01,30.0,217.1,19.0,replay
2026-07-01 10:00:00,10,0.0,0.0,0.0,0.0,0.0,0.0,23.2,-999.0,dos
2026-07-01 11:00:00,11,0.61,426.0,471.3,206.3,57.98,383.4,1110.0,45.2,unauthorized
2026-07-01 12:00:00,12,1.2,192.2,460.2,180.3,60.27,170.4,833.2,47.8,fdi
2026-07-01 13:00:00,13,0.95,65.0,128.3,50.2,60.0,30.0,224.6,18.0,replay
2026-07-01 14:00:00,14,0.0,0.0,0.0,0.0,0.0,0.0,45.7,-999.0,dos
2026-07-01 15:00:00,15,1.09,448.3,1027.5,454.9,57.64,385.1,1899.6,65.7,unauthorized
2026-07-01 16:00:00,16,0.63,269.8,340.3,129.3,60.47,192.0,697.4,56.4,fdi
2026-07-01 17:00:00,17,0.95,65.0,116.3,43.4,60.0,35.0,206.7,19.0,replay
2026-07-01 18:00:00,18,0.0,0.0,0.0,0.0,0.0,0.0,26.0,-999.0,dos
2026-07-01 19:00:00,19,0.88,435.8,802.6,325.6,58.14,342.1,1502.5,0.4,unauthorized
2026-07-01 20:00:00,20,1.24,261.6,672.3,235.6,60.41,147.2,1069.0,48.6,fdi
2026-07-01 21:00:00,21,0.96,60.0,103.7,45.9,59.99,40.0,201.7,19.0,replay
2026-07-01 22:00:00,22,0.0,0.0,0.0,0.0,0.0,0.0,30.8,-999.0,dos
2026-07-01 23:00:00,23,1.24,446.0,1053.6,453.6,58.11,380.4,1932.7,50.6,unauthorized
2026-07-02 00:00:00,0,1.35,190.6,514.7,189.3,59.24,210.5,946.5,50.0,fdi
2026-07-02 01:00:00,1,0.98,55.0,104.3,46.3,60.01,40.0,232.8,18.0,replay
2026-07-02 02:00:00,2,0.0,0.0,0.0,0.0,0.0,0.0,27.4,-999.0,dos
2026-07-02 03:00:00,3,0.96,482.2,911.0,354.1,59.79,325.8,1615.0,-23.9,unauthorized
2026-07-02 04:00:00,4,1.34,181.2,502.1,220.0,59.39,190.2,928.0,46.3,fdi
2026-07-02 05:00:00,5,0.98,60.0,121.8,45.2,60.0,35.0,238.7,20.0,replay
2026-07-02 06:00:00,6,0.0,0.0,0.0,0.0,0.0,0.0,14.8,-999.0,dos
2026-07-02 07:00:00,7,0.79,401.5,590.6,234.8,58.91,389.4,1237.6,49.1,unauthorized
2026-07-02 08:00:00,8,0.6,229.3,267.9,111.3,59.37,141.3,545.9,57.2,fdi
2026-07-02 09:00:00,9,0.95,55.0,103.7,37.5,60.01,40.0,198.5,19.0,replay
2026-07-02 10:00:00,10,0.0,0.0,0.0,0.0,0.0,0.0,38.5,-999.0,dos
2026-07-02 11:00:00,11,0.49,473.0,434.3,171.9,61.1,317.8,969.5,-10.3,unauthorized
2026-07-02 12:00:00,12,0.71,269.2,412.7,165.7,60.5,202.5,824.0,55.6,fdi
2026-07-02 13:00:00,13,0.95,65.0,135.2,51.2,60.01,30.0,264.6,19.0,replay
2026-07-02 14:00:00,14,0.0,0.0,0.0,0.0,0.0,0.0,49.5,-999.0,dos
2026-07-02 15:00:00,15,1.09,484.2,1156.0,440.9,61.09,316.1,1937.2,73.8,unauthorized
2026-07-02 16:00:00,16,0.68,317.6,445.3,180.3,60.51,205.7,871.0,47.1,fdi
2026-07-02 17:00:00,17,0.95,55.0,110.9,42.8,59.99,35.0,210.2,19.0,replay
2026-07-02 18:00:00,18,0.0,0.0,0.0,0.0,0.0,0.0,40.9,-999.0,dos
2026-07-02 19:00:00,19,0.95,457.4,858.0,317.1,59.24,294.3,1509.4,63.5,unauthorized
2026-07-02 20:00:00,20,1.16,315.9,734.1,259.0,60.31,195.8,1213.4,62.4,fdi
2026-07-02 21:00:00,21,0.96,55.0,108.7,44.4,60.0,40.0,239.4,18.0,replay
2026-07-02 22:00:00,22,0.0,0.0,0.0,0.0,0.0,0.0,42.9,-999.0,dos
2026-07-02 23:00:00,23,0.64,467.5,615.0,264.6,59.65,311.4,1233.5,66.4,unauthorized
2026-07-03 00:00:00,0,0.71,247.2,347.3,138.3,59.4,140.5,656.3,46.5,fdi
2026-07-03 01:00:00,1,0.97,60.0,120.8,53.6,60.0,30.0,243.5,20.0,replay
2026-07-03 02:00:00,2,0.0,0.0,0.0,0.0,0.0,0.0,25.6,-999.0,dos
2026-07-03 03:00:00,3,1.31,361.0,958.6,405.0,61.2,359.5,1745.2,61.2,unauthorized
2026-07-03 04:00:00,4,1.33,202.9,508.6,185.4,60.42,197.6,913.7,59.2,fdi
2026-07-03 05:00:00,5,0.97,55.0,115.6,52.0,59.99,35.0,238.7,19.0,replay
2026-07-03 06:00:00,6,0.0,0.0,0.0,0.0,0.0,0.0,45.1,-999.0,dos
2026-07-03 07:00:00,7,1.01,476.8,1044.1,424.8,62.51,253.7,1772.1,-27.5,unauthorized
2026-07-03 08:00:00,8,0.62,216.1,279.5,117.1,59.51,192.6,635.7,52.9,fdi
2026-07-03 09:00:00,9,0.98,50.0,88.3,39.2,60.0,30.0,205.7,19.0,replay
2026-07-03 10:00:00,10,0.0,0.0,0.0,0.0,0.0,0.0,28.8,-999.0,dos
2026-07-03 11:00:00,11,0.48,493.3,476.3,174.9,60.65,384.8,1053.1,40.8,unauthorized
2026-07-03 12:00:00,12,0.57,319.8,336.8,129.6,59.34,145.3,625.1,63.2,fdi
2026-07-03 13:00:00,13,0.96,60.0,113.9,40.9,60.0,35.0,235.4,19.0,replay
2026-07-03 14:00:00,14,0.0,0.0,0.0,0.0,0.0,0.0,19.3,-999.0,dos
2026-07-03 15:00:00,15,0.61,472.4,614.8,221.9,61.65,272.2,1140.9,-31.1,unauthorized
2026-07-03 16:00:00,16,1.27,250.4,627.3,235.9,59.33,203.8,1111.0,43.9,fdi
2026-07-03 17:00:00,17,0.95,55.0,105.6,46.7,60.01,40.0,215.3,18.0,replay
2026-07-03 18:00:00,18,0.0,0.0,0.0,0.0,0.0,0.0,24.3,-999.0,dos
2026-07-03 19:00:00,19,0.78,423.6,624.6,226.3,60.2,367.3,1265.7,27.7,unauthorized
2026-07-03 20:00:00,20,1.31,262.7,722.0,253.8,59.2,198.1,1215.8,46.6,fdi
2026-07-03 21:00:00,21,0.95,55.0,105.5,38.3,59.99,40.0,209.8,20.0,replay
2026-07-03 22:00:00,22,0.0,0.0,0.0,0.0,0.0,0.0,35.6,-999.0,dos
2026-07-03 23:00:00,23,1.32,458.7,1241.3,473.1,61.62,343.7,2082.2,43.0,unauthorized
2026-07-04 00:00:00,0,0.62,200.0,271.5,105.2,60.59,141.4,563.6,56.9,fdi
2026-07-04 01:00:00,1,0.96,50.0,99.9,42.9,59.99,40.0,229.5,19.0,replay
2026-07-04 02:00:00,2,0.0,0.0,0.0,0.0,0.0,0.0,24.5,-999.0,dos
2026-07-04 03:00:00,3,0.61,471.5,604.7,232.8,58.32,251.5,1128.9,21.0,unauthorized
2026-07-04 04:00:00,4,1.17,279.5,633.2,229.9,60.57,174.0,1070.9,50.0,fdi
2026-07-04 05:00:00,5,0.95,55.0,97.0,36.7,60.0,40.0,198.5,20.0,replay
2026-07-04 06:00:00,6,0.0,0.0,0.0,0.0,0.0,0.0,15.6,-999.0,dos
2026-07-04 07:00:00,7,0.64,410.3,529.7,215.1,59.02,368.7,1139.4,23.1,unauthorized
2026-07-04 08:00:00,8,1.19,219.9,568.1,204.4,59.52,204.6,1013.3,51.6,fdi
2026-07-04 09:00:00,9,0.98,60.0,112.8,40.7,60.0,30.0,222.2,18.0,replay
2026-07-04 10:00:00,10,0.0,0.0,0.0,0.0,0.0,0.0,32.1,-999.0,dos
2026-07-04 11:00:00,11,0.45,350.7,345.0,138.4,62.29,267.3,766.3,30.1,unauthorized
2026-07-04 12:00:00,12,0.68,265.0,366.3,129.8,60.3,157.2,695.2,58.2,fdi
2026-07-04 13:00:00,13,0.98,60.0,115.4,48.7,60.01,40.0,244.2,18.0,replay
2026-07-04 14:00:00,14,0.0,0.0,0.0,0.0,0.0,0.0,35.4,-999.0,dos
2026-07-04 15:00:00,15,1.23,358.3,802.6,286.6,57.23,265.3,1376.7,-15.7,unauthorized
2026-07-04 16:00:00,16,0.56,307.1,347.5,142.5,59.27,127.2,639.8,44.4,fdi
2026-07-04 17:00:00,17,0.96,50.0,101.6,35.8,59.99,40.0,225.1,20.0,replay
2026-07-04 18:00:00,18,0.0,0.0,0.0,0.0,0.0,0.0,46.8,-999.0,dos
2026-07-04 19:00:00,19,0.46,384.4,344.2,148.6,60.47,263.2,770.4,10.8,unauthorized
2026-07-04 20:00:00,20,1.27,208.8,567.5,202.2,59.44,127.0,930.9,61.0,fdi
2026-07-04 21:00:00,21,0.98,60.0,118.9,52.7,60.01,40.0,248.6,18.0,replay
2026-07-04 22:00:00,22,0.0,0.0,0.0,0.0,0.0,0.0,38.9,-999.0,dos
2026-07-04 23:00:00,23,0.53,442.1,443.6,198.2,61.86,362.9,1050.2,-10.5,unauthorized
2026-07-05 00:00:00,0,0.58,207.6,228.2,99.2,60.28,205.5,575.0,55.3,fdi
2026-07-05 01:00:00,1,0.98,65.0,133.1,48.8,60.01,35.0,239.5,19.0,replay
2026-07-05 02:00:00,2,0.0,0.0,0.0,0.0,0.0,0.0,21.2,-999.0,dos
2026-07-05 03:00:00,3,1.26,406.6,999.4,406.4,58.98,302.0,1721.0,9.9,unauthorized
2026-07-05 04:00:00,4,0.71,303.1,414.6,166.0,59.28,124.9,755.2,44.3,fdi
2026-07-05 05:00:00,5,0.96,55.0,113.8,48.5,60.0,35.0,240.5,20.0,replay
2026-07-05 06:00:00,6,0.0,0.0,0.0,0.0,0.0,0.0,50.0,-999.0,dos
2026-07-05 07:00:00,7,0.52,451.8,426.7,189.4,61.47,327.1,963.6,-30.5,unauthorized
2026-07-05 08:00:00,8,0.67,315.6,389.1,160.2,60.5,128.2,714.6,42.0,fdi
2026-07-05 09:00:00,9,0.96,65.0,115.9,46.5,60.01,40.0,226.0,18.0,replay
2026-07-05 10:00:00,10,0.0,0.0,0.0,0.0,0.0,0.0,16.4,-999.0,dos
2026-07-05 11:00:00,11,0.96,353.3,716.5,318.0,60.77,319.5,1404.0,44.2,unauthorized
2026-07-05 12:00:00,12,0.55,301.1,309.5,112.6,60.47,129.9,565.0,48.6,fdi
2026-07-05 13:00:00,13,0.96,60.0,104.6,36.8,60.01,35.0,194.4,18.0,replay
2026-07-05 14:00:00,14,0.0,0.0,0.0,0.0,0.0,0.0,43.5,-999.0,dos
2026-07-05 15:00:00,15,0.78,399.4,594.0,215.6,57.05,393.3,1232.4,-23.3,unauthorized
2026-07-05 16:00:00,16,1.24,183.1,490.5,191.8,59.42,190.0,902.8,52.9,fdi
2026-07-05 17:00:00,17,0.96,50.0,105.0,45.4,59.99,35.0,223.3,19.0,replay
2026-07-05 18:00:00,18,0.0,0.0,0.0,0.0,0.0,0.0,40.0,-999.0,dos
2026-07-05 19:00:00,19,0.53,457.3,533.8,216.1,62.87,319.4,1107.2,48.0,unauthorized
2026-07-05 20:00:00,20,0.59,198.4,242.4,91.0,59.21,210.5,561.2,53.9,fdi
2026-07-05 21:00:00,21,0.95,50.0,97.5,36.0,60.01,40.0,186.3,19.0,replay
2026-07-05 22:00:00,22,0.0,0.0,0.0,0.0,0.0,0.0,32.5,-999.0,dos
2026-07-05 23:00:00,23,0.95,386.9,769.1,290.7,61.59,263.2,1352.8,-16.2,unauthorized
2026-07-06 00:00:00,0,0.61,319.2,393.8,160.3,60.47,208.8,792.8,56.7,fdi
2026-07-06 01:00:00,1,0.95,60.0,105.3,46.6,60.01,30.0,229.6,20.0,replay
2026-07-06 02:00:00,2,0.0,0.0,0.0,0.0,0.0,0.0,10.7,-999.0,dos
2026-07-06 03:00:00,3,0.74,396.6,638.2,273.5,58.57,286.7,1235.4,48.1,unauthorized
2026-07-06 04:00:00,4,0.59,195.6,253.8,92.6,60.46,123.8,497.4,64.4,fdi
2026-07-06 05:00:00,5,0.97,55.0,116.9,51.3,60.0,40.0,250.5,19.0,replay
2026-07-06 06:00:00,6,0.0,0.0,0.0,0.0,0.0,0.0,27.8,-999.0,dos
2026-07-06 07:00:00,7,1.25,384.8,953.7,355.3,59.88,347.1,1705.5,13.5,unauthorized
2026-07-06 08:00:00,8,0.59,252.0,300.1,116.6,60.32,147.6,610.2,42.1,fdi
2026-07-06 09:00:00,9,0.98,55.0,100.0,37.7,60.0,30.0,189.5,20.0,replay
2026-07-06 10:00:00,10,0.0,0.0,0.0,0.0,0.0,0.0,32.4,-999.0,dos
2026-07-06 11:00:00,11,0.65,466.9,554.9,235.2,61.06,267.4,1096.2,57.2,unauthorized
2026-07-06 12:00:00,12,1.26,286.6,674.7,278.8,59.48,188.8,1182.6,48.3,fdi
2026-07-06 13:00:00,13,0.96,55.0,105.6,40.3,60.01,35.0,208.0,20.0,replay
2026-07-06 14:00:00,14,0.0,0.0,0.0,0.0,0.0,0.0,18.1,-999.0,dos
2026-07-06 15:00:00,15,1.27,401.1,1008.1,425.8,62.6,258.7,1717.3,-25.8,unauthorized
2026-07-06 16:00:00,16,1.24,214.0,543.8,219.1,59.38,195.3,1007.8,54.4,fdi
2026-07-06 17:00:00,17,0.98,60.0,113.9,48.8,59.99,35.0,215.3,18.0,replay
2026-07-06 18:00:00,18,0.0,0.0,0.0,0.0,0.0,0.0,15.8,-999.0,dos
2026-07-06 19:00:00,19,1.17,440.3,987.9,439.1,58.88,345.7,1789.2,17.2,unauthorized
2026-07-06 20:00:00,20,0.71,256.9,386.9,154.5,59.52,200.1,753.2,59.6,fdi
2026-07-06 21:00:00,21,0.96,50.0,99.7,40.6,60.01,40.0,220.0,19.0,replay
2026-07-06 22:00:00,22,0.0,0.0,0.0,0.0,0.0,0.0,10.0,-999.0,dos
2026-07-06 23:00:00,23,1.08,356.8,831.4,337.2,57.5,261.5,1464.2,29.8,unauthorized
2026-07-07 00:00:00,0,1.15,304.4,765.8,295.8,60.6,136.4,1237.3,57.5,fdi
2026-07-07 01:00:00,1,0.96,60.0,109.6,41.5,60.01,35.0,236.0,19.0,replay
2026-07-07 02:00:00,2,0.0,0.0,0.0,0.0,0.0,0.0,49.6,-999.0,dos
2026-07-07 03:00:00,3,0.77,474.2,755.7,267.8,58.87,285.1,1333.5,10.8,unauthorized
2026-07-07 04:00:00,4,1.28,220.6,527.9,187.7,59.38,141.7,892.1,48.1,fdi
2026-07-07 05:00:00,5,0.98,60.0,117.9,42.9,60.0,40.0,226.2,19.0,replay
2026-07-07 06:00:00,6,0.0,0.0,0.0,0.0,0.0,0.0,15.1,-999.0,dos
2026-07-07 07:00:00,7,1.4,470.8,1245.0,534.1,61.6,288.8,2082.2,-39.6,unauthorized
2026-07-07 08:00:00,8,0.65,256.0,318.4,128.1,59.2,168.8,652.2,53.6,fdi
2026-07-07 09:00:00,9,0.97,55.0,113.6,48.0,59.99,35.0,228.2,19.0,replay
2026-07-07 10:00:00,10,0.0,0.0,0.0,0.0,0.0,0.0,31.3,-999.0,dos
2026-07-07 11:00:00,11,0.97,403.3,806.2,336.9,60.24,347.1,1504.6,37.4,unauthorized
2026-07-07 12:00:00,12,0.62,286.8,338.7,132.4,60.32,175.8,658.3,53.5,fdi
2026-07-07 13:00:00,13,0.95,50.0,100.8,41.9,59.99,30.0,216.1,19.0,replay
2026-07-07 14:00:00,14,0.0,0.0,0.0,0.0,0.0,0.0,22.4,-999.0,dos
2026-07-07 15:00:00,15,0.49,453.8,452.2,158.6,60.57,338.5,963.1,17.4,unauthorized
2026-07-07 16:00:00,16,1.17,226.0,476.7,204.6,60.26,161.1,864.9,42.6,fdi
2026-07-07 17:00:00,17,0.97,65.0,118.9,44.7,60.0,35.0,231.7,19.0,replay
2026-07-07 18:00:00,18,0.0,0.0,0.0,0.0,0.0,0.0,37.8,-999.0,dos
2026-07-07 19:00:00,19,0.44,412.6,344.8,122.8,60.56,338.0,838.3,-37.7,unauthorized
2026-07-07 20:00:00,20,1.22,226.2,586.6,244.4,59.27,174.8,1027.8,60.0,fdi
2026-07-07 21:00:00,21,0.96,65.0,118.6,53.2,60.01,40.0,237.3,19.0,replay
2026-07-07 22:00:00,22,0.0,0.0,0.0,0.0,0.0,0.0,26.9,-999.0,dos
2026-07-07 23:00:00,23,0.64,419.9,549.5,235.0,58.86,332.1,1128.3,40.4,unauthorized
2026-07-08 00:00:00,0,1.35,292.0,797.8,336.5,59.3,177.4,1337.4,54.8,fdi
2026-07-08 01:00:00,1,0.95,60.0,112.8,45.5,59.99,40.0,218.8,20.0,replay
2026-07-08 02:00:00,2,0.0,0.0,0.0,0.0,0.0,0.0,24.3,-999.0,dos
2026-07-08 03:00:00,3,0.79,487.7,821.5,330.4,59.21,387.5,1561.9,10.8,unauthorized
2026-07-08 04:00:00,4,1.2,220.5,552.7,248.0,60.37,182.4,1008.2,50.9,fdi
2026-07-08 05:00:00,5,0.95,65.0,116.5,42.9,60.0,35.0,219.5,20.0,replay
2026-07-08 06:00:00,6,0.0,0.0,0.0,0.0,0.0,0.0,48.3,-999.0,dos
2026-07-08 07:00:00,7,0.55,356.4,364.1,132.0,59.39,328.3,836.2,21.9,unauthorized
2026-07-08 08:00:00,8,0.57,209.8,229.7,88.7,60.56,215.9,564.4,48.0,fdi
2026-07-08 09:00:00,9,0.97,65.0,114.6,45.0,60.0,30.0,219.8,18.0,replay
2026-07-08 10:00:00,10,0.0,0.0,0.0,0.0,0.0,0.0,15.7,-999.0,dos
2026-07-08 11:00:00,11,1.07,366.8,731.9,317.9,58.39,399.4,1463.2,-39.3,unauthorized
2026-07-08 12:00:00,12,1.29,319.0,857.8,357.1,59.24,138.4,1386.2,54.4,fdi
2026-07-08 13:00:00,13,0.95,55.0,101.0,40.9,59.99,40.0,207.1,20.0,replay
2026-07-08 14:00:00,14,0.0,0.0,0.0,0.0,0.0,0.0,15.2,-999.0,dos
2026-07-08 15:00:00,15,0.4,471.1,373.4,157.9,58.01,365.9,918.0,-22.2,unauthorized
2026-07-08 16:00:00,16,0.58,313.2,339.5,124.5,60.51,200.3,713.6,50.6,fdi
2026-07-08 17:00:00,17,0.95,60.0,115.5,51.2,60.0,30.0,230.5,18.0,replay
2026-07-08 18:00:00,18,0.0,0.0,0.0,0.0,0.0,0.0,48.1,-999.0,dos
2026-07-08 19:00:00,19,0.55,469.5,524.3,189.3,61.72,281.7,1025.4,51.8,unauthorized
2026-07-08 20:00:00,20,0.68,184.0,259.2,114.5,59.53,170.0,560.7,49.8,fdi
2026-07-08 21:00:00,21,0.96,60.0,125.3,52.7,59.99,35.0,244.7,19.0,replay
2026-07-08 22:00:00,22,0.0,0.0,0.0,0.0,0.0,0.0,41.7,-999.0,dos
2026-07-08 23:00:00,23,1.1,430.8,986.8,372.9,57.62,334.7,1710.5,-16.9,unauthorized
2026-07-09 00:00:00,0,1.19,299.7,671.1,241.8,60.55,172.1,1120.0,63.2,fdi
2026-07-09 01:00:00,1,0.95,60.0,115.1,49.7,59.99,35.0,242.4,19.0,replay
2026-07-09 02:00:00,2,0.0,0.0,0.0,0.0,0.0,0.0,29.3,-999.0,dos
2026-07-09 03:00:00,3,0.7,380.9,509.5,207.2,62.38,272.3,1023.7,42.4,unauthorized
2026-07-09 04:00:00,4,0.57,234.8,292.9,114.7,60.47,160.7,592.0,44.2,fdi
2026-07-09 05:00:00,5,0.96,60.0,124.3,46.5,60.0,35.0,246.4,20.0,replay
2026-07-09 06:00:00,6,0.0,0.0,0.0,0.0,0.0,0.0,41.5,-999.0,dos
2026-07-09 07:00:00,7,1.04,359.3,702.7,289.1,60.52,295.1,1302.8,19.2,unauthorized
2026-07-09 08:00:00,8,1.31,184.7,459.1,169.7,59.22,179.2,829.5,59.8,fdi
2026-07-09 09:00:00,9,0.95,55.0,107.1,38.3,59.99,40.0,228.0,19.0,replay
2026-07-09 10:00:00,10,0.0,0.0,0.0,0.0,0.0,0.0,40.4,-999.0,dos
2026-07-09 11:00:00,11,1.08,396.0,898.2,332.0,62.17,302.1,1548.5,61.9,unauthorized
2026-07-09 12:00:00,12,1.34,312.0,766.2,296.6,59.38,139.5,1225.0,62.3,fdi
2026-07-09 13:00:00,13,0.96,55.0,101.3,41.5,60.0,30.0,216.6,20.0,replay
2026-07-09 14:00:00,14,0.0,0.0,0.0,0.0,0.0,0.0,19.8,-999.0,dos
2026-07-09 15:00:00,15,1.14,391.1,959.5,427.3,57.16,304.8,1731.1,-34.6,unauthorized
2026-07-09 16:00:00,16,1.16,292.3,632.5,271.7,59.44,198.0,1130.3,51.4,fdi
2026-07-09 17:00:00,17,0.95,55.0,109.6,44.7,60.01,40.0,220.4,19.0,replay
2026-07-09 18:00:00,18,0.0,0.0,0.0,0.0,0.0,0.0,19.6,-999.0,dos
2026-07-09 19:00:00,19,0.69,408.3,552.4,209.1,60.0,276.0,1087.5,7.2,unauthorized
2026-07-09 20:00:00,20,0.58,297.5,320.1,122.1,59.34,202.3,668.3,47.7,fdi
2026-07-09 21:00:00,21,0.98,60.0,111.6,39.3,60.0,30.0,210.5,18.0,replay
2026-07-09 22:00:00,22,0.0,0.0,0.0,0.0,0.0,0.0,15.4,-999.0,dos
2026-07-09 23:00:00,23,0.63,481.6,670.9,277.3,58.04,253.0,1225.4,13.7,unauthorized
2026-07-10 00:00:00,0,0.96,55.0,107.4,40.4,59.99,40.0,200.5,20.0,fdi
2026-07-10 01:00:00,1,0.98,55.0,111.1,40.2,60.01,30.0,203.0,20.0,replay
2026-07-10 02:00:00,2,0.0,0.0,0.0,0.0,0.0,0.0,22.8,-999.0,dos
2026-07-10 03:00:00,3,1.08,402.3,866.4,342.5,62.26,326.4,1579.2,37.8,unauthorized
2026-07-10 04:00:00,4,1.33,295.5,771.7,276.7,60.31,187.6,1269.9,43.8,fdi
2026-07-10 05:00:00,5,0.97,65.0,128.4,46.5,60.0,35.0,222.9,20.0,replay
2026-07-10 06:00:00,6,0.0,0.0,0.0,0.0,0.0,0.0,17.6,-999.0,dos
2026-07-10 07:00:00,7,1.1,387.3,812.2,332.8,59.39,389.3,1570.9,59.0,unauthorized
2026-07-10 08:00:00,8,0.65,304.4,429.1,157.5,60.47,161.7,769.5,62.9,fdi
2026-07-10 09:00:00,9,0.97,50.0,91.7,34.0,60.01,40.0,203.8,18.0,replay
2026-07-10 10:00:00,10,0.0,0.0,0.0,0.0,0.0,0.0,29.4,-999.0,dos
2026-07-10 11:00:00,11,1.09,350.4,824.4,324.8,60.52,340.9,1513.8,49.5,unauthorized
2026-07-10 12:00:00,12,1.16,292.4,728.3,318.8,59.35,146.0,1213.8,44.7,fdi
2026-07-10 13:00:00,13,0.95,60.0,111.1,46.9,59.99,35.0,213.3,18.0,replay
2026-07-10 14:00:00,14,0.0,0.0,0.0,0.0,0.0,0.0,10.5,-999.0,dos
2026-07-10 15:00:00,15,1.26,454.6,1189.2,492.4,62.98,253.0,1958.9,61.9,unauthorized
2026-07-10 16:00:00,16,0.67,273.8,388.4,151.0,60.31,216.3,796.2,52.5,fdi
2026-07-10 17:00:00,17,0.98,50.0,94.5,39.9,60.01,35.0,199.2,20.0,replay
2026-07-10 18:00:00,18,0.0,0.0,0.0,0.0,0.0,0.0,12.7,-999.0,dos
2026-07-10 19:00:00,19,1.07,450.7,1014.6,447.6,57.17,390.7,1886.0,52.6,unauthorized
2026-07-10 20:00:00,20,1.31,287.6,709.1,282.3,59.28,201.9,1243.1,56.9,fdi
2026-07-10 21:00:00,21,0.96,60.0,108.0,47.1,59.99,40.0,211.3,19.0,replay
2026-07-10 22:00:00,22,0.0,0.0,0.0,0.0,0.0,0.0,46.3,-999.0,dos
2026-07-10 23:00:00,23,1.01,374.0,733.2,319.1,59.34,262.9,1332.4,29.5,unauthorized
2026-07-11 00:00:00,0,1.26,195.6,455.0,185.9,60.49,127.4,818.3,59.1,fdi
2026-07-11 01:00:00,1,0.98,60.0,123.2,54.1,60.01,30.0,244.9,19.0,replay
2026-07-11 02:00:00,2,0.0,0.0,0.0,0.0,0.0,0.0,21.6,-999.0,dos
2026-07-11 03:00:00,3,1.01,385.1,805.9,285.5,60.14,352.9,1466.4,-13.8,unauthorized
2026-07-11 04:00:00,4,1.19,303.1,734.8,268.6,59.37,141.1,1173.7,49.9,fdi
2026-07-11 05:00:00,5,0.95,60.0,104.0,42.8,59.99,30.0,190.7,19.0,replay
2026-07-11 06:00:00,6,0.0,0.0,0.0,0.0,0.0,0.0,24.5,-999.0,dos
2026-07-11 07:00:00,7,0.73,417.8,563.9,241.6,57.28,343.0,1184.4,38.8,unauthorized
2026-07-11 08:00:00,8,0.64,187.5,247.7,92.0,59.38,137.3,518.8,57.7,fdi
2026-07-11 09:00:00,9,0.96,65.0,122.7,53.9,59.99,30.0,230.6,20.0,replay
2026-07-11 10:00:00,10,0.0,0.0,0.0,0.0,0.0,0.0,17.4,-999.0,dos
2026-07-11 11:00:00,11,1.32,377.5,1072.0,385.9,58.04,321.9,1814.6,-28.9,unauthorized
2026-07-11 12:00:00,12,0.65,234.4,316.4,134.2,59.22,177.8,639.7,64.8,fdi
2026-07-11 13:00:00,13,0.96,55.0,101.2,36.9,60.01,40.0,201.2,18.0,replay
2026-07-11 14:00:00,14,0.0,0.0,0.0,0.0,0.0,0.0,44.7,-999.0,dos
2026-07-11 15:00:00,15,1.05,464.9,930.7,389.0,61.43,321.4,1689.4,0.3,unauthorized
2026-07-11 16:00:00,16,0.55,291.2,305.1,113.4,59.42,213.4,664.1,55.6,fdi
2026-07-11 17:00:00,17,0.97,65.0,116.4,42.1,60.01,30.0,213.1,20.0,replay
2026-07-11 18:00:00,18,0.0,0.0,0.0,0.0,0.0,0.0,17.9,-999.0,dos
2026-07-11 19:00:00,19,1.01,453.2,986.0,439.5,61.22,329.9,1780.9,74.3,unauthorized
2026-07-11 20:00:00,20,0.61,194.9,245.5,108.7,59.25,149.4,537.2,53.5,fdi
2026-07-11 21:00:00,21,0.98,50.0,95.0,37.2,59.99,35.0,190.3,19.0,replay
2026-07-11 22:00:00,22,0.0,0.0,0.0,0.0,0.0,0.0,48.0,-999.0,dos
2026-07-11 23:00:00,23,0.95,436.5,787.8,312.9,60.91,250.4,1394.8,61.1,unauthorized
2026-07-12 00:00:00,0,0.55,231.6,279.2,121.2,60.59,146.4,560.7,63.7,fdi
2026-07-12 01:00:00,1,0.0,0.0,0.0,0.0,0.0,0.0,31.4,-999.0,replay
2026-07-12 02:00:00,2,0.0,0.0,0.0,0.0,0.0,0.0,18.6,-999.0,dos
2026-07-12 03:00:00,3,0.67,481.5,603.2,220.6,57.59,276.7,1132.7,46.5,unauthorized
2026-07-12 04:00:00,4,1.32,293.1,736.2,268.7,59.43,124.0,1154.6,50.4,fdi
2026-07-12 05:00:00,5,0.98,65.0,118.4,42.1,59.99,30.0,221.9,18.0,replay
2026-07-12 06:00:00,6,0.97,50.0,94.6,37.2,59.99,40.0,182.4,18.0,dos
2026-07-12 07:00:00,7,0.91,372.5,638.6,246.3,61.67,291.2,1187.5,-28.3,unauthorized
2026-07-12 08:00:00,8,1.21,292.1,751.1,335.3,59.27,132.4,1229.1,56.6,fdi
2026-07-12 09:00:00,9,0.96,55.0,109.4,41.5,60.0,30.0,193.9,20.0,replay
2026-07-12 10:00:00,10,0.0,0.0,0.0,0.0,0.0,0.0,39.5,-999.0,dos
2026-07-12 11:00:00,11,1.24,406.6,1049.3,407.4,57.08,289.0,1777.1,16.1,unauthorized
2026-07-12 12:00:00,12,1.27,241.5,640.6,229.8,59.44,131.1,1043.2,53.2,fdi
2026-07-12 13:00:00,13,0.98,60.0,115.8,40.6,59.99,40.0,211.8,18.0,replay
2026-07-12 14:00:00,14,0.0,0.0,0.0,0.0,0.0,0.0,24.6,-999.0,dos
2026-07-12 15:00:00,15,0.73,430.6,610.2,269.0,60.41,329.1,1236.4,17.3,unauthorized
2026-07-12 16:00:00,16,0.56,289.4,318.0,137.1,59.43,197.2,672.6,62.1,fdi
2026-07-12 17:00:00,17,0.98,60.0,122.5,48.0,59.99,35.0,218.6,19.0,replay
2026-07-12 18:00:00,18,0.0,0.0,0.0,0.0,0.0,0.0,20.8,-999.0,dos
2026-07-12 19:00:00,19,1.16,396.0,869.7,339.1,58.43,316.0,1535.9,-4.9,unauthorized
2026-07-12 20:00:00,20,1.2,191.6,425.8,160.6,59.37,195.1,818.7,64.7,fdi
2026-07-12 21:00:00,21,0.96,50.0,91.5,36.6,59.99,35.0,209.5,20.0,replay
2026-07-12 22:00:00,22,0.0,0.0,0.0,0.0,0.0,0.0,36.8,-999.0,dos
2026-07-12 23:00:00,23,1.02,499.6,1105.4,397.1,62.92,303.1,1833.6,20.5,unauthorized
2026-07-13 00:00:00,0,1.35,282.7,727.0,270.7,60.54,169.0,1186.6,62.1,fdi
2026-07-13 01:00:00,1,0.96,50.0,94.6,33.1,60.01,40.0,202.2,18.0,replay
2026-07-13 02:00:00,2,0.0,0.0,0.0,0.0,0.0,0.0,42.6,-999.0,dos
2026-07-13 03:00:00,3,1.04,483.6,945.7,371.1,61.63,382.7,1743.4,-38.9,unauthorized
2026-07-13 04:00:00,4,1.18,296.9,648.8,282.8,59.42,200.9,1147.0,46.9,fdi
2026-07-13 05:00:00,5,0.95,50.0,99.6,44.6,60.01,40.0,202.1,20.0,replay
2026-07-13 06:00:00,6,0.0,0.0,0.0,0.0,0.0,0.0,14.8,-999.0,dos
2026-07-13 07:00:00,7,1.4,492.4,1282.1,544.0,57.67,286.0,2122.0,73.5,unauthorized
2026-07-13 08:00:00,8,1.24,296.1,675.7,248.6,60.38,164.6,1108.6,44.9,fdi
2026-07-13 09:00:00,9,0.95,65.0,130.2,57.9,60.0,35.0,257.1,19.0,replay
2026-07-13 10:00:00,10,0.0,0.0,0.0,0.0,0.0,0.0,33.4,-999.0,dos
2026-07-13 11:00:00,11,1.31,441.7,1141.7,480.2,61.06,250.9,1898.0,19.9,unauthorized
2026-07-13 12:00:00,12,0.66,308.7,405.3,145.9,59.27,201.1,787.2,45.7,fdi
2026-07-13 13:00:00,13,0.98,50.0,93.1,40.0,59.99,35.0,198.7,19.0,replay
2026-07-13 14:00:00,14,0.0,0.0,0.0,0.0,0.0,0.0,17.8,-999.0,dos
2026-07-13 15:00:00,15,1.24,454.9,1088.9,383.5,58.23,391.3,1879.4,-37.1,unauthorized
2026-07-13 16:00:00,16,0.72,301.4,450.0,201.3,59.45,172.3,834.7,51.7,fdi
2026-07-13 17:00:00,17,0.96,65.0,117.8,46.0,60.0,40.0,231.2,18.0,replay
2026-07-13 18:00:00,18,0.0,0.0,0.0,0.0,0.0,0.0,13.4,-999.0,dos
2026-07-13 19:00:00,19,0.87,460.5,770.8,289.4,61.46,323.6,1425.0,-26.0,unauthorized
2026-07-13 20:00:00,20,1.28,315.1,851.1,371.3,59.53,191.8,1462.4,59.2,fdi
2026-07-13 21:00:00,21,0.98,60.0,121.1,45.7,60.01,30.0,217.6,19.0,replay
2026-07-13 22:00:00,22,0.0,0.0,0.0,0.0,0.0,0.0,40.7,-999.0,dos
2026-07-13 23:00:00,23,0.99,377.2,703.2,283.9,57.21,323.3,1347.2,78.6,unauthorized
2026-07-14 00:00:00,0,0.66,294.1,358.9,143.3,60.56,168.5,681.4,57.2,fdi
2026-07-14 01:00:00,1,0.97,65.0,131.4,51.1,59.99,30.0,256.0,20.0,replay
2026-07-14 02:00:00,2,0.0,0.0,0.0,0.0,0.0,0.0,28.4,-999.0,dos
2026-07-14 03:00:00,3,0.6,489.1,551.3,200.9,59.6,275.0,1059.7,51.5,unauthorized
2026-07-14 04:00:00,4,0.66,196.2,249.1,110.7,60.37,217.3,626.4,43.1,fdi
2026-07-14 05:00:00,5,0.95,60.0,125.3,48.6,60.01,40.0,259.2,19.0,replay
2026-07-14 06:00:00,6,0.0,0.0,0.0,0.0,0.0,0.0,15.8,-999.0,dos
2026-07-14 07:00:00,7,1.04,418.0,823.2,314.5,61.32,380.1,1543.0,53.2,unauthorized
2026-07-14 08:00:00,8,1.2,319.4,715.5,304.7,59.5,212.2,1243.0,57.3,fdi
2026-07-14 09:00:00,9,0.95,65.0,123.3,44.3,60.0,35.0,249.4,20.0,replay
2026-07-14 10:00:00,10,0.0,0.0,0.0,0.0,0.0,0.0,34.4,-999.0,dos
2026-07-14 11:00:00,11,1.04,421.1,798.7,284.8,59.91,360.4,1466.0,33.6,unauthorized
2026-07-14 12:00:00,12,1.28,207.3,579.8,214.1,59.47,132.4,972.8,57.0,fdi
2026-07-14 13:00:00,13,0.98,50.0,97.6,41.2,60.01,35.0,216.1,18.0,replay
2026-07-14 14:00:00,14,0.0,0.0,0.0,0.0,0.0,0.0,15.7,-999.0,dos
2026-07-14 15:00:00,15,1.27,368.5,929.7,418.0,59.31,300.1,1687.3,63.9,unauthorized
2026-07-14 16:00:00,16,1.2,199.0,488.7,182.3,60.5,136.9,837.1,45.0,fdi
2026-07-14 17:00:00,17,0.95,60.0,108.9,41.1,60.01,30.0,222.1,18.0,replay
2026-07-14 18:00:00,18,0.0,0.0,0.0,0.0,0.0,0.0,35.1,-999.0,dos
2026-07-14 19:00:00,19,1.26,465.5,1213.1,541.4,60.54,387.8,2164.7,-19.8,unauthorized
2026-07-14 20:00:00,20,0.0,0.0,0.0,0.0,0.0,0.0,44.9,-999.0,fdi
2026-07-14 21:00:00,21,0.95,50.0,96.0,39.2,59.99,35.0,211.2,20.0,replay
2026-07-14 22:00:00,22,0.0,0.0,0.0,0.0,0.0,0.0,46.1,-999.0,dos
2026-07-14 23:00:00,23,1.31,459.3,1301.3,471.6,61.62,259.7,2067.9,-17.5,unauthorized
2026-07-15 00:00:00,0,1.29,189.2,451.4,178.3,60.37,184.6,841.3,62.4,fdi
2026-07-15 01:00:00,1,0.95,60.0,116.1,50.9,60.01,40.0,242.4,19.0,replay
2026-07-15 02:00:00,2,0.0,0.0,0.0,0.0,0.0,0.0,35.3,-999.0,dos
2026-07-15 03:00:00,3,0.76,468.5,757.0,288.2,61.43,336.5,1422.5,-22.6,unauthorized
2026-07-15 04:00:00,4,1.19,198.3,481.2,199.3,60.31,181.7,904.7,55.8,fdi
2026-07-15 05:00:00,5,0.96,60.0,106.4,44.2,60.01,30.0,210.1,19.0,replay
2026-07-15 06:00:00,6,0.0,0.0,0.0,0.0,0.0,0.0,15.1,-999.0,dos
2026-07-15 07:00:00,7,0.48,378.3,365.5,156.1,58.66,399.3,956.3,10.0,unauthorized
2026-07-15 08:00:00,8,1.34,291.6,803.0,341.9,60.38,212.9,1390.3,57.7,fdi
2026-07-15 09:00:00,9,0.97,65.0,129.8,57.9,60.01,35.0,243.6,19.0,replay
2026-07-15 10:00:00,10,0.0,0.0,0.0,0.0,0.0,0.0,42.4,-999.0,dos
2026-07-15 11:00:00,11,0.9,435.3,718.7,262.6,59.36,288.0,1292.1,68.6,unauthorized
2026-07-15 12:00:00,12,0.61,236.4,288.2,117.6,59.21,121.1,562.0,43.1,fdi
2026-07-15 13:00:00,13,0.98,55.0,106.4,38.2,59.99,35.0,229.5,18.0,replay
2026-07-15 14:00:00,14,0.0,0.0,0.0,0.0,0.0,0.0,33.5,-999.0,dos
2026-07-15 15:00:00,15,0.66,384.0,511.0,225.8,60.3,260.5,1043.9,-31.1,unauthorized
2026-07-15 16:00:00,16,0.98,55.0,116.5,42.4,60.0,35.0,223.1,20.0,fdi
2026-07-15 17:00:00,17,0.97,55.0,111.8,47.1,60.0,35.0,207.1,20.0,replay
2026-07-15 18:00:00,18,0.0,0.0,0.0,0.0,0.0,0.0,46.2,-999.0,dos
2026-07-15 19:00:00,19,0.6,407.1,527.8,195.7,57.81,366.2,1127.3,20.5,unauthorized
2026-07-15 20:00:00,20,0.56,262.4,311.8,120.8,60.26,153.5,625.4,48.1,fdi
2026-07-15 21:00:00,21,1.19,232.4,521.0,229.1,59.55,155.4,943.5,43.3,replay
2026-07-15 22:00:00,22,0.0,0.0,0.0,0.0,0.0,0.0,15.4,-999.0,dos
2026-07-15 23:00:00,23,1.26,381.5,900.8,372.5,60.86,327.4,1612.4,25.3,unauthorized
2026-07-16 00:00:00,0,1.16,225.5,479.0,196.8,59.29,167.2,860.7,42.4,fdi
2026-07-16 01:00:00,1,0.96,50.0,89.4,36.1,59.99,40.0,192.9,20.0,replay
2026-07-16 02:00:00,2,0.0,0.0,0.0,0.0,0.0,0.0,18.2,-999.0,dos
2026-07-16 03:00:00,3,1.11,476.9,1056.7,446.5,61.21,346.6,1867.5,-10.1,unauthorized
2026-07-16 04:00:00,4,1.26,260.3,670.0,284.9,59.36,178.7,1151.3,64.9,fdi
2026-07-16 05:00:00,5,0.95,55.0,103.8,42.3,60.0,30.0,221.6,20.0,replay
2026-07-16 06:00:00,6,0.0,0.0,0.0,0.0,0.0,0.0,39.7,-999.0,dos
2026-07-16 07:00:00,7,1.18,411.7,1058.9,387.8,57.55,342.8,1825.7,26.8,unauthorized
2026-07-16 08:00:00,8,1.31,293.5,744.3,308.7,59.23,154.5,1238.3,43.1,fdi
2026-07-16 09:00:00,9,0.96,55.0,102.7,40.5,60.0,35.0,192.8,18.0,replay
2026-07-16 10:00:00,10,0.0,0.0,0.0,0.0,0.0,0.0,40.7,-999.0,dos
2026-07-16 11:00:00,11,0.97,420.5,757.4,306.2,58.39,307.6,1415.9,78.8,unauthorized
2026-07-16 12:00:00,12,0.69,256.7,329.9,136.5,59.32,193.3,687.7,42.9,fdi
2026-07-16 13:00:00,13,0.96,60.0,125.1,49.0,59.99,30.0,223.4,19.0,replay
2026-07-16 14:00:00,14,0.0,0.0,0.0,0.0,0.0,0.0,46.7,-999.0,dos
2026-07-16 15:00:00,15,1.07,432.0,997.2,435.9,61.35,323.0,1797.6,16.4,unauthorized
2026-07-16 16:00:00,16,0.56,284.9,346.4,135.7,59.31,202.0,716.2,61.1,fdi
2026-07-16 17:00:00,17,0.96,65.0,118.9,52.7,59.99,40.0,247.9,20.0,replay
2026-07-16 18:00:00,18,0.0,0.0,0.0,0.0,0.0,0.0,20.9,-999.0,dos
2026-07-16 19:00:00,19,1.15,391.2,986.8,358.7,62.22,266.4,1657.3,-15.1,unauthorized
2026-07-16 20:00:00,20,1.25,252.7,647.5,240.3,59.35,164.7,1065.6,44.6,fdi
2026-07-16 21:00:00,21,0.96,60.0,106.1,42.9,59.99,30.0,200.0,19.0,replay
2026-07-16 22:00:00,22,0.0,0.0,0.0,0.0,0.0,0.0,21.1,-999.0,dos
2026-07-16 23:00:00,23,0.95,466.8,908.6,329.9,57.95,329.6,1584.1,-16.5,unauthorized
2026-07-17 00:00:00,0,1.25,261.3,603.2,216.7,60.27,154.3,990.6,43.4,fdi
2026-07-17 01:00:00,1,0.95,65.0,127.7,48.8,59.99,35.0,223.2,19.0,replay
2026-07-17 02:00:00,2,0.0,0.0,0.0,0.0,0.0,0.0,17.0,-999.0,dos
2026-07-17 03:00:00,3,1.17,411.8,1045.1,397.0,59.43,395.0,1863.2,13.6,unauthorized
2026-07-17 04:00:00,4,0.65,214.7,295.5,110.8,59.37,120.7,538.5,55.6,fdi
2026-07-17 05:00:00,5,0.95,60.0,104.0,39.5,59.99,30.0,196.1,19.0,replay
2026-07-17 06:00:00,6,0.0,0.0,0.0,0.0,0.0,0.0,18.4,-999.0,dos
2026-07-17 07:00:00,7,1.38,411.1,1119.9,463.5,59.1,266.5,1880.3,50.4,unauthorized
2026-07-17 08:00:00,8,1.34,304.5,806.7,357.0,59.2,163.3,1338.6,54.2,fdi
2026-07-17 09:00:00,9,0.96,65.0,127.3,49.1,59.99,40.0,254.6,19.0,replay
2026-07-17 10:00:00,10,0.0,0.0,0.0,0.0,0.0,0.0,13.6,-999.0,dos
2026-07-17 11:00:00,11,1.07,492.6,1006.9,403.0,59.23,295.8,1749.2,-19.3,unauthorized
2026-07-17 12:00:00,12,1.2,194.1,505.5,177.0,59.51,150.8,867.4,47.7,fdi
2026-07-17 13:00:00,13,0.98,60.0,127.5,44.9,60.01,35.0,233.2,18.0,replay
2026-07-17 14:00:00,14,0.0,0.0,0.0,0.0,0.0,0.0,29.1,-999.0,dos
2026-07-17 15:00:00,15,1.0,389.6,701.9,269.3,58.53,371.1,1371.9,-21.5,unauthorized
2026-07-17 16:00:00,16,0.66,267.7,324.0,123.0,59.3,158.2,631.5,56.2,fdi
2026-07-17 17:00:00,17,0.96,50.0,100.8,37.7,60.0,35.0,215.5,19.0,replay
2026-07-17 18:00:00,18,0.0,0.0,0.0,0.0,0.0,0.0,46.3,-999.0,dos
2026-07-17 19:00:00,19,1.2,413.1,991.3,393.5,58.1,390.7,1821.5,75.6,unauthorized
2026-07-17 20:00:00,20,1.24,297.0,670.4,283.3,59.53,148.8,1135.0,57.6,fdi
2026-07-17 21:00:00,21,0.95,55.0,109.5,42.2,60.0,35.0,215.4,19.0,replay
2026-07-17 22:00:00,22,0.0,0.0,0.0,0.0,0.0,0.0,24.3,-999.0,dos
2026-07-17 23:00:00,23,0.82,444.9,749.6,328.3,60.43,313.3,1432.0,-38.0,unauthorized
2026-07-18 00:00:00,0,1.19,255.5,581.5,259.0,60.26,160.2,1020.3,48.6,fdi
2026-07-18 01:00:00,1,0.98,65.0,125.6,56.2,60.0,40.0,245.2,18.0,replay
2026-07-18 02:00:00,2,0.0,0.0,0.0,0.0,0.0,0.0,20.6,-999.0,dos
2026-07-18 03:00:00,3,0.95,432.8,788.4,321.0,62.53,254.0,1373.7,8.9,unauthorized
2026-07-18 04:00:00,4,1.29,242.7,633.7,263.6,60.56,141.1,1062.6,47.0,fdi
2026-07-18 05:00:00,5,0.97,50.0,98.1,34.4,60.01,35.0,212.4,19.0,replay
2026-07-18 06:00:00,6,0.0,0.0,0.0,0.0,0.0,0.0,18.2,-999.0,dos
2026-07-18 07:00:00,7,1.09,414.4,913.0,390.5,60.76,373.5,1715.7,0.9,unauthorized
2026-07-18 08:00:00,8,1.23,240.6,625.8,237.7,60.49,132.5,1007.7,64.3,fdi
2026-07-18 09:00:00,9,0.95,60.0,114.4,47.6,60.01,30.0,241.8,19.0,replay
2026-07-18 10:00:00,10,0.0,0.0,0.0,0.0,0.0,0.0,40.8,-999.0,dos
2026-07-18 11:00:00,11,0.71,389.3,512.2,228.4,59.4,250.3,1003.5,-18.8,unauthorized
2026-07-18 12:00:00,12,0.65,249.3,296.9,127.9,59.32,139.4,578.3,61.5,fdi
2026-07-18 13:00:00,13,0.98,50.0,107.0,41.8,60.0,30.0,216.0,20.0,replay
2026-07-18 14:00:00,14,0.0,0.0,0.0,0.0,0.0,0.0,39.7,-999.0,dos
2026-07-18 15:00:00,15,0.79,467.3,737.7,318.4,62.67,334.0,1439.8,22.3,unauthorized
2026-07-18 16:00:00,16,1.19,207.8,481.3,198.7,59.55,189.8,900.2,64.0,fdi
2026-07-18 17:00:00,17,0.96,50.0,99.3,43.1,60.0,35.0,216.6,18.0,replay
2026-07-18 18:00:00,18,0.0,0.0,0.0,0.0,0.0,0.0,14.8,-999.0,dos
2026-07-18 19:00:00,19,0.92,365.1,663.7,250.9,60.42,308.5,1235.9,-35.8,unauthorized
2026-07-18 20:00:00,20,1.22,231.3,546.5,224.8,60.28,120.5,914.1,58.9,fdi
2026-07-18 21:00:00,21,0.96,50.0,96.3,39.3,60.01,40.0,193.0,20.0,replay
2026-07-18 22:00:00,22,0.0,0.0,0.0,0.0,0.0,0.0,45.7,-999.0,dos
2026-07-18 23:00:00,23,1.26,364.3,967.6,341.9,61.38,292.8,1640.1,24.7,unauthorized
2026-07-19 00:00:00,0,1.33,300.4,856.0,305.7,60.47,163.6,1336.6,44.7,fdi
2026-07-19 01:00:00,1,0.96,55.0,115.8,41.0,59.99,30.0,217.2,19.0,replay
2026-07-19 02:00:00,2,0.0,0.0,0.0,0.0,0.0,0.0,34.4,-999.0,dos
2026-07-19 03:00:00,3,1.15,427.1,1052.9,369.9,58.31,324.1,1757.1,-39.9,unauthorized
2026-07-19 04:00:00,4,0.7,215.3,295.4,106.8,60.47,202.3,620.6,50.3,fdi
2026-07-19 05:00:00,5,0.98,50.0,96.9,34.4,59.99,40.0,201.2,18.0,replay
2026-07-19 06:00:00,6,0.0,0.0,0.0,0.0,0.0,0.0,35.2,-999.0,dos
2026-07-19 07:00:00,7,0.71,369.7,498.3,215.8,57.26,346.6,1100.2,26.3,unauthorized
2026-07-19 08:00:00,8,0.59,274.5,303.6,128.3,60.49,143.9,588.2,55.2,fdi
2026-07-19 09:00:00,9,0.96,65.0,123.9,51.3,59.99,30.0,239.2,20.0,replay
2026-07-19 10:00:00,10,0.0,0.0,0.0,0.0,0.0,0.0,43.8,-999.0,dos
2026-07-19 11:00:00,11,0.87,499.2,935.2,416.0,61.38,348.6,1716.9,36.8,unauthorized
2026-07-19 12:00:00,12,0.61,212.6,270.5,119.0,60.46,190.0,599.3,46.5,fdi
2026-07-19 13:00:00,13,0.96,50.0,100.3,41.0,59.99,30.0,190.8,19.0,replay
2026-07-19 14:00:00,14,0.0,0.0,0.0,0.0,0.0,0.0,38.0,-999.0,dos
2026-07-19 15:00:00,15,1.22,389.6,1018.4,368.0,59.19,308.7,1727.6,-15.2,unauthorized
2026-07-19 16:00:00,16,0.61,289.4,361.6,146.4,60.31,151.7,680.6,55.6,fdi
2026-07-19 17:00:00,17,0.98,65.0,122.7,47.1,60.01,30.0,245.6,18.0,replay
2026-07-19 18:00:00,18,0.0,0.0,0.0,0.0,0.0,0.0,41.3,-999.0,dos
2026-07-19 19:00:00,19,1.24,465.4,1186.9,476.8,59.92,267.8,1976.9,76.4,unauthorized
2026-07-19 20:00:00,20,0.7,235.0,305.2,111.0,59.29,190.2,634.7,53.7,fdi
2026-07-19 21:00:00,21,0.96,55.0,100.5,36.2,59.99,30.0,183.0,20.0,replay
2026-07-19 22:00:00,22,0.0,0.0,0.0,0.0,0.0,0.0,11.7,-999.0,dos
2026-07-19 23:00:00,23,1.15,483.8,1108.1,468.7,60.51,358.5,1974.4,3.7,unauthorized
2026-07-20 00:00:00,0,0.71,268.5,414.5,160.1,59.47,131.5,727.9,54.0,fdi
2026-07-20 01:00:00,1,0.97,50.0,92.3,32.3,60.0,35.0,186.5,20.0,replay
2026-07-20 02:00:00,2,0.0,0.0,0.0,0.0,0.0,0.0,27.8,-999.0,dos
2026-07-20 03:00:00,3,0.87,352.3,581.4,228.1,57.44,274.4,1118.7,35.0,unauthorized
2026-07-20 04:00:00,4,0.58,313.2,375.3,142.7,60.38,212.1,743.2,55.9,fdi
2026-07-20 05:00:00,5,0.98,50.0,98.7,44.4,60.01,30.0,200.8,19.0,replay
2026-07-20 06:00:00,6,0.0,0.0,0.0,0.0,0.0,0.0,42.1,-999.0,dos
2026-07-20 07:00:00,7,0.57,463.1,535.2,191.1,59.49,387.1,1152.5,37.3,unauthorized
2026-07-20 08:00:00,8,0.6,312.5,365.9,162.3,60.3,218.7,760.6,59.2,fdi
2026-07-20 09:00:00,9,0.97,60.0,111.9,49.1,59.99,30.0,202.7,18.0,replay
2026-07-20 10:00:00,10,0.0,0.0,0.0,0.0,0.0,0.0,44.2,-999.0,dos
2026-07-20 11:00:00,11,0.58,381.6,437.1,189.3,60.09,339.5,993.7,-36.1,unauthorized
2026-07-20 12:00:00,12,0.6,291.8,348.5,129.8,60.4,169.0,678.0,53.5,fdi
2026-07-20 13:00:00,13,0.97,50.0,87.7,33.0,60.01,40.0,201.3,18.0,replay
2026-07-20 14:00:00,14,0.0,0.0,0.0,0.0,0.0,0.0,11.8,-999.0,dos
2026-07-20 15:00:00,15,1.17,494.3,1051.7,402.9,58.6,268.2,1758.6,8.3,unauthorized
2026-07-20 16:00:00,16,0.72,301.0,473.1,204.6,60.4,161.9,872.0,61.8,fdi
2026-07-20 17:00:00,17,0.96,50.0,97.2,38.5,60.01,30.0,209.7,20.0,replay
2026-07-20 18:00:00,18,0.0,0.0,0.0,0.0,0.0,0.0,45.3,-999.0,dos
2026-07-20 19:00:00,19,0.63,402.7,477.5,208.8,61.5,334.0,1041.6,74.6,unauthorized
2026-07-20 20:00:00,20,1.16,233.8,596.9,262.6,60.31,206.1,1083.4,50.9,fdi
2026-07-20 21:00:00,21,0.98,55.0,97.7,43.2,60.01,30.0,204.6,18.0,replay
2026-07-20 22:00:00,22,0.0,0.0,0.0,0.0,0.0,0.0,26.5,-999.0,dos
2026-07-20 23:00:00,23,1.37,362.7,1003.3,450.9,61.66,288.8,1761.3,5.5,unauthorized
2026-07-21 00:00:00,0,0.7,270.8,399.1,170.1,60.59,219.5,809.0,59.7,fdi
2026-07-21 01:00:00,1,0.96,50.0,103.9,45.6,60.0,40.0,236.6,18.0,replay
2026-07-21 02:00:00,2,0.0,0.0,0.0,0.0,0.0,0.0,34.4,-999.0,dos
2026-07-21 03:00:00,3,0.66,454.2,567.9,209.2,59.46,375.1,1190.9,55.4,unauthorized
2026-07-21 04:00:00,4,0.68,299.7,389.1,140.2,60.44,202.9,751.5,62.1,fdi
2026-07-21 05:00:00,5,0.95,65.0,125.0,54.2,60.01,30.0,234.2,20.0,replay
2026-07-21 06:00:00,6,0.0,0.0,0.0,0.0,0.0,0.0,40.7,-999.0,dos
2026-07-21 07:00:00,7,1.09,361.4,762.7,301.5,59.17,321.1,1420.5,53.8,unauthorized
2026-07-21 08:00:00,8,0.61,273.8,348.7,149.3,59.25,154.0,688.2,57.4,fdi
2026-07-21 09:00:00,9,0.96,60.0,125.1,55.3,60.0,30.0,249.3,19.0,replay
2026-07-21 10:00:00,10,0.0,0.0,0.0,0.0,0.0,0.0,37.5,-999.0,dos
2026-07-21 11:00:00,11,1.15,354.5,875.4,369.1,58.54,369.2,1630.4,72.6,unauthorized
2026-07-21 12:00:00,12,1.28,243.0,577.6,210.5,59.54,160.2,979.1,49.1,fdi
2026-07-21 13:00:00,13,0.96,55.0,107.6,44.8,59.99,35.0,208.6,20.0,replay
2026-07-21 14:00:00,14,0.0,0.0,0.0,0.0,0.0,0.0,10.8,-999.0,dos
2026-07-21 15:00:00,15,0.51,357.1,360.7,129.3,58.29,325.3,834.6,-0.6,unauthorized
2026-07-21 16:00:00,16,1.29,260.5,715.9,252.4,60.34,219.8,1200.4,59.7,fdi
2026-07-21 17:00:00,17,0.95,50.0,87.6,35.9,60.01,40.0,203.0,20.0,replay
2026-07-21 18:00:00,18,0.0,0.0,0.0,0.0,0.0,0.0,36.3,-999.0,dos
2026-07-21 19:00:00,19,1.1,463.9,1000.0,350.6,57.19,307.1,1681.1,47.5,unauthorized
2026-07-21 20:00:00,20,0.65,222.9,301.3,112.1,60.33,136.8,596.6,53.4,fdi
2026-07-21 21:00:00,21,0.96,50.0,92.1,32.7,60.01,40.0,212.6,20.0,replay
2026-07-21 22:00:00,22,0.0,0.0,0.0,0.0,0.0,0.0,43.2,-999.0,dos
2026-07-21 23:00:00,23,0.46,417.6,363.8,152.8,59.61,271.9,798.7,10.4,unauthorized
2026-07-22 00:00:00,0,0.62,204.7,261.2,110.9,59.5,141.1,554.7,58.4,fdi
2026-07-22 01:00:00,1,0.95,60.0,122.5,49.7,59.99,30.0,242.2,18.0,replay
2026-07-22 02:00:00,2,0.0,0.0,0.0,0.0,0.0,0.0,18.5,-999.0,dos
2026-07-22 03:00:00,3,0.51,352.3,374.9,152.7,59.53,276.8,833.9,62.7,unauthorized
2026-07-22 04:00:00,4,1.28,289.5,697.8,281.9,60.5,194.3,1204.1,54.9,fdi
2026-07-22 05:00:00,5,0.96,60.0,105.9,39.6,59.99,35.0,201.1,19.0,replay
2026-07-22 06:00:00,6,0.0,0.0,0.0,0.0,0.0,0.0,39.4,-999.0,dos
2026-07-22 07:00:00,7,0.73,395.8,600.1,230.7,62.06,343.6,1207.9,-4.8,unauthorized
2026-07-22 08:00:00,8,1.34,224.9,616.2,262.6,59.36,198.3,1106.0,43.4,fdi
2026-07-22 09:00:00,9,0.98,50.0,97.0,37.2,59.99,40.0,187.9,19.0,replay
2026-07-22 10:00:00,10,0.0,0.0,0.0,0.0,0.0,0.0,42.5,-999.0,dos
2026-07-22 11:00:00,11,0.46,425.0,401.0,148.5,62.95,296.2,883.7,19.2,unauthorized
2026-07-22 12:00:00,12,1.21,308.7,809.6,326.0,60.4,196.7,1362.4,45.4,fdi
2026-07-22 13:00:00,13,0.98,65.0,139.2,54.6,60.01,40.0,253.7,18.0,replay
2026-07-22 14:00:00,14,0.0,0.0,0.0,0.0,0.0,0.0,12.9,-999.0,dos
2026-07-22 15:00:00,15,0.82,427.7,706.4,301.3,58.06,259.2,1296.9,4.1,unauthorized
2026-07-22 16:00:00,16,1.16,202.2,487.8,212.4,59.47,134.1,874.5,42.7,fdi
2026-07-22 17:00:00,17,0.95,60.0,114.6,43.7,59.99,40.0,217.4,18.0,replay
2026-07-22 18:00:00,18,0.0,0.0,0.0,0.0,0.0,0.0,27.8,-999.0,dos
2026-07-22 19:00:00,19,1.13,388.4,805.5,328.0,58.01,307.2,1451.4,23.6,unauthorized
2026-07-22 20:00:00,20,0.67,245.3,328.7,125.4,60.51,213.2,691.6,45.6,fdi
2026-07-22 21:00:00,21,0.95,65.0,130.0,54.2,60.01,40.0,242.3,20.0,replay
2026-07-22 22:00:00,22,0.0,0.0,0.0,0.0,0.0,0.0,29.2,-999.0,dos
2026-07-22 23:00:00,23,1.35,491.7,1300.3,571.5,62.48,383.0,2295.0,-35.5,unauthorized
2026-07-23 00:00:00,0,0.59,264.0,294.5,125.4,59.4,192.2,647.8,63.8,fdi
2026-07-23 01:00:00,1,0.95,65.0,114.2,47.7,60.01,40.0,217.0,20.0,replay
2026-07-23 02:00:00,2,0.0,0.0,0.0,0.0,0.0,0.0,31.6,-999.0,dos
2026-07-23 03:00:00,3,0.56,468.6,528.8,222.6,59.81,318.2,1092.7,66.4,unauthorized
2026-07-23 04:00:00,4,0.6,276.4,346.1,140.2,59.35,191.3,697.5,49.3,fdi
2026-07-23 05:00:00,5,0.95,55.0,101.1,43.7,60.0,30.0,186.8,20.0,replay
2026-07-23 06:00:00,6,1.16,250.2,633.3,236.0,60.42,209.9,1110.5,59.2,dos
2026-07-23 07:00:00,7,0.89,433.6,817.4,332.6,57.22,285.0,1455.8,44.6,unauthorized
2026-07-23 08:00:00,8,1.34,301.6,879.0,374.1,60.31,178.1,1452.1,47.3,fdi
2026-07-23 09:00:00,9,0.9,393.6,716.6,256.8,57.02,259.2,1281.5,-8.4,replay
2026-07-23 10:00:00,10,0.0,0.0,0.0,0.0,0.0,0.0,31.0,-999.0,dos
2026-07-23 11:00:00,11,1.25,419.0,1063.4,416.5,58.07,274.3,1788.0,3.3,unauthorized
2026-07-23 12:00:00,12,0.62,280.4,352.4,149.4,60.43,127.3,642.9,47.6,fdi
2026-07-23 13:00:00,13,0.97,65.0,115.6,48.5,60.01,35.0,229.5,18.0,replay
2026-07-23 14:00:00,14,0.0,0.0,0.0,0.0,0.0,0.0,31.0,-999.0,dos
2026-07-23 15:00:00,15,1.39,354.3,1063.7,441.3,62.49,376.3,1926.8,9.8,unauthorized
2026-07-23 16:00:00,16,1.27,205.1,549.6,201.6,60.48,214.7,1002.2,55.5,fdi
2026-07-23 17:00:00,17,0.95,50.0,104.3,44.5,60.0,40.0,230.5,20.0,replay
2026-07-23 18:00:00,18,0.0,0.0,0.0,0.0,0.0,0.0,49.2,-999.0,dos
2026-07-23 19:00:00,19,1.09,392.9,799.4,336.6,62.32,256.7,1431.3,-7.0,unauthorized
2026-07-23 20:00:00,20,1.32,313.8,779.0,348.8,60.54,217.3,1357.5,49.5,fdi
2026-07-23 21:00:00,21,0.95,60.0,118.6,50.8,60.0,35.0,247.6,19.0,replay
2026-07-23 22:00:00,22,0.0,0.0,0.0,0.0,0.0,0.0,15.4,-999.0,dos
2026-07-23 23:00:00,23,1.01,374.3,817.0,329.4,57.46,279.2,1465.5,10.5,unauthorized
2026-07-24 00:00:00,0,1.2,223.9,483.4,170.8,59.51,162.6,830.1,53.9,fdi
2026-07-24 01:00:00,1,0.97,50.0,97.9,35.1,59.99,30.0,198.6,18.0,replay
2026-07-24 02:00:00,2,0.0,0.0,0.0,0.0,0.0,0.0,37.5,-999.0,dos
2026-07-24 03:00:00,3,1.16,486.8,1069.8,374.6,59.65,286.7,1767.1,7.9,unauthorized
2026-07-24 04:00:00,4,1.29,273.2,695.4,294.1,60.48,213.1,1239.3,43.7,fdi
2026-07-24 05:00:00,5,0.95,55.0,94.9,33.8,60.01,40.0,186.7,18.0,replay
2026-07-24 06:00:00,6,0.0,0.0,0.0,0.0,0.0,0.0,20.1,-999.0,dos
2026-07-24 07:00:00,7,0.55,393.9,470.3,187.0,59.39,361.6,1047.4,74.7,unauthorized
2026-07-24 08:00:00,8,0.68,298.7,388.3,159.1,60.39,130.3,693.7,63.6,fdi
2026-07-24 09:00:00,9,0.97,50.0,94.7,34.1,60.01,35.0,204.8,20.0,replay
2026-07-24 10:00:00,10,0.0,0.0,0.0,0.0,0.0,0.0,31.3,-999.0,dos
2026-07-24 11:00:00,11,1.31,387.4,1014.0,378.1,61.32,254.5,1688.5,-24.2,unauthorized
2026-07-24 12:00:00,12,1.2,241.5,550.0,235.6,59.52,209.2,1012.9,56.7,fdi
2026-07-24 13:00:00,13,0.96,55.0,113.5,42.1,60.0,30.0,208.1,18.0,replay
2026-07-24 14:00:00,14,0.0,0.0,0.0,0.0,0.0,0.0,23.3,-999.0,dos
2026-07-24 15:00:00,15,0.54,416.6,474.3,206.4,58.87,261.6,982.0,-28.5,unauthorized
2026-07-24 16:00:00,16,0.58,289.2,337.6,118.4,60.51,142.8,629.6,61.1,fdi
2026-07-24 17:00:00,17,0.98,65.0,129.1,50.7,60.0,30.0,258.6,18.0,replay
2026-07-24 18:00:00,18,0.0,0.0,0.0,0.0,0.0,0.0,10.6,-999.0,dos
2026-07-24 19:00:00,19,1.29,463.8,1211.4,470.3,60.22,385.0,2101.5,18.3,unauthorized
2026-07-24 20:00:00,20,1.34,195.6,482.8,195.5,60.27,152.0,863.7,51.2,fdi
2026-07-24 21:00:00,21,0.95,65.0,126.0,54.2,59.99,40.0,248.3,20.0,replay
2026-07-24 22:00:00,22,0.0,0.0,0.0,0.0,0.0,0.0,46.0,-999.0,dos
2026-07-24 23:00:00,23,1.13,390.3,864.5,347.1,61.32,261.8,1497.6,-15.1,unauthorized
2026-07-25 00:00:00,0,1.29,251.6,622.1,252.4,59.35,207.7,1112.4,50.8,fdi
2026-07-25 01:00:00,1,0.96,65.0,127.8,45.0,59.99,30.0,247.6,18.0,replay
2026-07-25 02:00:00,2,0.0,0.0,0.0,0.0,0.0,0.0,15.0,-999.0,dos
2026-07-25 03:00:00,3,0.44,411.7,377.5,133.8,62.85,275.9,830.0,-15.3,unauthorized
2026-07-25 04:00:00,4,0.59,272.2,327.4,144.5,59.53,164.6,658.1,62.1,fdi
2026-07-25 05:00:00,5,0.95,65.0,118.8,46.8,60.01,35.0,219.2,19.0,replay
2026-07-25 06:00:00,6,0.0,0.0,0.0,0.0,0.0,0.0,33.8,-999.0,dos
2026-07-25 07:00:00,7,1.2,462.2,1050.1,406.0,59.2,340.6,1810.9,47.6,unauthorized
2026-07-25 08:00:00,8,1.18,247.2,601.4,261.3,59.32,196.9,1070.1,57.5,fdi
2026-07-25 09:00:00,9,0.96,50.0,103.3,38.2,59.99,35.0,199.3,20.0,replay
2026-07-25 10:00:00,10,0.0,0.0,0.0,0.0,0.0,0.0,39.2,-999.0,dos
2026-07-25 11:00:00,11,0.45,466.3,430.1,188.7,62.43,364.6,1013.3,59.0,unauthorized
2026-07-25 12:00:00,12,1.31,269.8,661.9,244.7,59.45,204.0,1121.3,61.8,fdi
2026-07-25 13:00:00,13,0.97,50.0,88.9,38.4,59.99,30.0,203.7,18.0,replay
2026-07-25 14:00:00,14,0.0,0.0,0.0,0.0,0.0,0.0,12.2,-999.0,dos
2026-07-25 15:00:00,15,0.58,391.1,485.4,218.1,61.56,315.3,1047.0,-30.6,unauthorized
2026-07-25 16:00:00,16,1.23,232.1,559.8,206.7,59.43,198.2,1009.1,45.0,fdi
2026-07-25 17:00:00,17,0.96,65.0,112.4,48.5,60.01,30.0,213.0,20.0,replay
2026-07-25 18:00:00,18,0.0,0.0,0.0,0.0,0.0,0.0,44.4,-999.0,dos
2026-07-25 19:00:00,19,0.66,496.0,605.2,217.7,58.39,270.0,1115.8,62.8,unauthorized
2026-07-25 20:00:00,20,0.7,255.7,386.9,172.7,60.38,204.7,786.4,58.6,fdi
2026-07-25 21:00:00,21,0.95,50.0,102.7,41.3,59.99,30.0,211.1,20.0,replay
2026-07-25 22:00:00,22,0.0,0.0,0.0,0.0,0.0,0.0,34.1,-999.0,dos
2026-07-25 23:00:00,23,0.68,455.9,611.9,232.7,62.23,293.2,1172.7,44.8,unauthorized
2026-07-26 00:00:00,0,1.3,224.1,541.5,210.6,59.47,196.6,983.8,64.9,fdi
2026-07-26 01:00:00,1,0.98,55.0,118.5,45.6,60.01,40.0,252.6,20.0,replay
2026-07-26 02:00:00,2,0.0,0.0,0.0,0.0,0.0,0.0,39.0,-999.0,dos
2026-07-26 03:00:00,3,1.17,479.5,1198.2,470.9,58.51,352.4,2033.6,32.9,unauthorized
2026-07-26 04:00:00,4,0.55,213.6,243.1,86.2,60.52,152.3,498.4,47.5,fdi
2026-07-26 05:00:00,5,0.95,55.0,101.6,43.7,60.01,30.0,201.8,19.0,replay
2026-07-26 06:00:00,6,0.0,0.0,0.0,0.0,0.0,0.0,12.8,-999.0,dos
2026-07-26 07:00:00,7,0.73,402.6,610.3,220.0,62.27,356.2,1234.8,50.8,unauthorized
2026-07-26 08:00:00,8,1.31,237.3,626.6,234.6,59.26,173.9,1063.2,44.9,fdi
2026-07-26 09:00:00,9,0.98,50.0,95.8,41.6,60.0,30.0,198.0,20.0,replay
2026-07-26 10:00:00,10,0.0,0.0,0.0,0.0,0.0,0.0,30.3,-999.0,dos
2026-07-26 11:00:00,11,1.37,470.1,1413.3,534.1,59.29,275.0,2269.0,53.5,unauthorized
2026-07-26 12:00:00,12,0.68,228.5,325.8,131.6,60.48,179.4,683.8,63.1,fdi
2026-07-26 13:00:00,13,0.95,65.0,112.8,46.1,60.01,35.0,222.6,18.0,replay
2026-07-26 14:00:00,14,0.0,0.0,0.0,0.0,0.0,0.0,43.5,-999.0,dos
2026-07-26 15:00:00,15,0.86,380.1,614.9,247.7,58.51,349.1,1223.4,-26.0,unauthorized
2026-07-26 16:00:00,16,0.69,228.7,323.5,138.7,60.58,122.6,632.9,55.3,fdi
2026-07-26 17:00:00,17,0.97,50.0,97.2,42.2,59.99,40.0,211.5,20.0,replay
2026-07-26 18:00:00,18,0.0,0.0,0.0,0.0,0.0,0.0,27.5,-999.0,dos
2026-07-26 19:00:00,19,1.0,414.1,909.2,366.2,57.85,329.5,1620.1,56.1,unauthorized
2026-07-26 20:00:00,20,0.71,254.9,361.2,126.5,60.59,173.8,701.1,42.4,fdi
2026-07-26 21:00:00,21,0.96,50.0,90.1,38.3,60.0,30.0,173.7,20.0,replay
2026-07-26 22:00:00,22,0.0,0.0,0.0,0.0,0.0,0.0,40.8,-999.0,dos
2026-07-26 23:00:00,23,0.69,480.0,676.2,244.1,61.34,375.1,1333.8,45.0,unauthorized
2026-07-27 00:00:00,0,1.3,257.1,702.8,265.0,59.33,131.7,1109.6,47.0,fdi
2026-07-27 01:00:00,1,0.98,65.0,132.4,56.4,60.0,40.0,274.3,20.0,replay
2026-07-27 02:00:00,2,0.0,0.0,0.0,0.0,0.0,0.0,49.8,-999.0,dos
2026-07-27 03:00:00,3,1.07,492.9,1056.5,406.4,62.38,316.5,1795.1,36.5,unauthorized
2026-07-27 04:00:00,4,1.27,263.2,699.7,246.1,60.3,200.0,1158.7,52.6,fdi
2026-07-27 05:00:00,5,0.95,50.0,101.1,38.4,60.0,35.0,201.5,19.0,replay
2026-07-27 06:00:00,6,0.0,0.0,0.0,0.0,0.0,0.0,10.2,-999.0,dos
2026-07-27 07:00:00,7,0.85,444.8,819.3,318.9,60.82,337.6,1494.5,-4.8,unauthorized
2026-07-27 08:00:00,8,0.55,218.7,221.6,91.2,59.38,160.8,497.4,63.4,fdi
2026-07-27 09:00:00,9,0.98,55.0,105.9,43.1,60.0,35.0,195.4,18.0,replay
2026-07-27 10:00:00,10,0.0,0.0,0.0,0.0,0.0,0.0,37.7,-999.0,dos
2026-07-27 11:00:00,11,0.52,394.4,392.5,153.2,61.34,284.8,844.5,61.8,unauthorized
2026-07-27 12:00:00,12,1.16,207.0,462.7,196.4,60.38,139.9,829.5,43.9,fdi
2026-07-27 13:00:00,13,0.95,60.0,102.9,45.7,60.01,40.0,216.4,20.0,replay
2026-07-27 14:00:00,14,0.0,0.0,0.0,0.0,0.0,0.0,44.9,-999.0,dos
2026-07-27 15:00:00,15,0.83,481.7,725.3,296.0,62.43,257.4,1297.4,-25.7,unauthorized
2026-07-27 16:00:00,16,1.32,257.8,692.3,266.7,59.33,214.5,1221.0,57.3,fdi
2026-07-27 17:00:00,17,0.96,65.0,135.1,53.6,59.99,35.0,254.7,18.0,replay
2026-07-27 18:00:00,18,0.0,0.0,0.0,0.0,0.0,0.0,36.1,-999.0,dos
2026-07-27 19:00:00,19,0.75,402.4,640.7,240.2,57.91,350.0,1252.4,-19.0,unauthorized
2026-07-27 20:00:00,20,1.24,191.2,498.5,192.2,60.37,153.8,865.1,57.2,fdi
2026-07-27 21:00:00,21,0.95,60.0,115.4,43.6,60.01,35.0,218.7,20.0,replay
2026-07-27 22:00:00,22,0.0,0.0,0.0,0.0,0.0,0.0,30.1,-999.0,dos
2026-07-27 23:00:00,23,0.7,431.0,586.0,208.1,58.49,289.1,1107.0,50.9,unauthorized
2026-07-28 00:00:00,0,0.71,284.5,406.8,169.9,60.35,133.0,729.1,56.4,fdi
2026-07-28 01:00:00,1,0.96,50.0,98.1,34.8,60.0,35.0,199.9,18.0,replay
2026-07-28 02:00:00,2,0.0,0.0,0.0,0.0,0.0,0.0,14.5,-999.0,dos
2026-07-28 03:00:00,3,0.74,474.0,731.4,277.6,58.35,263.0,1306.1,32.4,unauthorized
2026-07-28 04:00:00,4,1.26,200.5,551.0,233.0,60.59,150.0,967.4,48.4,fdi
2026-07-28 05:00:00,5,0.96,55.0,115.9,43.0,60.01,30.0,227.8,20.0,replay
2026-07-28 06:00:00,6,0.0,0.0,0.0,0.0,0.0,0.0,20.6,-999.0,dos
2026-07-28 07:00:00,7,0.94,428.2,819.6,308.2,58.87,398.0,1535.9,-31.6,unauthorized
