timestamp,hour,voltage,current,active_power,reactive_power,frequency,ev_demand,total_load,temperature,grid_stability
2026-01-01 00:00:00,0,0.96,110.3,197.4,86.2,59.89,45.6,379.3,21.2,unstable
2026-01-01 01:00:00,1,0.91,92.1,159.2,60.6,60.03,20.6,286.6,13.7,stable
2026-01-01 02:00:00,2,0.87,74.0,128.4,55.0,59.86,53.1,266.4,24.1,unstable
2026-01-01 03:00:00,3,0.98,74.8,155.8,69.6,59.84,18.5,304.3,12.0,stable
2026-01-01 04:00:00,4,0.85,97.8,154.2,68.0,59.87,43.7,298.8,25.9,unstable
2026-01-01 05:00:00,5,0.94,70.1,137.6,61.1,59.94,19.2,282.6,25.5,stable
2026-01-01 06:00:00,6,1.02,43.1,86.1,32.5,59.85,12.3,192.2,15.9,stable
2026-01-01 07:00:00,7,0.87,74.1,138.7,59.2,59.84,81.1,308.9,20.0,unstable
2026-01-01 08:00:00,8,0.94,120.6,222.1,80.3,59.88,79.4,445.0,20.0,unstable
2026-01-01 09:00:00,9,0.94,51.9,100.2,43.9,59.84,26.3,214.0,21.9,stable
2026-01-01 10:00:00,10,0.93,107.3,199.8,78.5,59.89,79.4,379.0,25.9,unstable
2026-01-01 11:00:00,11,0.84,87.8,141.9,55.5,59.86,65.0,320.1,31.7,unstable
2026-01-01 12:00:00,12,0.85,75.7,130.6,57.1,59.78,88.1,335.9,30.3,unstable
2026-01-01 13:00:00,13,0.95,126.8,227.1,84.6,59.84,86.3,439.3,23.5,unstable
2026-01-01 14:00:00,14,1.01,67.3,128.0,49.1,59.83,30.9,275.2,14.3,stable
2026-01-01 15:00:00,15,0.9,91.7,159.4,63.7,59.88,90.4,348.6,32.5,unstable
2026-01-01 16:00:00,16,0.84,102.7,183.1,68.5,59.86,39.8,318.6,22.9,unstable
2026-01-01 17:00:00,17,0.96,116.1,231.3,89.5,59.77,78.9,451.3,22.3,unstable
2026-01-01 18:00:00,18,0.97,92.3,166.6,68.2,59.85,26.0,314.7,13.8,stable
2026-01-01 19:00:00,19,0.9,114.0,202.0,89.6,59.76,46.6,365.1,28.7,unstable
2026-01-01 20:00:00,20,0.85,132.3,235.6,95.5,59.93,51.2,428.8,28.2,unstable
2026-01-01 21:00:00,21,0.85,134.1,222.1,93.9,59.93,71.8,452.6,23.7,unstable
2026-01-01 22:00:00,22,1.0,34.5,70.0,24.6,59.96,18.1,137.7,24.5,stable
2026-01-01 23:00:00,23,0.91,70.3,122.0,51.4,59.86,44.6,249.8,20.8,stable
2026-01-02 00:00:00,0,0.93,130.1,227.7,88.1,59.87,73.2,422.2,27.0,unstable
2026-01-02 01:00:00,1,0.96,133.5,256.8,104.7,59.8,71.7,477.8,30.1,unstable
2026-01-02 02:00:00,2,0.93,64.9,128.6,57.3,59.78,72.5,324.1,21.5,unstable
2026-01-02 03:00:00,3,0.84,96.8,170.7,64.8,59.93,90.2,364.9,32.5,unstable
2026-01-02 04:00:00,4,0.94,70.9,135.1,48.6,59.87,56.8,291.2,21.4,stable
2026-01-02 05:00:00,5,0.92,95.6,181.5,70.1,59.94,47.0,333.3,21.5,stable
2026-01-02 06:00:00,6,1.0,98.3,205.9,85.4,60.01,35.6,382.0,18.5,stable
2026-01-02 07:00:00,7,1.01,56.9,107.2,42.5,59.9,14.7,211.5,19.7,stable
2026-01-02 08:00:00,8,0.91,66.0,113.5,45.7,59.72,82.2,300.0,24.0,unstable
2026-01-02 09:00:00,9,0.92,67.1,125.4,53.0,59.73,66.2,313.4,26.6,unstable
2026-01-02 10:00:00,10,0.94,48.9,85.6,38.2,60.0,31.9,217.6,12.2,stable
2026-01-02 11:00:00,11,0.95,40.0,78.9,32.8,59.87,22.5,168.2,19.2,stable
2026-01-02 12:00:00,12,0.99,75.1,146.0,62.2,59.95,31.0,259.9,14.7,stable
2026-01-02 13:00:00,13,0.84,130.6,206.4,82.4,59.72,75.7,408.1,25.6,unstable
2026-01-02 14:00:00,14,0.89,111.7,195.3,80.6,59.81,71.9,393.0,19.6,unstable
2026-01-02 15:00:00,15,0.98,33.4,66.6,29.6,59.86,42.1,187.1,11.4,stable
2026-01-02 16:00:00,16,0.92,106.1,208.4,91.8,59.82,88.8,418.8,24.4,unstable
2026-01-02 17:00:00,17,0.85,70.5,116.3,50.5,59.71,74.6,262.5,20.0,unstable
2026-01-02 18:00:00,18,0.94,81.6,158.7,68.3,59.85,41.4,302.6,24.2,stable
2026-01-02 19:00:00,19,0.93,141.2,274.4,105.4,59.9,59.7,506.0,24.2,unstable
2026-01-02 20:00:00,20,0.96,86.1,164.8,71.3,59.99,15.2,287.3,24.5,stable
2026-01-02 21:00:00,21,0.95,97.7,198.5,88.4,59.83,14.6,350.1,15.8,stable
2026-01-02 22:00:00,22,0.96,53.3,106.7,45.8,59.89,43.6,220.6,22.3,stable
2026-01-02 23:00:00,23,0.84,97.9,155.5,56.6,59.84,85.8,356.0,23.9,unstable
2026-01-03 00:00:00,0,0.92,82.0,155.0,55.5,59.85,13.6,248.4,23.3,stable
2026-01-03 01:00:00,1,0.95,90.6,178.6,69.2,59.91,57.4,329.4,25.8,stable
2026-01-03 02:00:00,2,0.97,97.8,176.2,69.9,59.92,15.6,284.5,18.4,stable
2026-01-03 03:00:00,3,0.85,121.9,203.5,77.0,59.87,69.1,413.0,32.5,unstable
2026-01-03 04:00:00,4,0.96,139.6,269.2,121.0,59.71,39.4,453.3,31.5,unstable
2026-01-03 05:00:00,5,1.02,76.5,159.2,65.0,59.94,44.8,334.0,17.8,stable
2026-01-03 06:00:00,6,0.87,133.3,224.6,82.9,59.94,62.1,412.7,27.7,unstable
2026-01-03 07:00:00,7,0.91,140.0,256.4,97.7,59.73,91.2,506.0,28.8,unstable
2026-01-03 08:00:00,8,0.92,91.3,171.8,67.3,60.02,57.5,363.2,21.9,stable
2026-01-03 09:00:00,9,0.91,57.0,98.3,40.3,59.84,50.5,228.2,25.8,stable
2026-01-03 10:00:00,10,1.01,64.1,120.4,52.5,60.01,30.7,264.3,15.1,stable
2026-01-03 11:00:00,11,1.02,87.2,171.9,67.9,59.95,57.2,323.6,23.7,stable
2026-01-03 12:00:00,12,0.98,79.7,146.9,61.3,59.88,40.9,295.0,16.4,stable
2026-01-03 13:00:00,13,0.97,70.5,134.4,48.9,60.01,38.0,242.8,24.1,stable
2026-01-03 14:00:00,14,0.98,44.4,85.0,34.8,59.98,16.8,176.2,11.2,stable
2026-01-03 15:00:00,15,0.95,103.6,201.0,87.7,59.79,80.1,436.2,24.6,unstable
2026-01-03 16:00:00,16,0.96,83.4,159.2,61.0,59.83,62.3,334.1,32.7,unstable
2026-01-03 17:00:00,17,0.84,73.1,126.2,46.4,59.74,45.4,255.2,20.9,unstable
2026-01-03 18:00:00,18,0.96,41.3,75.4,28.5,59.97,19.6,152.4,11.6,stable
2026-01-03 19:00:00,19,0.85,79.3,138.8,49.1,59.82,57.0,304.9,26.0,unstable
2026-01-03 20:00:00,20,0.91,98.9,189.3,80.4,60.01,13.1,312.0,15.2,stable
2026-01-03 21:00:00,21,0.88,111.8,204.9,72.5,59.83,57.3,367.3,25.5,unstable
2026-01-03 22:00:00,22,1.01,69.0,140.3,52.5,59.94,15.4,241.7,17.7,stable
2026-01-03 23:00:00,23,0.84,79.7,141.3,57.9,59.79,55.0,308.2,20.7,unstable
2026-01-04 00:00:00,0,0.96,69.4,132.5,48.1,59.85,39.3,254.0,22.2,stable
2026-01-04 01:00:00,1,0.92,91.1,160.9,57.9,59.85,91.3,337.7,27.5,unstable
2026-01-04 02:00:00,2,0.86,85.5,137.2,55.2,59.75,46.5,279.4,31.6,unstable
2026-01-04 03:00:00,3,0.92,102.6,181.7,66.7,59.91,53.3,355.1,23.3,stable
2026-01-04 04:00:00,4,0.97,49.6,93.8,36.8,59.95,48.5,224.4,13.8,stable
2026-01-04 05:00:00,5,0.85,85.8,145.4,58.6,59.86,69.0,295.6,21.2,unstable
2026-01-04 06:00:00,6,0.85,141.2,231.9,97.0,59.73,54.7,441.6,30.3,unstable
2026-01-04 07:00:00,7,0.96,54.9,112.9,40.9,59.92,56.5,266.8,23.5,stable
2026-01-04 08:00:00,8,0.93,85.1,149.2,64.1,59.84,38.7,282.0,23.6,stable
2026-01-04 09:00:00,9,0.86,115.6,209.1,81.4,59.91,65.8,417.1,24.0,unstable
2026-01-04 10:00:00,10,0.88,86.8,147.3,64.8,59.82,78.1,329.4,26.0,unstable
2026-01-04 11:00:00,11,1.01,37.0,73.2,26.6,59.96,57.0,216.5,20.4,stable
2026-01-04 12:00:00,12,0.97,88.7,165.5,70.2,60.02,17.6,274.9,15.7,stable
2026-01-04 13:00:00,13,1.0,54.3,113.9,41.3,60.01,51.1,246.2,12.7,stable
2026-01-04 14:00:00,14,0.92,83.6,158.8,64.2,59.88,46.0,301.6,20.6,stable
2026-01-04 15:00:00,15,0.86,109.1,199.9,73.0,59.93,59.0,381.3,25.5,unstable
2026-01-04 16:00:00,16,0.98,95.2,191.7,84.8,59.83,56.6,388.4,19.5,stable
2026-01-04 17:00:00,17,0.91,96.5,186.8,73.8,59.86,77.5,363.8,32.1,unstable
2026-01-04 18:00:00,18,1.01,98.9,201.7,78.6,59.86,53.5,356.5,18.8,stable
2026-01-04 19:00:00,19,0.94,89.3,178.4,68.6,59.71,58.9,343.3,26.5,unstable
2026-01-04 20:00:00,20,0.96,62.8,120.5,47.2,59.88,17.0,250.5,13.6,stable
2026-01-04 21:00:00,21,0.91,64.0,124.7,45.5,59.86,73.5,284.4,21.5,unstable
2026-01-04 22:00:00,22,0.96,110.0,203.0,89.3,59.83,40.7,363.3,29.5,unstable
2026-01-04 23:00:00,23,0.84,107.6,179.5,72.2,59.82,40.6,334.4,29.9,unstable
2026-01-05 00:00:00,0,0.91,77.4,137.8,52.0,59.75,84.4,326.4,32.2,unstable
2026-01-05 01:00:00,1,0.84,119.6,192.1,71.7,59.75,73.2,390.6,19.4,unstable
2026-01-05 02:00:00,2,0.85,77.1,123.0,46.0,59.9,72.9,298.0,22.3,unstable
2026-01-05 03:00:00,3,1.0,79.4,169.1,59.4,59.91,20.2,273.0,15.4,stable
2026-01-05 04:00:00,4,0.84,109.1,191.6,73.6,59.75,60.2,358.3,31.5,unstable
2026-01-05 05:00:00,5,0.91,112.3,202.8,77.0,59.77,59.5,406.7,26.7,unstable
2026-01-05 06:00:00,6,0.92,65.5,119.5,42.1,60.01,54.7,249.7,23.0,stable
2026-01-05 07:00:00,7,0.98,38.7,76.3,28.0,59.88,51.7,189.7,25.8,stable
2026-01-05 08:00:00,8,0.95,108.5,211.8,91.7,59.74,52.1,385.9,26.8,unstable
2026-01-05 09:00:00,9,0.85,132.0,230.8,84.8,59.93,69.9,451.2,27.4,unstable
2026-01-05 10:00:00,10,0.88,66.7,110.7,45.4,59.83,46.1,234.5,29.3,unstable
2026-01-05 11:00:00,11,0.87,119.8,208.3,86.7,59.8,53.3,415.2,26.9,unstable
2026-01-05 12:00:00,12,0.93,48.2,89.7,36.7,59.84,39.8,202.9,11.8,stable
2026-01-05 13:00:00,13,0.92,84.1,152.8,57.2,59.85,34.8,305.8,21.3,stable
2026-01-05 14:00:00,14,0.99,73.4,154.3,56.1,59.89,28.0,305.9,12.4,stable
2026-01-05 15:00:00,15,0.86,132.0,232.1,97.3,59.84,77.3,469.2,30.3,unstable
2026-01-05 16:00:00,16,0.9,141.0,261.3,115.6,59.76,88.9,494.8,19.6,unstable
2026-01-05 17:00:00,17,1.01,81.7,177.5,78.9,59.84,24.9,325.0,24.9,stable
2026-01-05 18:00:00,18,1.01,91.8,177.3,64.2,59.9,11.9,277.2,19.9,stable
2026-01-05 19:00:00,19,0.95,33.0,65.2,24.9,59.98,25.8,167.2,19.1,stable
2026-01-05 20:00:00,20,0.98,29.9,61.8,24.9,59.88,53.5,207.1,11.3,stable
2026-01-05 21:00:00,21,1.02,87.1,181.9,79.5,59.9,30.1,360.7,18.2,stable
2026-01-05 22:00:00,22,0.96,84.8,158.4,60.0,59.92,21.9,275.2,12.7,stable
2026-01-05 23:00:00,23,0.84,141.0,243.5,90.5,59.71,60.5,462.0,24.4,unstable
2026-01-06 00:00:00,0,0.92,95.7,178.2,65.4,59.92,57.2,370.4,18.0,stable
2026-01-06 01:00:00,1,0.96,111.0,202.3,75.3,59.87,65.2,372.1,22.2,unstable
2026-01-06 02:00:00,2,0.95,102.6,208.8,76.7,59.84,54.2,379.5,24.9,stable
2026-01-06 03:00:00,3,0.99,90.8,180.5,73.9,59.86,21.2,324.7,14.4,stable
2026-01-06 04:00:00,4,0.95,73.2,146.6,63.2,59.77,85.9,348.4,32.4,unstable
2026-01-06 05:00:00,5,0.92,56.7,103.7,37.2,59.92,23.0,194.9,21.9,stable
2026-01-06 06:00:00,6,0.91,66.1,126.8,48.8,60.01,34.0,263.5,19.9,stable
2026-01-06 07:00:00,7,0.94,89.4,176.8,74.4,60.01,42.9,355.9,23.8,stable
2026-01-06 08:00:00,8,0.99,86.0,179.1,63.2,59.96,17.9,321.5,24.2,stable
2026-01-06 09:00:00,9,0.88,75.7,133.2,46.7,59.89,82.0,296.2,30.6,unstable
2026-01-06 10:00:00,10,1.02,48.0,102.3,36.9,59.96,41.7,239.0,19.1,stable
2026-01-06 11:00:00,11,1.02,76.7,166.8,69.9,59.9,56.6,316.7,12.5,stable
2026-01-06 12:00:00,12,0.93,109.0,188.3,82.3,59.73,56.0,395.3,27.7,unstable
2026-01-06 13:00:00,13,0.99,86.4,167.4,66.8,59.86,11.2,303.9,11.3,stable
2026-01-06 14:00:00,14,0.96,104.8,190.7,81.9,59.89,31.3,358.6,17.8,stable
2026-01-06 15:00:00,15,0.85,114.7,183.9,72.3,59.87,52.0,375.4,32.3,unstable
2026-01-06 16:00:00,16,0.92,84.7,164.6,61.4,59.81,91.1,347.8,24.7,unstable
2026-01-06 17:00:00,17,0.92,131.3,230.1,100.5,59.8,63.0,452.5,32.6,unstable
2026-01-06 18:00:00,18,1.01,76.2,163.1,67.1,59.99,16.6,306.6,11.5,stable
2026-01-06 19:00:00,19,0.85,117.2,199.0,70.9,59.74,60.7,379.7,21.8,unstable
2026-01-06 20:00:00,20,0.94,99.0,182.8,72.8,59.78,37.6,343.2,20.0,unstable
2026-01-06 21:00:00,21,0.93,124.6,216.9,81.2,59.92,39.2,406.6,25.7,unstable
2026-01-06 22:00:00,22,0.9,118.5,207.7,83.4,59.86,67.8,383.3,19.1,unstable
2026-01-06 23:00:00,23,0.84,94.4,162.9,70.1,59.73,44.3,307.3,26.9,unstable
2026-01-07 00:00:00,0,0.85,118.8,188.1,76.0,59.86,38.7,358.3,32.1,unstable
2026-01-07 01:00:00,1,0.99,54.1,113.6,46.0,60.0,50.7,271.2,12.2,stable
2026-01-07 02:00:00,2,0.92,120.8,213.5,78.1,59.84,41.5,396.7,19.8,unstable
2026-01-07 03:00:00,3,0.96,77.4,148.8,60.4,59.79,80.4,345.6,28.2,unstable
2026-01-07 04:00:00,4,0.96,114.4,206.5,72.9,59.94,48.0,360.2,28.5,unstable
2026-01-07 05:00:00,5,0.95,121.7,226.2,101.5,59.88,60.4,410.1,23.8,unstable
2026-01-07 06:00:00,6,0.97,83.8,173.2,67.9,59.92,34.3,309.3,24.1,stable
2026-01-07 07:00:00,7,1.01,76.0,145.6,61.4,59.87,41.6,314.0,22.0,stable
2026-01-07 08:00:00,8,0.87,77.3,128.8,56.3,59.94,84.0,311.3,25.9,unstable
2026-01-07 09:00:00,9,0.95,40.6,74.2,30.8,59.95,29.6,170.8,25.5,stable
2026-01-07 10:00:00,10,0.92,62.9,110.2,44.3,60.03,21.8,213.1,12.1,stable
2026-01-07 11:00:00,11,0.96,75.5,137.3,48.6,59.88,45.3,288.0,13.5,stable
2026-01-07 12:00:00,12,0.96,90.0,165.6,59.8,60.01,39.3,298.1,24.0,stable
2026-01-07 13:00:00,13,0.9,66.1,127.3,48.6,59.93,43.7,265.0,25.3,unstable
2026-01-07 14:00:00,14,0.85,139.2,242.9,106.1,59.95,37.3,429.0,32.3,unstable
2026-01-07 15:00:00,15,0.96,38.8,77.0,28.5,59.97,11.5,170.7,15.6,stable
2026-01-07 16:00:00,16,0.92,62.2,117.2,50.9,59.97,53.4,288.7,13.7,stable
2026-01-07 17:00:00,17,0.96,94.9,194.9,81.7,59.96,38.5,369.0,11.5,stable
2026-01-07 18:00:00,18,0.92,114.4,226.5,80.4,59.8,42.9,418.6,28.2,unstable
2026-01-07 19:00:00,19,0.95,107.8,201.5,77.1,59.9,77.6,409.6,31.3,unstable
2026-01-07 20:00:00,20,1.0,61.5,123.5,43.3,60.0,50.9,253.9,12.8,stable
2026-01-07 21:00:00,21,0.89,93.7,163.0,60.7,59.88,61.7,309.0,22.3,unstable
2026-01-07 22:00:00,22,0.99,63.7,125.9,50.1,59.96,29.0,226.2,24.0,stable
2026-01-07 23:00:00,23,0.88,108.8,200.2,86.3,59.81,66.3,408.7,27.5,unstable
2026-01-08 00:00:00,0,0.91,28.6,49.9,22.1,59.87,42.4,137.3,24.5,stable
2026-01-08 01:00:00,1,0.95,65.4,120.3,51.8,59.85,22.8,241.9,15.3,stable
2026-01-08 02:00:00,2,0.91,84.5,147.2,61.5,59.88,59.7,297.6,20.7,unstable
2026-01-08 03:00:00,3,0.99,71.7,141.6,61.0,59.85,22.8,272.9,25.4,stable
2026-01-08 04:00:00,4,0.92,110.5,194.5,72.2,59.94,82.1,399.3,31.4,unstable
2026-01-08 05:00:00,5,0.94,90.9,165.9,71.7,59.93,50.0,328.8,29.9,unstable
2026-01-08 06:00:00,6,0.92,62.8,119.2,52.0,59.96,39.3,241.3,13.5,stable
2026-01-08 07:00:00,7,0.84,111.0,182.9,74.9,59.86,67.1,369.8,22.2,unstable
2026-01-08 08:00:00,8,0.92,59.1,112.1,50.4,59.98,31.4,220.3,21.8,stable
2026-01-08 09:00:00,9,0.93,84.7,166.6,61.5,59.85,41.4,305.7,20.2,unstable
2026-01-08 10:00:00,10,0.88,104.0,176.0,71.1,59.73,40.7,351.8,30.2,unstable
2026-01-08 11:00:00,11,0.97,53.6,106.5,43.2,59.9,43.5,249.7,25.9,stable
2026-01-08 12:00:00,12,0.84,138.7,223.2,90.1,59.84,46.6,384.8,28.7,unstable
2026-01-08 13:00:00,13,0.93,115.5,207.1,80.7,59.79,80.7,396.2,32.0,unstable
2026-01-08 14:00:00,14,1.02,92.8,177.1,75.3,59.94,36.0,314.8,20.4,stable
2026-01-08 15:00:00,15,1.0,30.8,60.2,21.6,59.98,25.2,173.8,14.9,stable
2026-01-08 16:00:00,16,0.94,62.4,125.0,50.0,59.91,40.0,284.6,18.7,stable
2026-01-08 17:00:00,17,0.93,37.0,72.6,31.7,60.03,50.9,215.5,16.7,stable
2026-01-08 18:00:00,18,0.94,59.0,108.6,48.6,59.85,18.7,227.9,21.4,stable
2026-01-08 19:00:00,19,0.92,99.1,189.7,69.7,60.01,34.4,338.9,20.1,stable
2026-01-08 20:00:00,20,0.85,68.4,124.9,50.6,59.8,38.4,282.2,20.9,unstable
2026-01-08 21:00:00,21,0.88,97.7,163.8,67.5,59.83,42.8,326.6,28.0,unstable
2026-01-08 22:00:00,22,0.84,99.3,156.3,65.6,59.9,40.2,331.3,32.9,unstable
2026-01-08 23:00:00,23,0.85,87.0,138.7,55.6,59.74,42.6,306.7,28.7,unstable
2026-01-09 00:00:00,0,0.98,76.0,140.6,61.7,59.89,36.4,281.1,17.4,stable
2026-01-09 01:00:00,1,0.88,128.4,210.0,82.3,59.81,77.3,413.7,29.8,unstable
2026-01-09 02:00:00,2,0.87,73.8,118.9,44.5,59.89,66.4,298.6,22.0,unstable
2026-01-09 03:00:00,3,1.02,36.4,78.2,28.1,59.93,37.4,188.2,17.8,stable
2026-01-09 04:00:00,4,0.88,100.6,175.4,75.2,59.89,57.7,372.9,24.5,unstable
2026-01-09 05:00:00,5,1.0,81.0,170.2,60.2,59.9,31.9,327.3,14.8,stable
2026-01-09 06:00:00,6,0.92,133.7,229.5,92.2,59.87,72.0,421.2,27.6,unstable
2026-01-09 07:00:00,7,0.97,31.2,56.5,20.2,59.97,14.2,111.5,21.7,stable
2026-01-09 08:00:00,8,0.99,50.8,103.5,38.1,59.9,27.5,197.8,22.6,stable
2026-01-09 09:00:00,9,0.92,83.9,165.4,62.8,59.89,38.2,324.8,20.2,unstable
2026-01-09 10:00:00,10,0.95,37.3,72.6,29.2,59.87,40.8,164.6,22.6,stable
2026-01-09 11:00:00,11,1.0,103.5,214.8,92.6,59.89,40.1,400.3,19.7,stable
2026-01-09 12:00:00,12,0.88,80.7,140.7,57.9,59.93,57.5,323.1,25.0,unstable
2026-01-09 13:00:00,13,0.85,133.1,237.2,103.4,59.76,72.5,475.4,23.0,unstable
2026-01-09 14:00:00,14,0.94,63.5,123.6,51.4,59.99,52.1,256.0,21.9,stable
2026-01-09 15:00:00,15,1.02,31.3,66.3,28.6,60.03,18.2,143.8,13.0,stable
2026-01-09 16:00:00,16,1.01,69.8,136.1,55.3,59.98,39.5,285.3,18.6,stable
2026-01-09 17:00:00,17,0.98,40.3,76.1,32.2,59.99,33.1,211.0,11.1,stable
2026-01-09 18:00:00,18,0.89,79.1,142.8,52.7,59.9,67.5,300.8,29.3,unstable
2026-01-09 19:00:00,19,0.97,86.6,160.7,71.7,59.83,11.8,282.6,22.2,stable
2026-01-09 20:00:00,20,0.85,132.3,224.2,94.7,59.78,91.8,475.0,24.2,unstable
2026-01-09 21:00:00,21,0.95,81.6,151.9,65.2,59.92,10.2,252.0,20.3,stable
2026-01-09 22:00:00,22,0.96,33.0,64.1,26.3,59.96,39.0,183.2,19.4,stable
2026-01-09 23:00:00,23,0.94,66.4,121.3,52.0,60.0,13.9,242.5,11.9,stable
2026-01-10 00:00:00,0,0.97,39.4,71.4,26.6,59.92,26.4,174.3,17.5,stable
2026-01-10 01:00:00,1,1.02,77.5,165.6,59.9,60.03,31.1,297.1,20.5,stable
2026-01-10 02:00:00,2,0.95,73.3,135.9,47.9,59.95,19.2,224.2,16.4,stable
2026-01-10 03:00:00,3,0.94,51.0,94.6,41.4,59.94,57.0,255.2,14.9,stable
2026-01-10 04:00:00,4,0.94,101.2,196.5,78.5,59.82,44.3,361.3,20.1,unstable
2026-01-10 05:00:00,5,1.0,75.0,153.0,68.2,59.86,16.8,261.4,22.3,stable
2026-01-10 06:00:00,6,0.87,82.5,138.9,59.2,59.77,86.8,327.4,22.5,unstable
2026-01-10 07:00:00,7,0.91,30.6,52.8,21.3,59.93,13.1,127.8,24.6,stable
2026-01-10 08:00:00,8,0.95,115.4,234.2,83.2,59.72,90.0,448.3,26.8,unstable
2026-01-10 09:00:00,9,0.93,83.3,156.4,62.0,59.95,73.0,360.0,21.8,unstable
2026-01-10 10:00:00,10,0.95,39.6,79.0,32.1,59.85,21.3,178.6,14.8,stable
2026-01-10 11:00:00,11,0.95,68.3,121.3,48.0,59.88,75.9,289.5,26.6,unstable
2026-01-10 12:00:00,12,0.96,115.9,227.0,91.8,59.91,62.4,404.4,24.8,unstable
2026-01-10 13:00:00,13,1.0,32.0,61.8,22.6,59.93,49.3,170.3,14.0,stable
2026-01-10 14:00:00,14,0.97,95.6,177.7,70.2,59.87,54.0,371.1,24.1,stable
2026-01-10 15:00:00,15,0.91,63.7,115.7,41.7,59.84,55.5,265.7,19.1,stable
2026-01-10 16:00:00,16,0.95,102.3,188.2,80.8,59.99,20.2,338.1,18.8,stable
2026-01-10 17:00:00,17,1.0,98.5,202.9,87.1,59.91,36.7,362.4,13.4,stable
2026-01-10 18:00:00,18,1.01,103.7,200.4,88.0,59.89,17.0,358.1,14.0,stable
2026-01-10 19:00:00,19,0.89,69.6,124.3,55.5,59.86,85.5,306.2,30.3,unstable
2026-01-10 20:00:00,20,0.99,40.8,76.3,26.8,59.96,54.1,205.2,17.4,stable
2026-01-10 21:00:00,21,0.99,34.1,71.3,30.8,60.02,46.6,195.7,13.8,stable
2026-01-10 22:00:00,22,0.94,91.3,171.9,74.4,59.93,33.0,316.1,16.4,stable
2026-01-10 23:00:00,23,0.93,71.0,128.6,50.8,59.91,50.2,287.1,21.0,unstable
2026-01-11 00:00:00,0,0.98,92.8,185.4,67.2,59.9,33.6,340.1,25.7,stable
2026-01-11 01:00:00,1,0.92,76.8,149.2,56.4,59.73,84.1,341.8,22.2,unstable
2026-01-11 02:00:00,2,0.97,44.4,87.7,38.9,59.89,11.7,201.9,15.6,stable
2026-01-11 03:00:00,3,1.0,48.0,96.9,35.0,59.97,55.4,229.6,21.1,stable
2026-01-11 04:00:00,4,0.95,93.1,174.3,61.7,59.84,90.7,383.7,20.6,unstable
2026-01-11 05:00:00,5,0.94,50.5,99.1,34.9,60.01,55.5,257.7,22.3,stable
2026-01-11 06:00:00,6,0.94,49.7,96.4,39.0,60.0,53.6,213.8,12.7,stable
2026-01-11 07:00:00,7,0.84,86.8,140.9,59.8,59.82,69.9,293.0,23.2,unstable
2026-01-11 08:00:00,8,1.01,73.7,139.1,52.0,59.97,54.6,305.4,13.8,stable
2026-01-11 09:00:00,9,0.91,130.6,249.7,102.4,59.95,65.7,443.5,19.9,unstable
2026-01-11 10:00:00,10,0.95,128.5,245.7,96.6,59.87,85.3,463.4,27.0,unstable
2026-01-11 11:00:00,11,0.94,133.5,254.7,104.2,59.85,61.4,475.5,27.5,unstable
2026-01-11 12:00:00,12,0.9,93.4,179.8,73.7,59.74,63.8,374.5,28.1,unstable
2026-01-11 13:00:00,13,0.98,47.6,87.0,31.7,59.84,28.1,180.6,18.1,stable
2026-01-11 14:00:00,14,0.94,43.1,77.9,31.3,59.93,40.5,169.9,15.2,stable
2026-01-11 15:00:00,15,0.86,71.5,124.9,50.1,59.72,55.6,265.3,30.2,unstable
2026-01-11 16:00:00,16,0.95,75.5,144.0,63.0,59.85,15.7,267.4,16.2,stable
2026-01-11 17:00:00,17,1.02,49.2,99.3,43.8,59.86,29.7,228.6,17.3,stable
2026-01-11 18:00:00,18,0.94,101.5,195.2,69.3,60.0,51.1,348.5,11.0,stable
2026-01-11 19:00:00,19,0.91,72.0,129.0,46.7,59.87,58.1,274.8,25.4,unstable
2026-01-11 20:00:00,20,0.91,55.3,103.8,40.1,59.85,57.1,250.6,21.0,stable
2026-01-11 21:00:00,21,0.92,111.4,192.8,84.9,59.93,85.1,386.1,29.1,unstable
2026-01-11 22:00:00,22,0.92,60.5,112.9,40.0,59.83,24.8,203.7,18.3,stable
2026-01-11 23:00:00,23,0.95,78.2,146.5,61.1,59.98,52.3,293.7,21.4,stable
2026-01-12 00:00:00,0,0.94,126.1,251.2,98.7,59.82,82.2,468.1,31.0,unstable
2026-01-12 01:00:00,1,0.95,82.3,148.5,58.4,59.96,44.4,278.5,16.6,stable
2026-01-12 02:00:00,2,0.95,30.0,55.4,19.8,59.86,42.3,157.9,20.6,stable
2026-01-12 03:00:00,3,0.92,91.8,168.3,70.5,59.86,49.0,314.8,32.8,unstable
2026-01-12 04:00:00,4,0.84,139.2,217.0,84.4,59.83,58.1,387.5,19.5,unstable
2026-01-12 05:00:00,5,0.93,85.9,171.2,65.3,59.82,86.5,387.4,20.6,unstable
2026-01-12 06:00:00,6,1.0,50.2,99.1,38.1,60.04,58.1,242.3,16.8,stable
2026-01-12 07:00:00,7,0.91,123.2,216.8,81.5,59.84,82.9,410.9,25.2,unstable
2026-01-12 08:00:00,8,0.88,139.3,248.1,90.3,59.77,67.7,448.2,23.9,unstable
2026-01-12 09:00:00,9,0.96,104.5,203.6,83.9,59.91,54.0,371.5,20.4,stable
2026-01-12 10:00:00,10,0.84,105.9,188.9,79.7,59.82,49.5,364.8,32.5,unstable
2026-01-12 11:00:00,11,0.92,37.6,73.2,32.5,60.0,49.7,182.8,15.1,stable
2026-01-12 12:00:00,12,0.96,131.2,244.5,90.5,59.83,69.4,462.5,24.3,unstable
2026-01-12 13:00:00,13,0.9,108.6,193.1,83.6,59.83,84.6,419.5,32.7,unstable
2026-01-12 14:00:00,14,1.02,36.4,78.1,34.3,59.87,52.7,188.3,17.6,stable
2026-01-12 15:00:00,15,0.96,76.2,145.7,61.0,59.94,56.3,319.2,11.3,stable
2026-01-12 16:00:00,16,0.92,55.6,98.0,43.7,59.89,50.2,212.4,15.2,stable
2026-01-12 17:00:00,17,0.99,50.7,105.0,44.5,60.0,10.7,187.4,22.1,stable
2026-01-12 18:00:00,18,1.0,87.0,162.8,64.9,59.97,52.3,303.9,20.2,stable
2026-01-12 19:00:00,19,0.89,90.6,171.6,61.3,59.73,43.1,343.8,30.3,unstable
2026-01-12 20:00:00,20,0.94,66.5,116.8,41.7,59.85,49.7,248.4,21.6,stable
2026-01-12 21:00:00,21,0.87,126.5,232.2,88.7,59.78,88.1,452.8,24.7,unstable
2026-01-12 22:00:00,22,0.92,110.7,191.8,84.2,59.94,56.7,377.8,28.1,unstable
2026-01-12 23:00:00,23,0.91,68.7,129.2,55.8,59.86,74.5,319.7,22.4,unstable
2026-01-13 00:00:00,0,0.97,87.7,164.2,59.7,59.86,23.6,298.9,18.5,stable
2026-01-13 01:00:00,1,0.93,63.0,113.5,47.8,59.79,65.1,249.6,19.7,unstable
2026-01-13 02:00:00,2,0.91,85.0,150.8,56.9,59.88,25.8,295.6,12.5,stable
2026-01-13 03:00:00,3,0.94,97.3,195.1,70.0,59.92,87.0,406.5,24.3,unstable
2026-01-13 04:00:00,4,0.89,118.6,216.7,90.3,59.86,37.2,412.6,21.3,unstable
2026-01-13 05:00:00,5,1.02,51.0,106.1,37.6,59.98,15.3,197.0,22.7,stable
2026-01-13 06:00:00,6,0.97,63.2,119.7,42.5,59.92,20.4,241.0,16.5,stable
2026-01-13 07:00:00,7,0.94,79.7,158.8,59.0,59.91,73.2,344.8,25.6,unstable
2026-01-13 08:00:00,8,0.94,78.2,150.2,58.5,59.86,46.9,311.3,15.7,stable
2026-01-13 09:00:00,9,0.95,92.1,175.5,66.1,59.78,40.2,343.5,20.6,unstable
2026-01-13 10:00:00,10,0.88,64.5,114.0,44.5,59.79,43.8,248.9,24.8,unstable
2026-01-13 11:00:00,11,0.91,102.2,180.0,76.9,59.93,36.0,351.5,21.2,stable
2026-01-13 12:00:00,12,1.02,29.3,56.5,21.3,59.86,48.5,147.2,23.1,stable
2026-01-13 13:00:00,13,0.94,90.5,164.2,68.1,59.83,57.4,358.5,19.0,unstable
2026-01-13 14:00:00,14,0.91,88.3,157.9,60.0,60.02,49.0,290.2,17.9,stable
2026-01-13 15:00:00,15,0.87,122.0,226.2,100.5,59.83,63.1,449.0,19.8,unstable
2026-01-13 16:00:00,16,0.97,33.8,62.6,22.8,60.03,28.3,164.9,14.4,stable
2026-01-13 17:00:00,17,0.97,90.5,180.9,68.0,59.86,41.8,328.0,16.8,stable
2026-01-13 18:00:00,18,0.94,96.5,171.9,60.3,59.93,45.4,329.1,11.9,stable
2026-01-13 19:00:00,19,0.85,104.8,183.6,65.6,59.94,50.3,333.3,26.0,unstable
2026-01-13 20:00:00,20,0.96,61.3,116.8,43.3,59.94,12.2,194.8,13.5,stable
2026-01-13 21:00:00,21,1.02,93.7,183.0,81.5,60.0,22.1,356.3,25.4,stable
2026-01-13 22:00:00,22,1.02,48.0,91.9,37.9,59.95,31.8,230.6,19.9,stable
2026-01-13 23:00:00,23,0.94,137.6,276.5,117.7,59.93,89.8,512.2,26.3,unstable
2026-01-14 00:00:00,0,0.93,113.6,213.0,91.0,59.77,73.7,422.6,21.3,unstable
2026-01-14 01:00:00,1,0.84,136.2,218.2,83.4,59.8,49.6,413.6,27.9,unstable
2026-01-14 02:00:00,2,0.92,30.2,52.3,19.8,59.92,34.0,146.0,20.9,stable
2026-01-14 03:00:00,3,1.02,86.6,184.2,81.4,59.84,28.6,361.6,16.9,stable
2026-01-14 04:00:00,4,0.95,47.3,91.8,34.3,60.0,38.2,194.0,16.4,stable
2026-01-14 05:00:00,5,0.92,45.0,78.5,34.3,59.94,11.9,158.9,11.5,stable
2026-01-14 06:00:00,6,0.97,72.7,137.0,52.8,59.92,35.8,290.4,22.4,stable
2026-01-14 07:00:00,7,1.01,88.1,170.4,69.7,59.92,33.8,303.3,18.5,stable
2026-01-14 08:00:00,8,0.95,68.6,130.0,50.8,59.76,40.8,282.1,32.2,unstable
2026-01-14 09:00:00,9,0.94,87.4,174.4,70.5,59.98,42.7,321.7,13.3,stable
2026-01-14 10:00:00,10,0.84,123.5,208.1,74.0,59.74,37.0,387.7,24.8,unstable
2026-01-14 11:00:00,11,0.87,81.2,152.0,56.6,59.78,37.1,298.8,29.2,unstable
2026-01-14 12:00:00,12,1.01,51.3,108.3,39.9,59.92,26.3,212.9,21.7,stable
2026-01-14 13:00:00,13,1.0,86.1,176.6,63.2,60.04,29.7,316.7,19.9,stable
2026-01-14 14:00:00,14,0.93,73.0,130.2,53.4,59.99,57.6,276.1,11.6,stable
2026-01-14 15:00:00,15,1.0,67.6,143.3,62.0,59.85,35.4,295.7,16.5,stable
2026-01-14 16:00:00,16,0.96,81.5,151.2,65.1,60.02,46.4,292.5,23.9,stable
2026-01-14 17:00:00,17,0.88,130.7,231.8,103.1,59.94,75.6,455.2,29.2,unstable
2026-01-14 18:00:00,18,0.86,121.0,217.8,76.5,59.9,58.1,407.6,19.4,unstable
2026-01-14 19:00:00,19,0.96,82.3,168.6,59.9,59.88,50.9,324.6,19.2,stable
2026-01-14 20:00:00,20,1.01,89.6,170.7,74.5,59.87,37.6,310.8,16.9,stable
2026-01-14 21:00:00,21,0.87,116.1,206.5,84.1,59.92,80.8,433.1,22.5,unstable
2026-01-14 22:00:00,22,0.91,32.0,56.3,21.7,59.97,37.4,166.5,15.3,stable
2026-01-14 23:00:00,23,0.93,68.4,126.0,52.7,59.81,80.1,295.4,23.0,unstable
2026-01-15 00:00:00,0,0.88,113.7,191.9,75.2,59.94,73.9,398.5,27.9,unstable
2026-01-15 01:00:00,1,0.87,97.1,169.7,62.4,59.78,90.9,391.6,19.9,unstable
2026-01-15 02:00:00,2,0.89,118.7,207.4,78.1,59.89,60.3,376.0,23.9,unstable
2026-01-15 03:00:00,3,0.87,114.9,187.2,66.9,59.78,90.3,412.0,27.5,unstable
2026-01-15 04:00:00,4,0.85,112.3,176.3,78.7,59.85,72.7,360.3,22.7,unstable
2026-01-15 05:00:00,5,0.99,52.1,108.8,48.4,59.96,23.6,206.0,20.0,stable
2026-01-15 06:00:00,6,0.96,132.8,262.0,109.5,59.89,48.1,460.1,27.2,unstable
2026-01-15 07:00:00,7,0.91,98.6,188.7,69.6,59.77,89.7,401.6,24.6,unstable
2026-01-15 08:00:00,8,0.92,61.4,119.6,47.1,59.83,14.6,214.2,22.2,stable
2026-01-15 09:00:00,9,0.93,109.6,195.7,82.5,59.71,70.7,373.5,27.9,unstable
2026-01-15 10:00:00,10,0.95,64.1,117.5,44.0,59.89,50.7,235.3,22.0,unstable
2026-01-15 11:00:00,11,0.93,116.2,227.1,97.8,59.86,41.5,427.5,32.3,unstable
2026-01-15 12:00:00,12,0.97,75.5,147.0,52.4,59.87,47.1,285.1,22.1,stable
2026-01-15 13:00:00,13,0.98,48.7,97.4,41.7,59.94,28.4,210.2,24.4,stable
2026-01-15 14:00:00,14,0.93,60.9,121.4,43.3,59.98,32.1,258.0,20.7,stable
2026-01-15 15:00:00,15,0.89,86.8,154.7,68.5,59.72,64.6,313.2,19.8,unstable
2026-01-15 16:00:00,16,0.95,48.0,85.8,31.6,59.97,18.0,188.6,13.4,stable
2026-01-15 17:00:00,17,1.0,36.5,70.5,28.3,59.97,24.5,170.0,15.6,stable
2026-01-15 18:00:00,18,0.88,125.4,235.9,90.3,59.91,53.9,417.8,31.8,unstable
2026-01-15 19:00:00,19,1.02,35.9,73.1,27.0,60.01,29.6,192.7,19.3,stable
2026-01-15 20:00:00,20,1.01,85.6,163.4,68.2,60.01,32.0,292.6,20.2,stable
2026-01-15 21:00:00,21,0.93,40.7,78.6,31.6,59.85,10.1,148.3,21.8,stable
2026-01-15 22:00:00,22,0.84,133.4,210.2,78.2,59.75,50.3,384.7,24.0,unstable
2026-01-15 23:00:00,23,0.93,58.1,116.1,47.8,59.84,21.7,233.4,14.3,stable
2026-01-16 00:00:00,0,0.89,118.0,210.3,82.3,59.84,75.6,431.7,21.4,unstable
2026-01-16 01:00:00,1,0.97,74.6,136.9,57.4,59.85,15.9,240.4,16.1,stable
2026-01-16 02:00:00,2,0.95,103.1,204.8,73.1,59.76,60.1,381.7,19.3,unstable
2026-01-16 03:00:00,3,0.98,47.5,93.6,40.6,59.97,10.5,205.8,21.9,stable
2026-01-16 04:00:00,4,0.96,88.9,180.5,79.1,59.9,32.6,335.5,13.8,stable
2026-01-16 05:00:00,5,0.89,134.2,251.2,97.7,59.9,48.2,444.1,19.9,unstable
2026-01-16 06:00:00,6,0.91,33.7,60.9,27.4,59.97,28.8,165.1,23.1,stable
2026-01-16 07:00:00,7,0.86,92.4,158.8,67.1,59.79,40.8,319.5,24.2,unstable
2026-01-16 08:00:00,8,0.91,78.9,149.6,63.9,59.88,34.2,295.1,11.1,stable
2026-01-16 09:00:00,9,0.93,124.8,233.9,85.1,59.85,78.3,450.9,30.2,unstable
2026-01-16 10:00:00,10,0.99,43.0,90.8,38.6,59.87,54.5,233.8,22.2,stable
2026-01-16 11:00:00,11,1.01,76.7,160.2,60.4,59.95,17.8,268.6,18.1,stable
2026-01-16 12:00:00,12,0.87,96.6,159.5,57.0,59.76,86.9,358.3,26.1,unstable
2026-01-16 13:00:00,13,0.94,125.9,228.8,101.6,59.87,52.0,434.1,28.7,unstable
2026-01-16 14:00:00,14,0.87,117.9,197.9,82.4,59.76,49.0,390.0,27.3,unstable
2026-01-16 15:00:00,15,1.0,34.8,68.7,24.2,59.87,44.9,170.8,16.5,stable
2026-01-16 16:00:00,16,0.95,107.0,197.8,87.0,59.77,39.1,388.4,28.3,unstable
2026-01-16 17:00:00,17,0.95,128.2,246.9,88.1,59.95,83.5,443.3,22.5,unstable
2026-01-16 18:00:00,18,0.94,90.1,163.6,57.9,59.99,52.9,314.9,26.0,stable
2026-01-16 19:00:00,19,0.84,124.9,214.2,79.9,59.8,68.1,383.0,23.4,unstable
2026-01-16 20:00:00,20,0.98,31.0,61.3,25.3,59.99,51.9,201.7,20.3,stable
2026-01-16 21:00:00,21,0.97,86.3,165.4,61.7,60.04,32.1,309.0,21.6,stable
2026-01-16 22:00:00,22,1.02,68.6,149.6,62.1,59.9,20.6,292.5,25.9,stable
2026-01-16 23:00:00,23,0.98,63.0,120.7,53.6,59.84,43.7,246.4,21.2,stable
2026-01-17 00:00:00,0,0.99,77.9,157.1,64.4,59.98,23.8,274.3,13.3,stable
2026-01-17 01:00:00,1,0.96,92.5,184.9,76.0,59.97,18.5,334.4,11.3,stable
2026-01-17 02:00:00,2,1.0,69.3,131.5,53.6,60.03,34.4,253.3,17.0,stable
2026-01-17 03:00:00,3,0.97,55.3,106.6,38.2,59.95,12.6,207.8,11.5,stable
2026-01-17 04:00:00,4,1.01,44.3,85.4,36.2,59.97,53.1,209.1,24.3,stable
2026-01-17 05:00:00,5,1.02,97.1,197.9,86.1,59.84,41.1,348.2,25.6,stable
2026-01-17 06:00:00,6,0.84,127.5,201.8,78.4,59.94,83.9,387.7,32.1,unstable
2026-01-17 07:00:00,7,0.86,84.2,138.0,61.7,59.82,42.6,300.2,21.3,unstable
2026-01-17 08:00:00,8,0.96,89.5,164.5,59.7,59.89,26.3,283.3,15.5,stable
2026-01-17 09:00:00,9,0.92,79.6,143.5,62.6,59.73,81.5,315.3,21.1,unstable
2026-01-17 10:00:00,10,0.9,107.5,195.4,78.3,59.78,81.2,382.1,20.9,unstable
2026-01-17 11:00:00,11,0.94,34.3,67.5,24.0,59.93,33.0,165.4,15.6,stable
2026-01-17 12:00:00,12,0.93,115.7,209.0,84.4,59.85,79.7,435.2,31.1,unstable
2026-01-17 13:00:00,13,1.01,43.0,87.0,34.6,59.91,34.5,218.0,22.1,stable
2026-01-17 14:00:00,14,0.95,88.9,158.9,58.8,59.81,62.0,347.2,29.7,unstable
2026-01-17 15:00:00,15,0.91,101.7,186.3,72.1,59.85,72.5,383.9,22.2,unstable
2026-01-17 16:00:00,16,0.91,85.0,162.1,61.4,59.75,49.0,338.9,21.6,unstable
2026-01-17 17:00:00,17,0.97,56.8,103.8,42.1,59.86,49.9,258.1,16.5,stable
2026-01-17 18:00:00,18,0.93,45.0,80.2,30.2,59.97,20.9,151.3,24.1,stable
2026-01-17 19:00:00,19,1.0,85.8,167.7,60.3,59.96,17.6,289.9,17.9,stable
2026-01-17 20:00:00,20,0.91,44.0,79.6,31.6,59.89,21.9,191.2,24.6,stable
2026-01-17 21:00:00,21,0.9,110.2,194.9,84.3,59.81,92.0,399.7,29.8,unstable
2026-01-17 22:00:00,22,0.86,103.3,178.3,71.4,59.79,70.8,343.0,31.7,unstable
2026-01-17 23:00:00,23,0.91,129.3,232.7,87.0,59.82,45.8,387.9,19.3,unstable
2026-01-18 00:00:00,0,0.92,49.6,95.3,37.1,59.96,18.7,208.6,16.7,stable
2026-01-18 01:00:00,1,0.94,116.5,214.3,76.4,59.77,68.1,379.8,32.0,unstable
2026-01-18 02:00:00,2,0.97,46.1,95.3,39.7,59.99,27.3,229.0,11.5,stable
2026-01-18 03:00:00,3,0.91,88.1,170.4,72.2,59.87,83.6,360.2,32.3,unstable
2026-01-18 04:00:00,4,0.96,119.6,246.5,94.0,59.71,75.8,453.3,27.7,unstable
2026-01-18 05:00:00,5,0.89,90.1,153.3,59.4,59.77,82.9,362.0,32.1,unstable
2026-01-18 06:00:00,6,0.85,110.0,184.9,74.0,59.75,45.3,336.5,32.6,unstable
2026-01-18 07:00:00,7,0.92,122.6,236.5,100.7,59.89,68.8,428.8,31.7,unstable
2026-01-18 08:00:00,8,0.86,95.5,174.5,76.9,59.87,59.1,346.3,31.4,unstable
2026-01-18 09:00:00,9,0.94,42.2,83.1,30.1,59.87,27.1,197.0,17.4,stable
2026-01-18 10:00:00,10,0.94,51.1,91.2,33.0,59.93,39.8,211.3,17.5,stable
2026-01-18 11:00:00,11,0.95,78.7,150.5,62.5,59.98,56.6,334.5,23.3,stable
2026-01-18 12:00:00,12,0.88,128.3,227.8,90.3,59.71,81.1,425.0,20.5,unstable
2026-01-18 13:00:00,13,0.93,73.8,140.7,56.7,59.84,46.9,269.5,11.5,stable
2026-01-18 14:00:00,14,0.91,137.1,240.3,107.4,59.78,82.0,471.3,32.8,unstable
2026-01-18 15:00:00,15,0.84,117.7,201.4,75.6,59.72,62.2,388.1,22.2,unstable
2026-01-18 16:00:00,16,0.94,100.7,198.5,76.0,59.91,56.3,361.2,24.1,unstable
2026-01-18 17:00:00,17,0.9,129.4,242.6,104.9,59.83,49.2,435.9,24.3,unstable
2026-01-18 18:00:00,18,0.87,72.4,127.2,44.9,59.93,88.4,304.2,28.6,unstable
2026-01-18 19:00:00,19,0.86,139.7,223.7,87.6,59.87,67.9,405.1,29.0,unstable
2026-01-18 20:00:00,20,1.02,33.9,68.0,29.5,59.97,27.7,186.0,19.3,stable
2026-01-18 21:00:00,21,0.95,36.2,70.5,29.3,59.88,27.7,151.0,17.2,stable
2026-01-18 22:00:00,22,0.86,128.4,209.5,91.7,59.75,39.3,388.3,24.9,unstable
2026-01-18 23:00:00,23,0.9,138.7,266.0,117.5,59.89,49.1,484.4,31.4,unstable
2026-01-19 00:00:00,0,0.95,68.9,136.0,58.8,59.99,43.9,265.9,17.4,stable
2026-01-19 01:00:00,1,0.97,61.2,114.3,49.7,60.01,29.0,237.1,24.7,stable
2026-01-19 02:00:00,2,0.94,53.0,92.5,41.4,59.95,12.0,214.2,15.1,stable
2026-01-19 03:00:00,3,0.93,116.0,212.5,91.0,59.79,81.3,418.1,32.3,unstable
2026-01-19 04:00:00,4,0.91,78.8,152.5,56.1,59.96,44.4,304.2,12.8,stable
2026-01-19 05:00:00,5,0.87,96.0,165.9,70.6,59.84,45.8,347.2,21.4,unstable
2026-01-19 06:00:00,6,0.89,64.3,108.2,40.4,59.73,73.4,243.2,27.4,unstable
2026-01-19 07:00:00,7,1.02,45.8,92.5,32.9,59.86,53.4,200.8,24.9,stable
2026-01-19 08:00:00,8,0.95,72.9,134.8,47.7,59.84,10.6,242.5,22.8,stable
2026-01-19 09:00:00,9,0.96,84.7,172.9,67.0,59.84,76.0,363.4,22.8,unstable
2026-01-19 10:00:00,10,0.89,126.6,236.3,104.7,59.91,49.3,415.0,22.2,unstable
2026-01-19 11:00:00,11,0.88,69.6,114.1,45.6,59.92,48.6,250.4,29.5,unstable
2026-01-19 12:00:00,12,0.89,75.7,139.5,51.0,59.84,68.5,286.4,30.3,unstable
2026-01-19 13:00:00,13,0.88,116.7,202.5,85.0,59.81,40.1,357.3,19.5,unstable
2026-01-19 14:00:00,14,0.94,97.0,179.1,67.0,60.02,24.9,324.6,14.4,stable
2026-01-19 15:00:00,15,0.99,58.6,113.1,47.2,60.0,17.8,211.6,22.1,stable
2026-01-19 16:00:00,16,0.96,141.1,278.5,113.6,59.75,90.8,546.2,30.1,unstable
2026-01-19 17:00:00,17,0.9,95.5,172.7,75.1,59.86,60.5,338.4,23.6,unstable
2026-01-19 18:00:00,18,0.99,70.8,146.6,51.9,60.0,49.0,312.0,11.2,stable
2026-01-19 19:00:00,19,0.94,86.9,153.7,55.7,59.87,22.7,301.1,24.0,stable
2026-01-19 20:00:00,20,1.01,80.1,165.7,67.5,59.9,39.7,314.3,20.0,stable
2026-01-19 21:00:00,21,0.93,117.7,228.2,84.9,59.76,49.8,385.9,27.8,unstable
2026-01-19 22:00:00,22,0.91,66.6,121.2,53.7,59.91,77.4,288.9,23.8,unstable
2026-01-19 23:00:00,23,0.84,83.4,138.1,55.9,59.73,38.5,261.2,27.8,unstable
2026-01-20 00:00:00,0,0.92,67.0,124.6,49.8,59.94,86.0,283.9,27.1,unstable
2026-01-20 01:00:00,1,0.91,135.5,255.4,96.9,59.79,59.4,457.9,21.0,unstable
2026-01-20 02:00:00,2,1.01,80.1,157.3,55.1,60.0,44.0,289.9,25.2,stable
2026-01-20 03:00:00,3,0.92,109.9,197.1,82.1,59.86,37.9,364.9,29.2,unstable
2026-01-20 04:00:00,4,0.85,128.7,206.4,80.5,59.73,87.5,430.8,28.1,unstable
2026-01-20 05:00:00,5,0.92,82.8,141.2,57.0,59.83,27.8,288.6,14.8,stable
2026-01-20 06:00:00,6,0.97,34.5,68.3,26.6,59.94,37.4,164.3,16.7,stable
2026-01-20 07:00:00,7,0.88,77.0,135.5,59.3,59.73,91.3,355.8,25.2,unstable
2026-01-20 08:00:00,8,1.0,51.5,106.2,40.5,59.9,30.1,203.5,21.1,stable
2026-01-20 09:00:00,9,0.92,81.4,158.2,63.3,59.95,45.0,323.0,22.3,stable
2026-01-20 10:00:00,10,0.93,49.9,97.4,36.0,59.84,32.2,191.9,20.3,stable
2026-01-20 11:00:00,11,0.92,73.1,125.3,45.2,59.93,37.1,256.8,12.3,stable
2026-01-20 12:00:00,12,0.93,91.1,174.9,65.6,59.96,12.1,288.0,18.5,stable
2026-01-20 13:00:00,13,1.01,72.9,150.8,59.8,60.0,46.5,286.6,16.5,stable
2026-01-20 14:00:00,14,0.97,98.2,178.1,76.0,59.91,11.0,320.3,15.7,stable
2026-01-20 15:00:00,15,0.92,122.7,241.3,90.5,59.81,62.0,419.8,24.8,unstable
2026-01-20 16:00:00,16,1.02,32.8,63.6,26.4,59.91,27.0,186.8,18.6,stable
2026-01-20 17:00:00,17,0.88,72.1,124.9,52.0,59.81,85.6,304.5,24.8,unstable
2026-01-20 18:00:00,18,0.91,100.4,173.7,69.1,60.0,42.4,335.3,25.3,stable
2026-01-20 19:00:00,19,0.95,37.8,74.5,27.6,59.9,29.6,154.7,13.4,stable
2026-01-20 20:00:00,20,0.98,72.4,142.3,50.9,60.01,27.3,268.8,23.0,stable
2026-01-20 21:00:00,21,0.95,39.0,75.5,27.0,59.89,17.6,187.0,17.5,stable
2026-01-20 22:00:00,22,0.98,34.2,70.0,30.0,60.0,33.8,167.6,20.5,stable
2026-01-20 23:00:00,23,0.92,102.8,176.0,68.7,60.01,18.9,309.4,21.8,stable
2026-01-21 00:00:00,0,1.02,65.1,122.9,55.1,59.97,50.5,252.8,25.3,stable
2026-01-21 01:00:00,1,0.94,61.9,108.4,44.4,59.86,42.2,260.1,16.7,stable
2026-01-21 02:00:00,2,0.86,66.8,116.9,45.0,59.82,82.1,304.0,30.6,unstable
2026-01-21 03:00:00,3,1.0,88.4,189.7,76.7,59.96,39.9,356.6,17.2,stable
2026-01-21 04:00:00,4,0.92,77.6,147.8,59.5,59.85,40.3,278.9,27.5,unstable
2026-01-21 05:00:00,5,0.91,40.6,73.0,25.9,59.92,19.2,158.0,14.0,stable
2026-01-21 06:00:00,6,0.96,92.6,166.7,59.5,59.91,17.3,292.1,18.6,stable
2026-01-21 07:00:00,7,1.01,101.9,191.8,70.7,59.95,12.4,322.0,12.5,stable
2026-01-21 08:00:00,8,0.91,92.8,160.7,58.3,60.03,24.8,270.0,12.2,stable
2026-01-21 09:00:00,9,0.93,104.2,184.3,71.5,59.91,44.2,347.8,25.2,stable
2026-01-21 10:00:00,10,0.84,113.7,187.6,66.1,59.87,59.6,350.1,25.9,unstable
2026-01-21 11:00:00,11,0.85,110.3,184.1,68.8,59.94,77.1,354.8,23.4,unstable
2026-01-21 12:00:00,12,0.94,106.2,186.6,70.5,59.87,63.1,357.8,31.9,unstable
2026-01-21 13:00:00,13,1.02,95.3,192.3,75.2,59.88,51.5,387.9,14.4,stable
2026-01-21 14:00:00,14,0.94,120.7,238.0,102.5,59.79,60.1,463.9,27.1,unstable
2026-01-21 15:00:00,15,0.92,95.8,177.8,80.0,59.74,67.2,351.7,24.6,unstable
2026-01-21 16:00:00,16,0.95,40.2,81.3,36.5,59.86,57.5,205.7,24.2,stable
2026-01-21 17:00:00,17,0.92,96.1,179.1,65.6,59.83,56.7,345.0,27.3,unstable
2026-01-21 18:00:00,18,0.97,85.2,172.8,70.2,59.87,11.3,287.3,16.3,stable
2026-01-21 19:00:00,19,0.97,84.6,155.6,58.5,60.0,40.5,295.6,18.3,stable
2026-01-21 20:00:00,20,0.97,28.5,57.0,20.1,59.89,34.8,161.2,15.3,stable
2026-01-21 21:00:00,21,0.93,35.0,64.0,25.7,59.93,41.3,195.8,19.3,stable
2026-01-21 22:00:00,22,0.84,108.6,190.5,74.8,59.92,86.0,408.8,27.4,unstable
2026-01-21 23:00:00,23,0.97,48.7,92.1,37.3,59.87,19.9,198.7,14.7,stable
2026-01-22 00:00:00,0,0.92,69.9,122.5,46.3,59.73,46.5,255.3,26.3,unstable
2026-01-22 01:00:00,1,0.91,79.5,133.8,48.9,59.97,49.9,296.9,25.0,stable
2026-01-22 02:00:00,2,0.91,116.6,218.9,82.9,59.87,88.2,454.1,33.0,unstable
2026-01-22 03:00:00,3,0.87,83.2,151.8,60.7,59.93,49.1,315.4,20.9,unstable
2026-01-22 04:00:00,4,0.93,87.7,175.4,72.7,59.89,59.6,374.5,21.9,unstable
2026-01-22 05:00:00,5,0.94,117.6,208.2,86.8,59.89,90.1,441.6,24.5,unstable
2026-01-22 06:00:00,6,0.93,52.0,100.3,37.4,59.94,31.4,209.4,20.7,stable
2026-01-22 07:00:00,7,0.86,134.8,246.0,106.9,59.9,57.4,439.4,29.5,unstable
2026-01-22 08:00:00,8,0.95,32.8,60.0,22.9,59.9,34.3,177.6,12.6,stable
2026-01-22 09:00:00,9,0.94,94.0,182.0,80.9,60.01,48.2,365.3,13.2,stable
2026-01-22 10:00:00,10,0.9,103.3,194.5,84.8,59.86,43.6,349.7,23.4,unstable
2026-01-22 11:00:00,11,0.94,85.9,157.7,68.7,59.97,50.6,303.6,25.2,stable
2026-01-22 12:00:00,12,0.99,47.4,88.0,37.1,59.97,53.7,222.5,13.5,stable
2026-01-22 13:00:00,13,0.95,92.4,181.6,72.8,59.87,37.4,342.1,13.8,stable
2026-01-22 14:00:00,14,0.94,119.0,230.2,96.6,59.91,42.8,407.8,30.7,unstable
2026-01-22 15:00:00,15,0.99,59.4,126.0,52.7,59.85,54.3,284.6,11.7,stable
2026-01-22 16:00:00,16,0.87,86.6,142.0,49.9,59.94,79.7,318.8,24.5,unstable
2026-01-22 17:00:00,17,0.95,54.5,109.4,43.8,59.91,36.0,234.6,17.6,stable
2026-01-22 18:00:00,18,0.96,68.8,130.8,51.3,59.77,73.5,314.8,27.3,unstable
2026-01-22 19:00:00,19,0.94,96.1,187.8,75.4,59.87,62.2,361.4,22.6,unstable
2026-01-22 20:00:00,20,1.02,98.9,193.6,75.9,59.92,27.3,327.8,11.8,stable
2026-01-22 21:00:00,21,0.95,121.6,217.0,91.7,59.91,46.2,421.4,20.7,unstable
2026-01-22 22:00:00,22,0.85,90.6,159.1,57.4,59.83,57.6,295.9,27.7,unstable
2026-01-22 23:00:00,23,0.93,42.6,83.1,31.9,59.84,11.9,169.2,16.9,stable
2026-01-23 00:00:00,0,0.97,94.7,181.9,81.6,60.01,10.5,318.2,22.7,stable
2026-01-23 01:00:00,1,1.0,69.5,129.9,54.7,59.88,59.6,281.5,23.9,stable
2026-01-23 02:00:00,2,0.89,127.7,209.7,79.8,59.77,55.6,377.1,30.6,unstable
2026-01-23 03:00:00,3,0.84,106.9,177.1,77.5,59.75,53.0,372.8,24.8,unstable
2026-01-23 04:00:00,4,0.88,138.3,235.5,90.0,59.74,40.3,394.0,23.2,unstable
2026-01-23 05:00:00,5,0.92,37.5,65.8,28.4,59.96,13.5,155.0,24.6,stable
2026-01-23 06:00:00,6,0.96,130.9,232.8,93.4,59.77,46.3,431.0,31.0,unstable
2026-01-23 07:00:00,7,1.01,96.4,189.3,73.4,60.0,20.0,322.3,15.3,stable
2026-01-23 08:00:00,8,0.92,40.9,79.0,33.5,59.98,25.5,190.2,18.6,stable
2026-01-23 09:00:00,9,0.91,92.8,162.5,72.4,59.73,59.7,362.3,19.6,unstable
2026-01-23 10:00:00,10,0.84,94.0,164.3,59.3,59.75,89.1,381.7,21.0,unstable
2026-01-23 11:00:00,11,0.94,112.6,224.6,99.2,59.79,47.6,435.7,21.0,unstable
2026-01-23 12:00:00,12,1.0,53.8,105.4,38.5,59.84,25.7,219.4,20.5,stable
2026-01-23 13:00:00,13,0.95,43.1,83.8,34.4,59.86,21.9,194.9,15.5,stable
2026-01-23 14:00:00,14,0.94,100.1,177.5,77.8,59.76,81.1,373.5,21.5,unstable
2026-01-23 15:00:00,15,0.91,52.3,91.4,35.5,59.97,12.8,163.7,20.1,stable
2026-01-23 16:00:00,16,0.87,135.0,222.5,84.7,59.73,37.3,410.9,25.8,unstable
2026-01-23 17:00:00,17,0.96,121.6,235.5,95.0,59.76,67.1,427.3,31.4,unstable
2026-01-23 18:00:00,18,0.95,92.4,188.3,79.8,59.79,78.8,396.7,23.7,unstable
2026-01-23 19:00:00,19,0.91,63.8,123.6,48.5,59.88,21.3,230.5,22.2,stable
2026-01-23 20:00:00,20,0.96,55.1,109.7,47.3,59.93,55.5,249.6,19.5,stable
2026-01-23 21:00:00,21,0.95,125.7,246.3,106.0,59.8,88.8,503.3,27.7,unstable
2026-01-23 22:00:00,22,0.84,116.2,191.5,79.2,59.81,61.8,361.7,29.5,unstable
2026-01-23 23:00:00,23,0.97,50.5,93.8,41.9,59.87,47.4,238.9,18.2,stable
2026-01-24 00:00:00,0,0.96,97.1,178.9,70.6,59.93,36.3,311.9,21.6,stable
2026-01-24 01:00:00,1,0.84,140.2,246.1,99.7,59.72,50.3,423.8,28.3,unstable
2026-01-24 02:00:00,2,0.98,87.3,166.5,69.1,59.98,58.8,317.7,19.6,stable
2026-01-24 03:00:00,3,0.92,90.8,166.3,72.4,59.9,39.9,315.6,16.9,stable
2026-01-24 04:00:00,4,0.92,93.3,162.2,68.2,59.99,19.1,296.3,17.5,stable
2026-01-24 05:00:00,5,0.93,31.2,61.0,25.4,59.87,26.1,154.4,19.4,stable
2026-01-24 06:00:00,6,0.99,68.6,140.7,50.9,60.03,22.9,249.7,11.8,stable
2026-01-24 07:00:00,7,0.97,40.8,85.0,35.9,59.96,29.0,216.0,20.3,stable
2026-01-24 08:00:00,8,0.98,79.3,154.6,62.3,59.87,41.2,294.8,20.0,stable
2026-01-24 09:00:00,9,0.93,42.3,80.4,31.7,60.0,14.2,160.2,17.5,stable
2026-01-24 10:00:00,10,0.95,99.0,194.2,68.7,60.03,35.1,341.7,15.9,stable
2026-01-24 11:00:00,11,0.95,106.7,191.0,85.4,59.71,77.7,400.1,25.8,unstable
2026-01-24 12:00:00,12,0.93,61.0,119.7,44.8,59.93,13.7,208.0,12.6,stable
2026-01-24 13:00:00,13,1.0,72.4,134.7,58.4,59.84,16.0,235.0,11.5,stable
2026-01-24 14:00:00,14,0.89,83.7,148.2,60.4,59.91,60.2,317.4,19.6,unstable
2026-01-24 15:00:00,15,0.88,92.0,172.4,77.1,59.74,42.5,355.2,29.7,unstable
2026-01-24 16:00:00,16,0.99,76.6,157.3,59.5,59.89,32.8,285.5,18.2,stable
2026-01-24 17:00:00,17,0.91,98.3,172.5,66.3,59.93,40.5,341.9,19.2,stable
2026-01-24 18:00:00,18,0.97,29.2,57.4,20.5,59.85,58.2,190.3,16.7,stable
2026-01-24 19:00:00,19,0.97,72.8,149.9,62.2,59.86,48.3,325.4,17.1,stable
2026-01-24 20:00:00,20,0.92,43.5,82.3,31.3,59.9,55.4,198.2,22.4,stable
2026-01-24 21:00:00,21,0.96,75.5,144.5,52.7,59.88,12.0,278.5,15.9,stable
2026-01-24 22:00:00,22,0.85,123.8,195.7,69.2,59.76,60.4,367.6,26.9,unstable
2026-01-24 23:00:00,23,1.01,69.5,147.4,53.6,59.85,55.7,323.4,16.8,stable
2026-01-25 00:00:00,0,1.02,56.0,111.1,46.7,59.97,56.9,273.0,15.1,stable
2026-01-25 01:00:00,1,0.93,84.9,152.6,58.1,60.0,13.2,293.1,16.8,stable
2026-01-25 02:00:00,2,0.99,57.0,119.3,43.9,60.04,50.1,280.7,17.5,stable
2026-01-25 03:00:00,3,0.88,94.1,171.1,63.8,59.89,70.5,328.3,25.2,unstable
2026-01-25 04:00:00,4,0.9,91.0,165.3,72.5,59.75,59.0,324.3,19.8,unstable
2026-01-25 05:00:00,5,0.98,82.0,149.5,62.7,59.92,30.5,295.8,18.6,stable
2026-01-25 06:00:00,6,0.88,96.2,175.5,71.6,59.94,64.6,371.6,31.7,unstable
2026-01-25 07:00:00,7,0.96,57.7,103.9,45.3,59.93,58.3,251.6,21.5,stable
2026-01-25 08:00:00,8,0.91,132.3,242.0,86.0,59.81,48.2,444.8,30.6,unstable
2026-01-25 09:00:00,9,0.94,94.1,167.0,63.4,59.93,25.2,314.6,13.9,stable
2026-01-25 10:00:00,10,0.86,89.3,165.7,66.0,59.75,88.7,349.4,23.8,unstable
2026-01-25 11:00:00,11,0.96,103.7,205.8,77.8,59.98,12.5,325.4,12.5,stable
2026-01-25 12:00:00,12,0.84,73.6,122.0,43.0,59.9,62.7,287.0,27.5,unstable
2026-01-25 13:00:00,13,0.93,97.2,178.6,78.3,59.92,66.5,388.0,25.7,unstable
2026-01-25 14:00:00,14,0.91,139.0,245.9,109.7,59.93,65.0,447.7,25.3,unstable
2026-01-25 15:00:00,15,0.94,59.2,112.4,40.3,59.89,59.9,240.4,11.8,stable
2026-01-25 16:00:00,16,0.9,88.0,169.7,75.4,59.77,41.8,323.7,23.2,unstable
2026-01-25 17:00:00,17,1.01,90.4,174.1,77.7,59.83,57.4,356.0,12.4,stable
2026-01-25 18:00:00,18,0.87,117.7,198.0,80.0,59.82,77.3,401.9,32.9,unstable
2026-01-25 19:00:00,19,0.86,130.4,214.4,86.7,59.94,64.4,420.2,27.4,unstable
2026-01-25 20:00:00,20,1.02,56.6,113.8,43.8,59.96,48.6,247.8,13.6,stable
2026-01-25 21:00:00,21,0.96,72.4,134.0,49.9,60.0,27.1,256.2,23.1,stable
2026-01-25 22:00:00,22,0.84,103.4,174.7,76.2,59.87,61.5,339.4,32.5,unstable
2026-01-25 23:00:00,23,1.01,83.3,167.0,65.1,59.95,28.6,324.0,12.4,stable
2026-01-26 00:00:00,0,0.96,82.6,169.7,66.9,59.94,56.1,328.9,31.5,unstable
2026-01-26 01:00:00,1,0.99,84.7,164.5,63.4,59.89,12.6,276.2,11.7,stable
2026-01-26 02:00:00,2,0.88,87.4,152.1,62.0,59.76,90.6,373.8,24.8,unstable
2026-01-26 03:00:00,3,0.92,111.0,191.6,78.5,59.88,41.9,368.9,28.5,unstable
2026-01-26 04:00:00,4,0.94,129.7,231.5,103.1,59.72,62.3,420.5,22.0,unstable
2026-01-26 05:00:00,5,0.88,106.0,179.4,66.6,59.86,43.9,330.4,23.1,unstable
2026-01-26 06:00:00,6,0.93,58.1,113.1,42.3,59.91,58.8,237.6,25.3,stable
2026-01-26 07:00:00,7,0.87,124.4,211.9,88.7,59.83,84.2,420.5,30.8,unstable
2026-01-26 08:00:00,8,0.93,95.3,183.6,69.9,59.71,55.1,369.2,28.7,unstable
2026-01-26 09:00:00,9,0.89,117.7,215.4,88.5,59.88,91.3,461.0,22.2,unstable
2026-01-26 10:00:00,10,0.93,84.7,159.9,70.2,59.85,63.1,341.6,23.7,unstable
2026-01-26 11:00:00,11,0.97,45.9,84.6,33.9,59.84,34.6,189.2,15.7,stable
2026-01-26 12:00:00,12,0.9,136.3,229.6,98.2,59.74,84.7,472.9,28.9,unstable
2026-01-26 13:00:00,13,0.92,92.2,168.4,67.9,59.97,38.9,296.9,20.7,stable
2026-01-26 14:00:00,14,0.91,50.5,95.1,40.9,59.92,37.3,201.4,13.0,stable
2026-01-26 15:00:00,15,0.85,104.7,182.9,79.9,59.92,62.7,386.9,20.5,unstable
2026-01-26 16:00:00,16,0.91,31.8,56.0,21.8,59.85,22.9,167.8,13.0,stable
2026-01-26 17:00:00,17,1.01,36.7,75.2,28.9,59.98,46.8,220.8,15.1,stable
2026-01-26 18:00:00,18,0.87,64.9,118.9,53.2,59.93,75.3,316.2,29.2,unstable
2026-01-26 19:00:00,19,0.94,114.1,230.6,101.7,59.87,44.1,418.3,28.1,unstable
2026-01-26 20:00:00,20,0.88,118.4,206.6,82.0,59.91,62.3,417.3,19.8,unstable
2026-01-26 21:00:00,21,0.94,33.1,62.2,24.0,59.94,58.6,198.9,16.4,stable
2026-01-26 22:00:00,22,0.99,52.3,96.5,39.5,59.89,16.3,215.8,20.8,stable
2026-01-26 23:00:00,23,0.96,33.9,62.6,24.5,59.93,43.5,192.6,23.3,stable
2026-01-27 00:00:00,0,0.93,42.8,83.9,35.7,59.95,15.1,157.1,24.7,stable
2026-01-27 01:00:00,1,0.96,70.1,135.9,50.1,59.9,14.6,229.9,22.3,stable
2026-01-27 02:00:00,2,0.84,129.4,220.4,95.2,59.85,38.0,389.9,19.7,unstable
2026-01-27 03:00:00,3,0.91,65.1,120.3,51.0,59.78,77.4,302.5,27.8,unstable
2026-01-27 04:00:00,4,0.88,73.3,138.0,57.0,59.74,74.2,298.4,31.0,unstable
2026-01-27 05:00:00,5,0.94,111.8,221.0,78.6,59.85,80.0,436.9,28.8,unstable
2026-01-27 06:00:00,6,0.94,52.2,99.2,36.4,59.96,57.9,249.1,11.5,stable
2026-01-27 07:00:00,7,0.87,135.3,243.3,97.3,59.83,48.6,454.8,21.0,unstable
2026-01-27 08:00:00,8,0.92,75.4,143.8,54.8,59.77,74.6,315.6,27.3,unstable
2026-01-27 09:00:00,9,0.96,86.3,160.0,70.6,59.78,56.5,320.4,26.9,unstable
2026-01-27 10:00:00,10,0.92,97.8,178.2,79.2,59.97,18.4,329.8,25.5,stable
2026-01-27 11:00:00,11,0.86,70.3,119.5,51.3,59.78,44.9,242.9,20.5,unstable
2026-01-27 12:00:00,12,0.92,70.7,136.2,52.5,59.76,46.2,287.6,31.9,unstable
2026-01-27 13:00:00,13,0.99,76.4,149.7,65.7,59.97,23.3,287.2,11.6,stable
2026-01-27 14:00:00,14,1.02,81.3,178.6,74.8,59.86,43.7,329.2,25.7,stable
2026-01-27 15:00:00,15,0.92,98.1,178.2,70.2,59.99,29.1,313.0,20.5,stable
2026-01-27 16:00:00,16,1.02,41.5,81.2,29.0,60.03,53.7,197.3,22.1,stable
2026-01-27 17:00:00,17,0.98,47.8,92.0,38.0,59.98,46.0,203.3,11.4,stable
2026-01-27 18:00:00,18,0.93,59.2,102.5,45.2,59.97,39.8,221.0,12.6,stable
2026-01-27 19:00:00,19,1.02,48.4,105.4,42.2,59.87,43.1,250.5,25.5,stable
2026-01-27 20:00:00,20,0.96,75.9,141.1,60.9,59.94,53.5,294.4,20.4,unstable
2026-01-27 21:00:00,21,0.88,112.7,212.8,91.9,59.95,59.9,398.7,21.3,unstable
2026-01-27 22:00:00,22,0.84,108.9,192.9,76.1,59.74,88.1,412.5,26.0,unstable
2026-01-27 23:00:00,23,0.93,77.1,143.5,64.5,59.91,13.5,265.2,16.4,stable
2026-01-28 00:00:00,0,0.96,73.8,143.5,59.3,60.0,54.3,298.0,17.2,stable
2026-01-28 01:00:00,1,0.85,132.0,231.6,88.5,59.71,50.0,415.4,22.0,unstable
2026-01-28 02:00:00,2,0.96,131.2,238.5,83.7,59.91,59.4,402.5,29.7,unstable
2026-01-28 03:00:00,3,0.96,28.6,54.4,23.0,59.94,31.1,140.2,21.8,stable
2026-01-28 04:00:00,4,0.98,46.2,89.1,33.5,59.87,41.4,227.3,23.4,stable
2026-01-28 05:00:00,5,0.96,43.7,90.1,35.9,59.93,41.3,211.6,16.4,stable
2026-01-28 06:00:00,6,1.02,62.7,127.2,47.0,60.0,45.9,263.3,19.8,stable
2026-01-28 07:00:00,7,0.95,138.2,265.4,96.3,59.79,66.3,466.9,27.8,unstable
2026-01-28 08:00:00,8,0.92,124.5,224.8,99.5,59.82,49.1,429.0,21.3,unstable
2026-01-28 09:00:00,9,0.9,140.8,257.3,92.9,59.73,73.7,492.1,23.0,unstable
2026-01-28 10:00:00,10,0.92,119.7,223.8,98.3,59.77,79.7,425.8,28.4,unstable
2026-01-28 11:00:00,11,0.87,93.8,155.6,58.2,59.95,77.3,325.2,28.6,unstable
2026-01-28 12:00:00,12,0.87,132.5,223.7,78.5,59.71,90.1,446.3,23.8,unstable
2026-01-28 13:00:00,13,0.92,88.8,166.9,63.6,59.86,40.8,309.8,11.7,stable
2026-01-28 14:00:00,14,1.0,100.9,201.8,88.8,59.91,30.3,386.3,22.6,stable
2026-01-28 15:00:00,15,0.96,125.5,252.8,95.8,59.91,48.1,464.2,30.3,unstable
2026-01-28 16:00:00,16,0.85,108.5,198.2,70.3,59.84,72.5,368.1,19.2,unstable
2026-01-28 17:00:00,17,0.91,115.6,211.4,83.7,59.93,82.2,422.3,19.2,unstable
2026-01-28 18:00:00,18,0.92,123.4,233.2,85.6,59.83,63.7,446.1,21.1,unstable
2026-01-28 19:00:00,19,0.92,67.9,120.8,52.0,60.03,13.6,247.4,20.4,stable
2026-01-28 20:00:00,20,0.97,86.0,167.2,60.0,59.93,16.6,284.7,19.2,stable
2026-01-28 21:00:00,21,1.01,35.0,66.6,28.1,59.85,23.1,142.9,24.1,stable
2026-01-28 22:00:00,22,0.95,46.0,90.0,39.4,60.0,42.0,197.6,14.5,stable
2026-01-28 23:00:00,23,0.98,60.9,123.6,44.6,59.86,18.0,231.5,21.5,stable
2026-01-29 00:00:00,0,1.02,101.2,216.6,86.5,59.94,36.8,383.5,16.9,stable
2026-01-29 01:00:00,1,0.95,94.9,181.3,67.8,59.91,55.3,364.1,25.9,unstable
2026-01-29 02:00:00,2,0.88,81.9,136.7,54.1,59.74,89.2,315.4,23.3,unstable
2026-01-29 03:00:00,3,0.88,106.6,200.0,77.5,59.84,56.6,367.1,25.3,unstable
2026-01-29 04:00:00,4,0.89,79.3,140.1,59.9,59.89,76.0,312.9,19.3,unstable
2026-01-29 05:00:00,5,0.93,32.0,62.9,24.2,59.99,52.6,195.9,14.0,stable
2026-01-29 06:00:00,6,0.95,77.1,140.2,62.3,59.74,64.1,335.5,20.1,unstable
2026-01-29 07:00:00,7,0.96,84.3,172.9,65.1,59.84,75.6,367.2,28.2,unstable
2026-01-29 08:00:00,8,0.85,142.0,241.6,91.8,59.71,81.1,442.1,30.0,unstable
2026-01-29 09:00:00,9,0.88,105.6,175.6,68.7,59.89,41.3,352.2,19.3,unstable
2026-01-29 10:00:00,10,1.0,55.8,116.6,42.8,59.93,15.4,220.4,24.1,stable
2026-01-29 11:00:00,11,0.92,108.8,186.3,68.7,59.94,66.7,343.3,19.7,unstable
2026-01-29 12:00:00,12,0.99,92.4,176.3,68.3,59.86,17.7,295.1,15.5,stable
2026-01-29 13:00:00,13,0.89,67.4,122.0,43.4,59.95,44.8,272.0,19.7,unstable
2026-01-29 14:00:00,14,0.97,41.2,80.8,30.0,59.95,19.9,156.5,15.8,stable
2026-01-29 15:00:00,15,0.91,88.7,152.4,64.0,60.0,24.9,293.4,13.0,stable
2026-01-29 16:00:00,16,1.02,40.0,77.9,27.8,59.98,22.2,183.0,23.6,stable
2026-01-29 17:00:00,17,0.95,70.1,130.6,51.0,59.87,89.1,293.3,22.6,unstable
2026-01-29 18:00:00,18,0.85,90.7,146.4,56.6,59.81,79.5,321.1,30.2,unstable
2026-01-29 19:00:00,19,0.94,78.0,149.3,54.1,59.88,57.2,329.9,20.5,unstable
2026-01-29 20:00:00,20,0.95,98.2,183.5,79.7,59.95,37.7,353.1,13.6,stable
2026-01-29 21:00:00,21,1.01,98.8,206.6,88.0,60.02,14.7,359.7,19.2,stable
2026-01-29 22:00:00,22,0.94,69.8,127.9,45.0,59.88,62.5,275.4,21.4,unstable
2026-01-29 23:00:00,23,0.98,92.4,190.5,69.7,59.97,20.8,349.7,12.8,stable
2026-01-30 00:00:00,0,0.97,35.5,67.0,29.7,60.04,25.2,145.1,20.6,stable
2026-01-30 01:00:00,1,0.98,47.7,88.8,38.4,59.97,28.2,203.6,23.7,stable
2026-01-30 02:00:00,2,0.99,71.8,152.2,60.2,59.87,53.4,292.9,17.5,stable
2026-01-30 03:00:00,3,0.96,131.6,236.5,99.9,59.79,85.5,457.5,23.9,unstable
2026-01-30 04:00:00,4,0.96,87.9,165.3,63.9,59.93,29.1,304.7,17.6,stable
2026-01-30 05:00:00,5,0.95,79.6,160.9,68.0,59.94,23.5,301.2,15.2,stable
2026-01-30 06:00:00,6,0.91,67.2,114.5,42.3,59.96,37.3,261.6,16.4,stable
2026-01-30 07:00:00,7,0.9,66.0,118.3,44.3,59.72,76.4,296.3,26.5,unstable
2026-01-30 08:00:00,8,0.86,85.6,150.5,65.1,59.82,50.6,307.1,28.0,unstable
2026-01-30 09:00:00,9,0.87,110.1,192.2,68.0,59.95,76.0,384.7,19.1,unstable
2026-01-30 10:00:00,10,1.02,63.3,120.8,47.9,59.94,57.3,258.0,21.1,stable
2026-01-30 11:00:00,11,0.89,91.2,171.2,71.3,59.85,46.0,325.4,26.1,unstable
2026-01-30 12:00:00,12,1.01,31.0,67.4,29.6,59.87,47.1,194.1,23.4,stable
2026-01-30 13:00:00,13,0.91,63.4,119.4,45.1,59.88,41.4,254.1,19.4,stable
2026-01-30 14:00:00,14,0.89,117.8,209.3,80.2,59.89,91.5,423.0,22.9,unstable
2026-01-30 15:00:00,15,0.99,43.7,91.2,34.9,60.02,53.7,215.6,11.9,stable
2026-01-30 16:00:00,16,1.02,55.1,107.2,42.1,59.84,52.8,241.3,16.9,stable
2026-01-30 17:00:00,17,1.0,104.1,200.1,78.7,59.94,33.3,339.9,11.9,stable
2026-01-30 18:00:00,18,1.0,73.5,154.9,62.2,59.89,46.1,321.9,25.1,stable
2026-01-30 19:00:00,19,0.97,37.7,68.0,28.7,59.85,36.5,154.8,15.0,stable
2026-01-30 20:00:00,20,0.97,65.3,133.1,59.8,60.03,13.2,247.6,19.3,stable
2026-01-30 21:00:00,21,0.95,111.6,207.8,78.3,59.76,59.3,399.7,19.6,unstable
2026-01-30 22:00:00,22,0.94,32.3,64.4,27.5,60.0,36.9,181.7,12.1,stable
2026-01-30 23:00:00,23,0.98,83.0,153.7,61.9,60.03,56.2,298.2,18.8,stable
2026-01-31 00:00:00,0,0.96,28.8,59.2,23.0,59.96,19.7,143.1,18.4,stable
2026-01-31 01:00:00,1,0.98,59.6,110.1,42.6,59.89,20.9,194.9,25.5,stable
2026-01-31 02:00:00,2,0.94,69.3,121.8,52.4,59.76,63.1,295.9,19.1,unstable
2026-01-31 03:00:00,3,1.01,32.0,67.4,27.0,59.97,49.1,175.3,23.7,stable
2026-01-31 04:00:00,4,0.99,40.0,82.8,30.5,60.04,21.3,158.0,14.2,stable
2026-01-31 05:00:00,5,0.91,56.1,108.1,47.8,60.01,52.1,228.4,19.3,stable
2026-01-31 06:00:00,6,0.87,133.2,220.3,94.8,59.87,62.3,445.8,27.5,unstable
2026-01-31 07:00:00,7,0.9,107.2,191.1,73.3,59.73,64.7,375.1,21.0,unstable
2026-01-31 08:00:00,8,0.91,82.9,156.0,69.5,59.99,28.3,285.8,11.8,stable
2026-01-31 09:00:00,9,0.86,75.2,130.4,50.7,59.85,56.6,278.7,28.8,unstable
2026-01-31 10:00:00,10,0.91,95.9,184.6,69.6,59.85,13.9,306.6,21.6,stable
2026-01-31 11:00:00,11,1.01,84.9,169.4,67.3,60.03,14.3,273.5,21.0,stable
2026-01-31 12:00:00,12,0.94,86.8,168.9,63.7,59.82,58.1,316.7,31.0,unstable
2026-01-31 13:00:00,13,0.95,105.1,210.0,84.5,59.85,69.8,390.1,24.1,unstable
2026-01-31 14:00:00,14,0.9,87.4,152.1,53.8,59.93,84.8,315.8,29.7,unstable
2026-01-31 15:00:00,15,0.93,66.6,122.1,48.6,59.91,46.3,264.0,12.7,stable
2026-01-31 16:00:00,16,0.93,81.4,148.6,54.1,60.0,37.8,293.8,21.5,stable
2026-01-31 17:00:00,17,0.98,97.8,190.6,81.1,59.9,39.4,370.9,12.3,stable
2026-01-31 18:00:00,18,0.95,95.4,186.6,81.4,59.77,86.4,378.9,31.5,unstable
2026-01-31 19:00:00,19,0.94,46.4,85.3,31.0,59.87,30.9,182.0,14.8,stable
2026-01-31 20:00:00,20,0.96,85.5,159.7,67.8,59.9,54.7,309.7,22.4,stable
2026-01-31 21:00:00,21,0.88,82.5,152.9,63.2,59.9,40.5,289.3,20.8,unstable
2026-01-31 22:00:00,22,0.97,46.0,91.6,32.2,59.97,53.2,215.6,15.6,stable
2026-01-31 23:00:00,23,0.91,125.4,237.5,96.5,59.73,49.0,440.0,28.5,unstable
2026-02-01 00:00:00,0,0.95,50.7,94.3,35.9,60.0,38.6,211.7,22.2,stable
2026-02-01 01:00:00,1,1.02,78.9,154.0,64.8,59.94,55.2,335.2,12.5,stable
2026-02-01 02:00:00,2,0.95,61.7,122.7,43.9,59.85,21.5,249.4,15.4,stable
2026-02-01 03:00:00,3,0.91,89.7,171.2,67.8,59.73,41.9,312.0,32.5,unstable
2026-02-01 04:00:00,4,0.95,71.4,129.8,57.6,59.86,57.2,273.1,11.1,stable
2026-02-01 05:00:00,5,0.91,100.7,171.4,77.0,59.92,91.7,380.5,28.5,unstable
2026-02-01 06:00:00,6,0.91,69.8,133.1,54.2,59.78,37.1,294.4,25.3,unstable
2026-02-01 07:00:00,7,0.87,76.0,140.5,62.9,59.75,52.7,287.6,30.1,unstable
2026-02-01 08:00:00,8,0.94,95.0,177.5,67.2,59.85,41.8,343.4,13.5,stable
2026-02-01 09:00:00,9,0.96,91.0,170.6,72.2,59.72,63.5,370.0,26.0,unstable
2026-02-01 10:00:00,10,1.0,70.4,138.9,53.0,60.01,51.3,286.5,15.6,stable
2026-02-01 11:00:00,11,0.96,70.7,127.9,47.6,59.79,66.0,284.7,19.8,unstable
2026-02-01 12:00:00,12,0.94,96.7,189.0,67.1,59.89,55.4,332.2,23.4,unstable
2026-02-01 13:00:00,13,0.96,46.1,91.6,36.5,59.86,56.6,230.7,23.9,stable
2026-02-01 14:00:00,14,1.02,90.5,189.6,74.0,59.88,19.9,350.0,14.2,stable
2026-02-01 15:00:00,15,0.9,134.4,246.7,90.3,59.93,45.6,451.0,24.1,unstable
2026-02-01 16:00:00,16,0.93,34.6,63.2,24.9,59.86,55.5,193.5,13.9,stable
2026-02-01 17:00:00,17,0.86,134.8,227.0,93.7,59.93,80.0,434.4,19.3,unstable
2026-02-01 18:00:00,18,0.98,98.0,193.2,73.5,59.85,57.9,364.2,12.2,stable
2026-02-01 19:00:00,19,0.91,102.7,182.5,79.5,59.94,41.6,345.3,27.7,unstable
2026-02-01 20:00:00,20,0.86,84.0,140.6,55.7,59.89,79.2,342.7,21.9,unstable
2026-02-01 21:00:00,21,0.93,39.5,77.9,34.5,59.91,35.5,187.1,17.9,stable
2026-02-01 22:00:00,22,0.95,63.3,115.6,42.8,59.9,54.6,234.8,24.9,unstable
2026-02-01 23:00:00,23,0.94,45.8,85.5,33.5,59.84,50.1,238.0,23.8,stable
2026-02-02 00:00:00,0,0.86,76.6,134.6,52.6,59.78,57.9,311.8,31.8,unstable
2026-02-02 01:00:00,1,0.86,111.6,196.8,82.6,59.85,39.2,370.5,24.6,unstable
2026-02-02 02:00:00,2,0.85,73.2,120.6,51.4,59.81,89.1,306.0,25.7,unstable
2026-02-02 03:00:00,3,0.94,116.2,227.2,82.6,59.92,39.6,380.8,26.9,unstable
2026-02-02 04:00:00,4,0.91,64.5,122.6,47.3,59.99,32.3,249.3,11.1,stable
2026-02-02 05:00:00,5,0.99,68.9,139.3,52.9,60.03,30.0,248.5,25.3,stable
2026-02-02 06:00:00,6,0.95,64.3,113.9,44.6,59.97,19.9,225.7,20.0,stable
2026-02-02 07:00:00,7,0.93,123.9,232.4,103.0,59.91,39.1,436.3,21.7,unstable
2026-02-02 08:00:00,8,0.94,64.2,129.1,48.3,59.92,17.9,227.2,11.5,stable
2026-02-02 09:00:00,9,0.96,115.7,225.2,79.7,59.85,87.1,421.3,23.8,unstable
2026-02-02 10:00:00,10,1.0,57.0,109.3,40.5,59.9,36.7,219.0,11.0,stable
2026-02-02 11:00:00,11,0.94,66.8,117.5,45.3,59.87,53.3,273.5,14.6,stable
2026-02-02 12:00:00,12,1.0,89.0,166.3,74.6,60.03,40.2,320.2,18.4,stable
2026-02-02 13:00:00,13,0.92,109.3,211.6,79.7,59.78,69.3,403.0,25.2,unstable
2026-02-02 14:00:00,14,0.98,58.4,122.5,47.6,59.99,42.3,268.8,13.3,stable
2026-02-02 15:00:00,15,0.86,132.4,227.6,90.8,59.83,66.0,410.4,32.0,unstable
2026-02-02 16:00:00,16,0.93,98.1,188.3,80.6,60.02,57.2,352.6,18.8,stable
2026-02-02 17:00:00,17,0.91,39.9,71.9,29.6,59.93,19.1,144.3,16.5,stable
2026-02-02 18:00:00,18,0.93,77.1,139.4,59.4,59.95,37.8,278.3,22.1,stable
2026-02-02 19:00:00,19,0.92,114.7,197.7,71.0,59.71,71.0,405.9,23.3,unstable
2026-02-02 20:00:00,20,0.92,73.6,130.1,57.1,59.9,51.8,259.5,11.7,stable
2026-02-02 21:00:00,21,0.96,83.7,154.4,67.7,59.86,40.7,303.6,19.4,unstable
2026-02-02 22:00:00,22,1.02,42.7,90.7,32.3,59.92,35.9,213.5,24.6,stable
2026-02-02 23:00:00,23,1.01,69.1,139.8,49.9,59.86,54.0,277.6,17.2,stable
2026-02-03 00:00:00,0,0.96,99.4,190.1,80.6,59.78,73.9,407.9,21.3,unstable
2026-02-03 01:00:00,1,0.99,100.8,191.7,85.0,59.86,16.6,349.3,22.6,stable
2026-02-03 02:00:00,2,0.93,75.6,150.5,66.1,59.92,48.5,298.6,12.6,stable
2026-02-03 03:00:00,3,0.97,52.2,99.6,41.1,59.93,39.0,234.8,21.9,stable
2026-02-03 04:00:00,4,0.91,63.3,115.0,50.5,60.01,23.1,227.5,14.6,stable
2026-02-03 05:00:00,5,0.92,104.4,191.4,71.4,59.93,48.5,351.8,14.2,stable
2026-02-03 06:00:00,6,1.0,99.0,197.6,81.1,59.88,39.6,366.3,16.7,stable
2026-02-03 07:00:00,7,0.9,127.2,238.3,105.6,59.75,66.8,478.1,20.8,unstable
2026-02-03 08:00:00,8,0.85,71.9,118.1,46.1,59.83,88.4,291.7,21.6,unstable
2026-02-03 09:00:00,9,0.96,48.6,94.8,38.5,59.87,35.5,224.5,13.2,stable
2026-02-03 10:00:00,10,1.01,46.8,100.7,45.0,60.03,16.6,225.2,15.5,stable
2026-02-03 11:00:00,11,0.96,63.7,122.9,47.2,59.81,61.3,275.1,19.6,unstable
2026-02-03 12:00:00,12,1.01,61.4,116.9,47.1,59.97,51.0,249.2,24.6,stable
2026-02-03 13:00:00,13,0.92,75.9,148.6,55.9,59.92,81.7,351.4,30.9,unstable
2026-02-03 14:00:00,14,0.91,66.5,116.1,42.9,59.72,76.6,289.1,25.2,unstable
2026-02-03 15:00:00,15,0.94,78.1,143.6,54.9,59.73,58.2,325.0,25.8,unstable
2026-02-03 16:00:00,16,0.91,95.4,179.9,73.9,59.92,25.1,327.3,12.4,stable
2026-02-03 17:00:00,17,0.85,79.4,131.1,58.3,59.86,64.7,316.3,26.6,unstable
2026-02-03 18:00:00,18,0.91,65.9,114.4,45.6,59.85,18.0,216.3,25.7,stable
2026-02-03 19:00:00,19,0.92,49.2,96.1,41.6,59.92,54.4,227.0,11.6,stable
2026-02-03 20:00:00,20,0.91,68.5,116.5,52.3,60.03,25.2,215.9,16.4,stable
2026-02-03 21:00:00,21,0.96,46.9,92.7,33.1,60.03,36.6,192.1,18.2,stable
2026-02-03 22:00:00,22,0.93,108.3,215.0,86.4,59.76,48.8,387.9,31.1,unstable
2026-02-03 23:00:00,23,0.84,114.7,190.0,79.7,59.77,66.3,380.5,32.2,unstable
2026-02-04 00:00:00,0,0.94,64.3,117.3,41.6,59.93,45.3,249.1,25.1,stable
2026-02-04 01:00:00,1,0.93,103.8,203.0,85.3,59.99,57.3,388.3,14.0,stable
2026-02-04 02:00:00,2,1.01,56.7,108.9,47.9,59.93,34.7,245.2,19.7,stable
2026-02-04 03:00:00,3,0.92,37.3,67.4,27.6,59.96,13.9,133.4,18.9,stable
2026-02-04 04:00:00,4,0.86,107.3,172.9,77.4,59.95,74.8,359.4,23.6,unstable
2026-02-04 05:00:00,5,0.92,127.0,218.2,79.9,59.72,66.5,429.4,22.9,unstable
2026-02-04 06:00:00,6,0.93,81.2,148.7,55.3,59.84,38.6,296.1,17.1,stable
2026-02-04 07:00:00,7,0.93,60.7,117.8,47.0,59.96,32.3,244.3,14.8,stable
2026-02-04 08:00:00,8,0.86,119.4,201.7,79.0,59.73,47.8,371.9,28.7,unstable
2026-02-04 09:00:00,9,0.85,115.4,194.6,71.9,59.78,73.6,370.6,23.0,unstable
2026-02-04 10:00:00,10,0.95,81.0,157.3,56.2,59.76,52.4,292.7,20.8,unstable
2026-02-04 11:00:00,11,0.95,70.9,126.4,51.0,59.98,22.8,242.1,20.8,stable
2026-02-04 12:00:00,12,0.91,141.9,248.6,93.4,59.92,70.4,456.4,24.7,unstable
2026-02-04 13:00:00,13,0.95,92.5,180.4,74.2,59.8,58.1,349.5,30.7,unstable
2026-02-04 14:00:00,14,0.91,67.5,125.8,44.2,60.01,29.9,263.5,18.5,stable
2026-02-04 15:00:00,15,0.88,97.7,176.5,69.2,59.74,64.3,378.1,24.7,unstable
2026-02-04 16:00:00,16,1.0,58.6,123.8,44.3,59.85,26.8,218.5,19.5,stable
2026-02-04 17:00:00,17,0.93,69.8,122.7,49.8,59.97,51.6,291.4,12.9,stable
2026-02-04 18:00:00,18,0.88,136.5,222.4,80.4,59.86,83.0,436.3,32.9,unstable
2026-02-04 19:00:00,19,0.94,88.6,166.6,67.6,59.88,12.8,303.5,16.5,stable
2026-02-04 20:00:00,20,0.91,106.3,182.3,66.0,59.85,72.2,351.7,22.6,unstable
2026-02-04 21:00:00,21,1.01,88.8,175.7,64.9,59.98,27.5,291.2,17.1,stable
2026-02-04 22:00:00,22,1.02,31.6,67.9,28.5,59.87,49.0,212.7,14.8,stable
2026-02-04 23:00:00,23,0.92,112.8,208.1,83.8,59.82,61.7,414.1,21.6,unstable
2026-02-05 00:00:00,0,0.98,83.5,174.8,62.1,59.85,35.0,332.9,24.4,stable
2026-02-05 01:00:00,1,0.88,74.7,125.3,51.1,59.84,78.0,310.2,19.1,unstable
2026-02-05 02:00:00,2,0.99,58.4,116.1,48.5,59.97,10.1,215.5,12.8,stable
2026-02-05 03:00:00,3,0.97,42.8,87.7,31.7,59.85,52.0,240.9,21.9,stable
2026-02-05 04:00:00,4,0.84,85.2,144.3,63.5,59.95,73.7,317.6,21.5,unstable
2026-02-05 05:00:00,5,0.93,53.9,95.2,41.9,59.96,20.6,197.5,15.7,stable
2026-02-05 06:00:00,6,0.89,121.8,229.4,93.3,59.79,90.4,441.0,25.1,unstable
2026-02-05 07:00:00,7,0.97,96.5,193.6,77.2,59.97,32.0,353.0,24.5,stable
2026-02-05 08:00:00,8,0.96,66.5,119.5,42.1,59.87,55.0,259.0,27.7,unstable
2026-02-05 09:00:00,9,0.89,76.0,129.5,49.5,59.77,74.9,303.5,26.2,unstable
2026-02-05 10:00:00,10,0.85,127.2,224.3,93.5,59.73,78.4,440.1,29.5,unstable
2026-02-05 11:00:00,11,0.91,87.9,154.6,64.0,59.96,35.0,308.3,16.4,stable
2026-02-05 12:00:00,12,0.95,71.2,135.1,55.1,59.99,54.1,301.8,18.9,stable
2026-02-05 13:00:00,13,0.91,100.2,182.6,65.6,59.84,36.5,343.2,20.2,stable
2026-02-05 14:00:00,14,0.94,92.5,168.0,68.8,59.89,13.6,317.2,24.2,stable
2026-02-05 15:00:00,15,0.95,54.5,108.0,44.7,59.97,23.9,214.3,26.0,stable
2026-02-05 16:00:00,16,0.84,123.2,192.3,74.3,59.84,66.6,365.0,30.8,unstable
2026-02-05 17:00:00,17,0.84,80.6,146.1,59.2,59.94,87.7,359.6,25.0,unstable
2026-02-05 18:00:00,18,0.93,74.0,147.0,59.4,59.93,42.3,295.1,24.9,unstable
2026-02-05 19:00:00,19,0.84,69.9,111.7,46.5,59.9,71.9,254.0,31.8,unstable
2026-02-05 20:00:00,20,0.92,51.2,90.0,38.2,59.98,33.2,196.5,20.0,stable
2026-02-05 21:00:00,21,0.92,37.9,72.6,27.3,59.97,31.3,195.3,14.7,stable
2026-02-05 22:00:00,22,0.93,34.8,66.1,27.3,59.96,29.6,157.1,21.7,stable
2026-02-05 23:00:00,23,0.85,102.8,169.8,65.1,59.88,76.0,332.2,22.5,unstable
2026-02-06 00:00:00,0,0.94,103.9,206.4,72.5,59.93,62.1,408.2,19.4,unstable
2026-02-06 01:00:00,1,0.88,64.9,109.4,43.0,59.93,69.0,274.0,26.7,unstable
2026-02-06 02:00:00,2,0.91,40.7,68.5,24.8,60.03,21.7,184.3,15.0,stable
2026-02-06 03:00:00,3,0.85,119.8,189.1,70.4,59.74,84.0,366.3,22.6,unstable
2026-02-06 04:00:00,4,0.89,103.8,196.2,79.8,59.77,50.9,364.6,32.2,unstable
2026-02-06 05:00:00,5,0.89,98.7,171.0,69.5,59.88,84.1,349.4,32.2,unstable
2026-02-06 06:00:00,6,0.89,132.2,238.8,100.1,59.76,45.7,423.8,25.4,unstable
2026-02-06 07:00:00,7,0.97,33.2,65.7,28.5,59.92,33.2,172.1,23.3,stable
2026-02-06 08:00:00,8,0.84,118.1,197.6,77.5,59.78,80.5,396.1,23.1,unstable
2026-02-06 09:00:00,9,0.85,67.4,117.1,44.7,59.76,47.9,278.3,19.1,unstable
2026-02-06 10:00:00,10,0.88,63.7,119.4,52.5,59.8,83.2,301.8,19.4,unstable
2026-02-06 11:00:00,11,0.98,77.8,152.1,61.6,59.91,12.2,290.3,11.8,stable
2026-02-06 12:00:00,12,0.94,94.1,168.0,67.3,59.76,54.4,349.8,24.6,unstable
2026-02-06 13:00:00,13,0.9,118.8,225.8,92.1,59.91,64.0,412.9,22.6,unstable
2026-02-06 14:00:00,14,0.94,141.4,261.4,104.4,59.72,44.2,474.0,30.1,unstable
2026-02-06 15:00:00,15,0.9,63.2,107.9,39.0,59.72,50.5,237.8,28.5,unstable
2026-02-06 16:00:00,16,0.99,34.1,71.2,31.1,59.87,57.0,217.9,14.9,stable
2026-02-06 17:00:00,17,0.94,110.1,195.7,78.5,59.89,55.5,379.0,22.7,unstable
2026-02-06 18:00:00,18,0.9,113.6,200.2,72.9,59.8,86.6,410.9,21.3,unstable
2026-02-06 19:00:00,19,1.02,101.2,192.1,84.4,59.89,13.2,336.1,20.0,stable
2026-02-06 20:00:00,20,1.0,31.0,58.8,23.3,59.86,53.9,186.0,15.7,stable
2026-02-06 21:00:00,21,0.87,96.2,171.0,62.6,59.72,86.2,385.1,32.8,unstable
2026-02-06 22:00:00,22,0.92,86.3,152.3,56.5,60.02,46.6,309.8,21.6,stable
2026-02-06 23:00:00,23,0.89,124.9,234.2,97.3,59.9,61.9,424.9,30.1,unstable
2026-02-07 00:00:00,0,0.88,84.6,157.2,56.7,59.74,48.5,318.5,25.4,unstable
2026-02-07 01:00:00,1,0.92,71.8,126.8,53.2,60.02,28.2,230.1,22.3,stable
2026-02-07 02:00:00,2,0.96,45.0,86.0,35.4,59.96,43.9,208.1,22.6,stable
2026-02-07 03:00:00,3,0.96,89.7,170.6,73.8,60.01,30.5,306.4,14.5,stable
2026-02-07 04:00:00,4,1.0,77.5,162.0,58.3,59.9,22.3,276.2,12.6,stable
2026-02-07 05:00:00,5,0.95,103.4,201.9,79.8,60.03,23.4,330.1,11.6,stable
2026-02-07 06:00:00,6,0.91,38.7,75.1,31.5,60.01,16.4,183.1,13.6,stable
2026-02-07 07:00:00,7,0.88,101.0,171.0,76.1,59.77,67.4,342.9,27.8,unstable
2026-02-07 08:00:00,8,0.91,53.7,96.4,37.7,59.93,32.5,223.2,19.6,stable
2026-02-07 09:00:00,9,1.0,74.9,150.3,57.3,59.88,39.3,274.0,16.5,stable
2026-02-07 10:00:00,10,0.85,115.2,182.4,80.0,59.87,89.3,414.8,29.2,unstable
2026-02-07 11:00:00,11,0.91,105.1,182.6,71.9,59.94,86.8,390.5,20.2,unstable
2026-02-07 12:00:00,12,1.02,31.7,61.9,24.7,59.91,50.1,193.8,20.1,stable
2026-02-07 13:00:00,13,0.96,103.0,192.2,81.3,59.89,43.2,348.8,17.1,stable
2026-02-07 14:00:00,14,0.9,112.7,197.1,69.0,59.78,43.5,335.9,28.2,unstable
2026-02-07 15:00:00,15,1.01,87.9,174.1,72.8,59.88,40.4,310.5,25.6,stable
2026-02-07 16:00:00,16,0.96,85.7,168.3,65.2,59.84,43.6,344.6,28.8,unstable
2026-02-07 17:00:00,17,0.87,88.4,162.0,58.4,59.93,50.9,338.4,26.5,unstable
2026-02-07 18:00:00,18,0.93,57.6,114.3,41.4,59.98,30.1,226.8,22.7,stable
2026-02-07 19:00:00,19,0.88,67.1,113.2,48.9,59.8,74.7,296.9,25.1,unstable
2026-02-07 20:00:00,20,0.87,85.8,139.5,50.2,59.86,50.0,260.0,29.2,unstable
2026-02-07 21:00:00,21,0.84,85.8,154.3,62.0,59.95,45.2,299.8,22.4,unstable
2026-02-07 22:00:00,22,0.95,44.0,86.0,32.6,59.9,28.9,196.3,15.8,stable
2026-02-07 23:00:00,23,0.86,137.0,227.0,82.3,59.81,57.7,390.0,28.3,unstable
2026-02-08 00:00:00,0,0.86,123.1,206.8,82.9,59.75,37.9,375.7,26.8,unstable
2026-02-08 01:00:00,1,0.87,131.8,244.0,93.9,59.89,47.6,433.1,20.4,unstable
2026-02-08 02:00:00,2,0.85,104.5,185.8,76.0,59.85,48.2,334.9,25.3,unstable
2026-02-08 03:00:00,3,0.99,76.4,155.3,54.7,60.0,17.6,268.2,21.7,stable
2026-02-08 04:00:00,4,0.92,109.7,215.0,96.3,59.76,87.2,419.1,30.2,unstable
2026-02-08 05:00:00,5,0.95,47.4,94.5,33.9,60.01,59.1,216.5,20.2,stable
2026-02-08 06:00:00,6,0.91,29.1,53.7,22.5,60.0,42.9,156.2,16.5,stable
2026-02-08 07:00:00,7,0.84,104.1,173.7,67.7,59.85,77.8,340.6,26.1,unstable
2026-02-08 08:00:00,8,0.96,89.0,169.7,59.7,59.92,69.3,322.5,30.9,unstable
2026-02-08 09:00:00,9,1.02,33.5,71.8,29.6,59.98,19.5,173.1,22.6,stable
2026-02-08 10:00:00,10,0.94,83.5,146.5,54.2,59.9,76.0,305.6,22.0,unstable
2026-02-08 11:00:00,11,0.89,100.7,181.9,70.9,59.83,51.9,339.6,19.4,unstable
2026-02-08 12:00:00,12,0.99,66.1,125.7,49.5,60.01,16.5,215.1,21.4,stable
2026-02-08 13:00:00,13,0.92,94.5,177.1,76.2,60.02,33.2,328.1,22.2,stable
2026-02-08 14:00:00,14,0.96,65.5,131.8,53.4,60.03,33.1,247.4,22.8,stable
2026-02-08 15:00:00,15,0.96,127.1,249.6,108.1,59.89,38.8,418.9,25.6,unstable
2026-02-08 16:00:00,16,0.97,52.4,95.0,34.7,59.87,24.1,214.4,19.0,stable
2026-02-08 17:00:00,17,0.87,103.9,187.6,77.2,59.82,79.0,369.4,25.3,unstable
2026-02-08 18:00:00,18,0.89,121.7,206.4,76.9,59.81,68.9,401.1,24.4,unstable
2026-02-08 19:00:00,19,0.9,115.4,207.8,93.0,59.75,83.9,421.4,22.6,unstable
2026-02-08 20:00:00,20,0.92,34.9,66.7,28.0,59.96,58.0,202.2,21.7,stable
2026-02-08 21:00:00,21,0.95,102.4,195.0,77.1,59.94,88.2,390.8,27.2,unstable
2026-02-08 22:00:00,22,0.87,93.0,157.6,62.3,59.83,61.7,308.2,32.7,unstable
2026-02-08 23:00:00,23,0.94,123.1,221.9,82.7,59.85,45.2,370.4,27.0,unstable
2026-02-09 00:00:00,0,0.88,140.9,235.5,96.3,59.74,54.0,408.9,20.8,unstable
2026-02-09 01:00:00,1,1.02,62.7,126.2,47.6,59.88,11.1,215.3,20.6,stable
2026-02-09 02:00:00,2,0.95,81.1,145.9,62.5,59.87,38.3,300.4,23.9,stable
2026-02-09 03:00:00,3,0.93,137.7,250.2,111.5,59.82,44.8,443.1,28.0,unstable
2026-02-09 04:00:00,4,1.01,89.9,180.4,72.5,59.89,59.8,347.4,14.8,stable
2026-02-09 05:00:00,5,0.86,98.0,174.6,62.6,59.78,46.4,336.0,31.2,unstable
2026-02-09 06:00:00,6,1.02,47.1,99.2,42.3,59.83,56.4,222.5,25.0,stable
2026-02-09 07:00:00,7,0.93,90.4,179.7,66.2,59.87,16.8,331.6,18.0,stable
2026-02-09 08:00:00,8,0.97,52.3,98.4,44.0,59.87,31.2,201.3,15.6,stable
2026-02-09 09:00:00,9,0.91,98.5,182.4,76.8,59.96,24.4,338.0,13.8,stable
2026-02-09 10:00:00,10,0.87,135.9,234.2,91.9,59.94,62.2,416.2,30.8,unstable
2026-02-09 11:00:00,11,0.9,98.1,181.1,79.9,59.72,80.0,361.8,28.5,unstable
2026-02-09 12:00:00,12,1.0,52.9,105.4,46.1,59.94,16.8,217.6,24.3,stable
2026-02-09 13:00:00,13,1.0,58.7,115.3,44.8,59.97,35.7,220.5,23.0,stable
2026-02-09 14:00:00,14,0.92,59.8,102.5,41.9,59.97,30.3,233.3,21.2,stable
2026-02-09 15:00:00,15,0.93,78.5,146.3,64.6,60.02,54.1,330.0,18.3,stable
2026-02-09 16:00:00,16,0.87,93.6,171.9,61.4,59.8,52.8,339.9,22.8,unstable
2026-02-09 17:00:00,17,0.88,84.3,142.2,56.4,59.72,79.3,321.3,31.4,unstable
2026-02-09 18:00:00,18,1.0,79.6,156.4,68.9,59.94,52.4,334.8,11.1,stable
2026-02-09 19:00:00,19,0.97,68.1,136.1,59.4,59.9,42.8,266.0,17.3,stable
2026-02-09 20:00:00,20,0.89,82.7,145.1,64.0,59.87,72.2,351.0,31.3,unstable
2026-02-09 21:00:00,21,0.87,138.7,227.8,102.4,59.94,42.4,401.7,19.2,unstable
2026-02-09 22:00:00,22,1.01,74.5,145.2,60.8,59.83,23.9,283.6,23.9,stable
2026-02-09 23:00:00,23,0.84,85.8,143.2,58.8,59.81,81.5,333.7,30.2,unstable
2026-02-10 00:00:00,0,0.96,48.4,91.7,32.9,59.89,36.8,217.4,17.7,stable
2026-02-10 01:00:00,1,0.86,81.0,138.3,55.9,59.81,69.1,293.5,24.2,unstable
2026-02-10 02:00:00,2,0.95,95.6,182.9,74.2,59.81,39.0,351.5,26.0,unstable
2026-02-10 03:00:00,3,0.87,137.8,229.0,81.5,59.9,44.5,391.2,26.0,unstable
2026-02-10 04:00:00,4,0.93,74.4,131.2,53.9,59.84,37.5,259.4,30.3,unstable
2026-02-10 05:00:00,5,0.94,45.2,87.2,32.8,59.85,19.4,160.0,17.4,stable
2026-02-10 06:00:00,6,0.98,73.4,152.7,66.1,60.03,33.6,288.5,19.6,stable
2026-02-10 07:00:00,7,0.87,121.8,218.8,94.2,59.83,64.7,412.1,19.9,unstable
2026-02-10 08:00:00,8,0.96,93.1,188.2,75.2,60.02,36.3,335.4,21.4,stable
2026-02-10 09:00:00,9,0.93,94.7,168.8,65.1,59.91,46.2,314.3,17.1,stable
2026-02-10 10:00:00,10,0.93,98.9,181.2,64.9,59.77,58.2,328.8,32.7,unstable
2026-02-10 11:00:00,11,0.98,61.3,119.8,43.7,59.92,12.7,201.4,18.7,stable
2026-02-10 12:00:00,12,0.85,78.5,142.3,62.0,59.86,50.8,286.7,21.4,unstable
2026-02-10 13:00:00,13,0.86,64.5,118.0,43.2,59.83,73.9,295.3,26.3,unstable
2026-02-10 14:00:00,14,0.92,41.1,76.3,29.8,59.91,22.7,196.2,14.9,stable
2026-02-10 15:00:00,15,0.96,124.1,251.4,95.8,59.77,55.6,455.7,21.0,unstable
2026-02-10 16:00:00,16,0.96,84.4,171.9,61.2,59.93,14.4,274.5,21.0,stable
2026-02-10 17:00:00,17,0.96,38.5,73.6,31.4,59.91,35.3,173.2,12.9,stable
2026-02-10 18:00:00,18,0.96,129.5,232.4,84.2,59.87,59.8,406.6,29.8,unstable
2026-02-10 19:00:00,19,0.94,114.7,212.2,86.5,59.79,76.0,411.8,27.2,unstable
2026-02-10 20:00:00,20,0.96,68.7,135.5,51.9,59.74,85.3,312.2,23.2,unstable
2026-02-10 21:00:00,21,0.88,119.9,196.5,78.6,59.81,65.1,389.4,32.2,unstable
2026-02-10 22:00:00,22,0.91,93.7,158.4,67.1,59.95,22.1,314.2,24.1,stable
2026-02-10 23:00:00,23,0.96,98.8,194.7,77.5,59.84,33.5,332.0,11.4,stable
2026-02-11 00:00:00,0,0.84,112.1,199.4,82.1,59.85,64.8,366.9,30.4,unstable
2026-02-11 01:00:00,1,0.96,78.0,140.8,58.7,59.95,27.5,247.2,24.8,stable
2026-02-11 02:00:00,2,0.92,53.6,99.8,39.3,59.85,28.7,189.5,14.2,stable
2026-02-11 03:00:00,3,0.94,120.3,212.6,80.2,59.88,75.4,429.8,23.4,unstable
2026-02-11 04:00:00,4,0.96,38.8,70.0,31.1,59.83,26.1,165.5,19.7,stable
2026-02-11 05:00:00,5,1.0,74.7,152.1,61.7,59.99,41.3,324.4,20.6,stable
2026-02-11 06:00:00,6,1.0,44.6,89.2,38.6,60.01,14.2,184.3,18.2,stable
2026-02-11 07:00:00,7,0.97,75.4,148.0,60.6,59.84,51.4,288.2,13.4,stable
2026-02-11 08:00:00,8,0.96,81.0,158.4,65.6,59.8,46.4,294.9,28.3,unstable
2026-02-11 09:00:00,9,0.95,63.6,128.9,49.0,59.9,29.5,270.6,24.0,stable
2026-02-11 10:00:00,10,1.02,72.4,136.3,55.4,59.88,23.7,252.5,23.4,stable
2026-02-11 11:00:00,11,0.92,111.1,204.8,80.9,59.91,83.9,390.2,22.7,unstable
2026-02-11 12:00:00,12,0.98,84.7,157.1,64.4,59.95,38.6,293.8,12.0,stable
2026-02-11 13:00:00,13,0.89,89.0,154.5,65.8,59.84,76.6,349.4,28.0,unstable
2026-02-11 14:00:00,14,0.97,81.6,166.2,67.9,59.83,28.8,295.5,25.1,stable
2026-02-11 15:00:00,15,0.88,86.4,162.8,58.7,59.82,65.3,353.5,21.3,unstable
2026-02-11 16:00:00,16,0.97,61.6,115.7,47.2,59.98,41.5,249.2,16.1,stable
2026-02-11 17:00:00,17,0.94,34.5,60.6,21.8,59.91,12.6,155.7,14.8,stable
2026-02-11 18:00:00,18,0.92,131.9,243.4,94.5,59.78,63.7,449.8,23.3,unstable
2026-02-11 19:00:00,19,0.96,90.5,183.3,72.5,59.81,76.1,387.9,24.1,unstable
2026-02-11 20:00:00,20,0.94,79.7,161.4,60.7,59.89,45.0,309.9,23.4,unstable
2026-02-11 21:00:00,21,0.89,138.3,247.0,87.4,59.85,65.4,435.6,30.5,unstable
2026-02-11 22:00:00,22,1.02,45.6,98.8,43.0,60.01,21.0,221.5,14.0,stable
2026-02-11 23:00:00,23,0.9,83.0,141.3,62.0,59.82,64.8,325.6,19.4,unstable
2026-02-12 00:00:00,0,0.9,121.5,226.6,83.9,59.8,80.1,427.6,29.7,unstable
2026-02-12 01:00:00,1,0.88,89.0,167.6,62.4,59.89,44.6,325.2,24.6,unstable
2026-02-12 02:00:00,2,0.84,118.5,193.7,69.5,59.83,65.2,395.2,31.2,unstable
2026-02-12 03:00:00,3,0.91,88.6,156.2,56.9,59.9,76.4,350.1,20.9,unstable
2026-02-12 04:00:00,4,0.93,104.7,189.3,75.3,59.94,66.7,381.4,25.5,unstable
2026-02-12 05:00:00,5,1.02,96.5,207.9,81.0,60.01,33.4,390.4,20.9,stable
2026-02-12 06:00:00,6,0.91,138.1,253.0,95.3,59.88,50.5,457.6,29.4,unstable
2026-02-12 07:00:00,7,0.98,65.1,122.3,54.6,59.9,40.9,263.3,17.1,stable
2026-02-12 08:00:00,8,0.95,59.4,114.0,45.6,59.9,30.5,216.8,19.2,stable
2026-02-12 09:00:00,9,0.86,136.7,230.8,101.8,59.74,70.3,454.7,28.2,unstable
2026-02-12 10:00:00,10,0.95,91.2,167.1,63.3,60.03,52.7,316.7,13.6,stable
2026-02-12 11:00:00,11,0.91,49.1,93.2,37.9,59.85,20.0,171.4,14.5,stable
2026-02-12 12:00:00,12,0.89,116.4,213.8,74.8,59.74,75.6,432.0,29.1,unstable
2026-02-12 13:00:00,13,1.01,99.9,190.2,80.6,59.83,50.5,389.2,23.6,stable
2026-02-12 14:00:00,14,0.97,62.1,128.8,46.0,60.03,40.0,259.8,18.1,stable
2026-02-12 15:00:00,15,1.0,98.0,193.1,68.0,59.95,57.1,354.7,12.0,stable
2026-02-12 16:00:00,16,1.01,37.8,77.1,29.0,60.01,14.7,185.7,19.8,stable
2026-02-12 17:00:00,17,0.95,57.6,103.5,45.8,60.02,46.8,238.9,18.1,stable
2026-02-12 18:00:00,18,0.95,35.7,66.2,27.8,59.83,34.8,183.7,21.3,stable
2026-02-12 19:00:00,19,0.96,65.7,123.0,43.6,60.02,32.5,250.7,14.0,stable
2026-02-12 20:00:00,20,0.87,88.9,161.8,58.7,59.89,50.3,313.6,21.4,unstable
2026-02-12 21:00:00,21,0.99,90.4,172.7,63.0,59.96,12.2,282.4,15.4,stable
2026-02-12 22:00:00,22,0.9,93.1,162.8,65.8,59.87,76.6,326.4,23.7,unstable
2026-02-12 23:00:00,23,0.89,120.0,220.9,90.8,59.94,41.8,414.5,30.8,unstable
2026-02-13 00:00:00,0,0.86,106.4,196.1,86.3,59.83,66.6,412.8,26.9,unstable
2026-02-13 01:00:00,1,1.02,48.4,98.7,41.9,59.85,34.8,202.3,23.7,stable
2026-02-13 02:00:00,2,0.93,90.8,174.1,67.3,59.75,51.6,340.8,23.9,unstable
2026-02-13 03:00:00,3,0.94,114.2,227.1,93.5,59.8,76.9,438.9,21.9,unstable
2026-02-13 04:00:00,4,0.96,79.4,156.6,66.8,59.89,55.6,321.0,30.3,unstable
2026-02-13 05:00:00,5,0.95,76.7,145.1,60.6,59.87,58.8,311.6,15.7,stable
2026-02-13 06:00:00,6,1.0,104.9,213.7,93.1,59.84,47.6,380.1,24.0,stable
2026-02-13 07:00:00,7,0.95,69.2,124.7,54.3,59.76,80.3,313.6,30.7,unstable
2026-02-13 08:00:00,8,1.0,42.9,86.7,37.3,59.92,24.2,207.8,18.6,stable
2026-02-13 09:00:00,9,1.0,31.9,61.2,25.7,59.87,53.7,181.0,12.1,stable
2026-02-13 10:00:00,10,0.94,51.2,96.7,42.3,59.83,38.9,243.6,16.6,stable
2026-02-13 11:00:00,11,0.9,138.0,255.4,99.1,59.84,91.9,466.8,22.3,unstable
2026-02-13 12:00:00,12,0.89,64.8,117.0,44.5,59.83,74.8,264.6,23.1,unstable
2026-02-13 13:00:00,13,0.87,78.7,139.7,59.4,59.84,65.0,289.6,21.2,unstable
2026-02-13 14:00:00,14,0.84,83.9,150.7,61.0,59.85,66.0,326.8,26.2,unstable
2026-02-13 15:00:00,15,0.96,85.5,172.1,74.4,59.9,83.4,359.3,25.1,unstable
2026-02-13 16:00:00,16,0.94,50.8,88.4,37.3,59.89,46.3,200.5,14.4,stable
2026-02-13 17:00:00,17,0.87,100.6,179.9,68.8,59.8,39.5,324.0,32.6,unstable
2026-02-13 18:00:00,18,0.92,77.9,140.3,61.3,59.75,84.3,339.0,22.6,unstable
2026-02-13 19:00:00,19,0.92,121.1,239.1,105.8,59.71,63.8,474.1,30.4,unstable
2026-02-13 20:00:00,20,0.95,81.1,163.5,70.6,59.93,54.2,357.2,14.1,stable
2026-02-13 21:00:00,21,0.94,36.6,71.9,31.6,59.85,24.6,179.3,20.2,stable
2026-02-13 22:00:00,22,0.86,91.7,154.0,56.7,59.73,64.6,327.6,19.6,unstable
2026-02-13 23:00:00,23,0.9,138.5,258.0,104.7,59.81,48.8,477.9,26.2,unstable
2026-02-14 00:00:00,0,0.9,111.1,200.3,80.8,59.73,52.9,357.7,21.2,unstable
2026-02-14 01:00:00,1,0.98,64.1,123.7,47.3,59.87,46.0,267.6,18.9,stable
2026-02-14 02:00:00,2,0.99,63.5,134.3,59.7,59.85,54.5,272.5,12.4,stable
2026-02-14 03:00:00,3,0.95,60.2,118.9,42.0,60.01,32.0,242.7,20.5,stable
2026-02-14 04:00:00,4,0.88,100.1,166.7,58.9,59.79,55.4,324.5,20.5,unstable
2026-02-14 05:00:00,5,0.92,84.5,162.8,58.7,60.03,41.9,308.7,20.7,stable
2026-02-14 06:00:00,6,0.98,33.6,64.3,24.7,60.0,44.5,184.6,19.0,stable
2026-02-14 07:00:00,7,0.96,59.0,106.1,41.2,60.0,15.1,199.2,11.9,stable
2026-02-14 08:00:00,8,0.99,45.0,84.8,30.8,59.84,23.7,206.5,19.2,stable
2026-02-14 09:00:00,9,0.93,55.4,96.9,41.1,59.92,49.6,227.4,18.7,stable
2026-02-14 10:00:00,10,0.88,90.1,147.8,63.1,59.83,50.3,289.8,24.6,unstable
2026-02-14 11:00:00,11,0.92,127.3,242.5,101.9,59.9,64.1,440.9,21.9,unstable
2026-02-14 12:00:00,12,0.92,94.2,178.7,65.9,60.04,44.4,331.2,25.1,stable
2026-02-14 13:00:00,13,0.89,93.5,174.9,62.1,59.89,55.2,331.4,27.3,unstable
2026-02-14 14:00:00,14,0.93,115.5,227.8,80.2,59.74,52.7,402.6,21.8,unstable
2026-02-14 15:00:00,15,0.9,88.4,162.9,69.7,59.83,44.3,323.4,24.3,unstable
2026-02-14 16:00:00,16,0.93,40.5,75.4,30.6,59.89,22.5,195.8,14.4,stable
2026-02-14 17:00:00,17,0.92,107.3,183.4,69.8,59.91,51.0,361.4,22.7,unstable
2026-02-14 18:00:00,18,0.86,124.8,212.0,77.6,59.88,62.0,391.5,28.8,unstable
2026-02-14 19:00:00,19,1.02,67.1,126.9,48.4,59.84,26.4,262.7,18.6,stable
2026-02-14 20:00:00,20,0.96,50.9,104.6,41.2,59.89,29.2,214.6,23.5,stable
2026-02-14 21:00:00,21,0.96,45.8,91.6,39.2,59.95,47.2,208.8,19.0,stable
2026-02-14 22:00:00,22,1.0,41.3,80.8,32.8,59.9,10.1,153.1,17.8,stable
2026-02-14 23:00:00,23,0.94,65.0,117.5,43.1,59.88,34.9,251.5,14.2,stable
2026-02-15 00:00:00,0,0.96,84.7,170.5,63.2,59.98,16.9,279.8,25.5,stable
2026-02-15 01:00:00,1,0.85,100.1,173.5,72.6,59.89,80.1,347.0,29.4,unstable
2026-02-15 02:00:00,2,0.92,65.6,116.2,48.7,59.71,83.9,308.3,28.6,unstable
2026-02-15 03:00:00,3,0.84,90.3,157.7,58.7,59.93,42.9,292.7,25.9,unstable
2026-02-15 04:00:00,4,0.96,108.5,223.9,99.6,59.76,87.9,475.6,21.1,unstable
2026-02-15 05:00:00,5,0.92,140.9,252.3,92.7,59.89,46.9,433.0,29.7,unstable
2026-02-15 06:00:00,6,0.96,104.6,197.0,76.7,59.94,30.0,358.4,20.2,stable
2026-02-15 07:00:00,7,0.97,34.9,62.8,23.6,59.99,20.6,152.8,18.5,stable
2026-02-15 08:00:00,8,0.87,108.3,185.9,82.3,59.83,87.9,415.4,28.0,unstable
2026-02-15 09:00:00,9,0.85,107.2,186.2,83.5,59.87,80.4,396.8,29.3,unstable
2026-02-15 10:00:00,10,0.94,124.4,237.9,94.2,59.77,89.6,460.0,28.8,unstable
2026-02-15 11:00:00,11,0.92,116.6,223.4,88.8,59.89,47.9,406.9,25.9,unstable
2026-02-15 12:00:00,12,0.98,96.9,179.9,63.3,59.92,18.1,325.8,25.9,stable
2026-02-15 13:00:00,13,0.93,130.9,251.0,90.8,59.9,91.5,473.7,23.1,unstable
2026-02-15 14:00:00,14,0.95,66.8,118.3,48.2,59.95,42.3,272.0,25.6,stable
2026-02-15 15:00:00,15,0.85,89.2,151.3,67.1,59.84,45.5,324.2,30.9,unstable
2026-02-15 16:00:00,16,0.91,43.2,75.7,30.4,59.92,55.5,194.9,13.6,stable
2026-02-15 17:00:00,17,0.91,67.6,124.4,48.8,59.73,57.5,279.0,29.1,unstable
2026-02-15 18:00:00,18,0.96,116.2,211.8,80.4,59.72,86.0,434.1,30.3,unstable
2026-02-15 19:00:00,19,0.94,120.6,233.1,100.9,59.88,42.5,398.6,29.0,unstable
2026-02-15 20:00:00,20,0.88,107.1,199.1,69.7,59.75,87.5,384.6,24.5,unstable
2026-02-15 21:00:00,21,0.88,70.7,132.2,47.9,59.93,70.4,281.0,25.3,unstable
2026-02-15 22:00:00,22,0.89,131.7,236.0,84.8,59.78,70.3,433.2,27.6,unstable
2026-02-15 23:00:00,23,1.01,91.4,170.0,64.7,60.02,15.2,275.3,14.4,stable
2026-02-16 00:00:00,0,0.92,122.2,209.1,87.0,59.92,88.6,419.1,19.8,unstable
2026-02-16 01:00:00,1,0.88,103.4,186.3,72.4,59.77,61.2,352.5,26.2,unstable
2026-02-16 02:00:00,2,0.88,122.8,219.1,89.2,59.89,73.7,426.1,22.3,unstable
2026-02-16 03:00:00,3,0.96,83.1,151.5,54.0,59.95,15.5,289.8,22.2,stable
2026-02-16 04:00:00,4,0.91,42.3,82.5,34.1,59.92,34.3,188.5,23.5,stable
2026-02-16 05:00:00,5,0.94,95.0,173.6,61.3,60.02,37.9,333.6,15.9,stable
2026-02-16 06:00:00,6,0.88,127.7,237.4,105.6,59.82,43.9,426.7,31.0,unstable
2026-02-16 07:00:00,7,0.88,76.9,143.4,50.6,59.79,70.4,316.6,25.7,unstable
2026-02-16 08:00:00,8,1.0,84.1,167.7,58.9,60.02,56.4,303.4,16.0,stable
2026-02-16 09:00:00,9,0.85,77.0,121.0,51.2,59.77,38.6,238.4,31.7,unstable
2026-02-16 10:00:00,10,1.01,79.8,170.6,75.0,59.97,10.3,308.8,25.8,stable
2026-02-16 11:00:00,11,0.95,107.5,193.4,72.0,59.78,42.5,355.8,31.9,unstable
2026-02-16 12:00:00,12,0.98,28.1,57.5,22.8,59.88,47.9,193.4,25.8,stable
2026-02-16 13:00:00,13,0.9,98.4,172.8,64.9,59.82,79.6,339.3,26.4,unstable
2026-02-16 14:00:00,14,0.93,78.3,146.2,64.2,59.86,44.1,321.3,22.3,stable
2026-02-16 15:00:00,15,0.98,103.7,201.7,71.8,59.89,23.7,366.1,14.0,stable
2026-02-16 16:00:00,16,0.97,66.3,133.0,52.1,59.97,11.6,254.5,20.2,stable
2026-02-16 17:00:00,17,0.86,92.4,156.8,64.1,59.75,83.6,360.5,30.6,unstable
2026-02-16 18:00:00,18,0.86,111.8,197.4,73.5,59.94,91.0,394.9,23.7,unstable
2026-02-16 19:00:00,19,0.94,48.2,90.9,32.7,59.87,11.8,164.0,21.6,stable
2026-02-16 20:00:00,20,0.91,122.6,237.4,100.1,59.73,38.1,399.3,22.5,unstable
2026-02-16 21:00:00,21,0.96,74.3,137.4,56.7,60.01,44.1,281.2,25.9,stable
2026-02-16 22:00:00,22,0.84,114.3,177.8,70.6,59.74,68.2,382.9,26.7,unstable
2026-02-16 23:00:00,23,0.92,124.9,225.2,98.8,59.9,65.6,421.6,31.0,unstable
2026-02-17 00:00:00,0,0.84,95.9,171.3,74.2,59.9,49.6,342.8,22.2,unstable
2026-02-17 01:00:00,1,0.96,98.5,185.1,74.0,59.91,16.3,318.2,17.3,stable
2026-02-17 02:00:00,2,0.92,46.7,89.4,35.1,59.94,19.2,195.1,12.0,stable
2026-02-17 03:00:00,3,0.99,57.9,114.1,49.6,59.93,28.8,256.2,20.6,stable
2026-02-17 04:00:00,4,0.85,86.8,142.0,62.9,59.86,38.0,298.7,31.4,unstable
2026-02-17 05:00:00,5,0.93,68.1,123.2,45.1,59.88,18.6,217.2,15.6,stable
2026-02-17 06:00:00,6,0.93,76.5,133.4,54.3,59.84,58.8,311.8,16.0,stable
2026-02-17 07:00:00,7,0.98,69.7,141.2,63.1,59.9,14.6,251.9,21.2,stable
2026-02-17 08:00:00,8,0.91,125.4,227.7,87.2,59.88,47.7,425.6,22.7,unstable
2026-02-17 09:00:00,9,0.94,124.1,225.1,91.1,59.85,55.3,402.2,30.6,unstable
2026-02-17 10:00:00,10,0.88,139.4,262.1,92.2,59.77,45.8,455.1,30.0,unstable
2026-02-17 11:00:00,11,0.84,136.9,230.1,100.6,59.81,37.6,392.6,27.2,unstable
2026-02-17 12:00:00,12,0.99,100.6,197.6,77.0,59.97,51.2,361.2,11.6,stable
2026-02-17 13:00:00,13,0.88,140.4,247.7,102.1,59.81,41.9,453.2,31.9,unstable
2026-02-17 14:00:00,14,0.89,92.6,155.3,56.0,59.81,87.9,340.7,30.6,unstable
2026-02-17 15:00:00,15,0.92,104.3,196.0,78.1,59.74,37.4,380.4,23.4,unstable
2026-02-17 16:00:00,16,0.95,93.1,166.7,75.0,59.84,55.6,330.2,23.3,stable
2026-02-17 17:00:00,17,1.01,97.9,192.1,85.5,59.88,25.5,325.8,25.6,stable
2026-02-17 18:00:00,18,0.97,45.2,88.3,33.1,59.93,45.3,234.5,13.9,stable
2026-02-17 19:00:00,19,0.86,95.7,174.0,73.3,59.77,49.8,346.1,25.9,unstable
2026-02-17 20:00:00,20,0.93,125.1,226.3,98.7,59.75,50.8,402.1,24.8,unstable
2026-02-17 21:00:00,21,0.92,97.7,191.7,77.1,59.98,31.7,344.9,18.3,stable
2026-02-17 22:00:00,22,0.99,91.2,187.9,72.9,59.85,31.8,317.6,12.1,stable
2026-02-17 23:00:00,23,1.01,101.7,201.9,87.2,60.02,53.4,380.9,11.0,stable
2026-02-18 00:00:00,0,0.98,97.6,205.2,81.9,59.91,35.2,351.2,18.0,stable
2026-02-18 01:00:00,1,1.0,88.7,187.6,82.4,59.99,45.4,345.1,14.8,stable
2026-02-18 02:00:00,2,0.96,133.6,262.6,106.2,59.92,85.8,477.1,26.6,unstable
2026-02-18 03:00:00,3,0.97,66.7,124.5,45.6,59.97,34.6,234.5,13.6,stable
2026-02-18 04:00:00,4,0.92,73.5,141.7,60.7,59.89,40.5,274.8,13.3,stable
2026-02-18 05:00:00,5,0.96,118.1,228.1,84.1,59.91,41.5,396.1,24.9,unstable
2026-02-18 06:00:00,6,0.94,92.7,164.7,71.4,59.99,26.2,289.9,23.6,stable
2026-02-18 07:00:00,7,0.92,134.7,247.5,97.9,59.82,57.0,439.6,23.0,unstable
2026-02-18 08:00:00,8,1.0,102.9,201.8,84.3,60.01,23.3,353.2,21.7,stable
2026-02-18 09:00:00,9,0.99,92.3,182.1,68.3,60.03,55.1,344.0,23.2,stable
2026-02-18 10:00:00,10,0.9,104.5,179.2,69.3,59.83,90.6,380.3,31.8,unstable
2026-02-18 11:00:00,11,0.94,108.2,191.9,80.9,59.84,83.9,398.5,30.3,unstable
2026-02-18 12:00:00,12,0.84,91.1,159.5,59.7,59.83,50.8,292.5,28.7,unstable
2026-02-18 13:00:00,13,0.91,76.3,128.1,47.9,60.03,26.1,229.0,14.7,stable
2026-02-18 14:00:00,14,0.92,73.4,126.4,44.6,59.94,24.9,252.9,11.5,stable
2026-02-18 15:00:00,15,0.94,98.8,179.1,64.9,59.81,65.2,357.0,29.0,unstable
2026-02-18 16:00:00,16,0.89,102.0,188.7,79.4,59.87,71.1,385.9,26.6,unstable
2026-02-18 17:00:00,17,1.01,59.8,113.0,49.6,59.92,48.2,232.3,19.7,stable
2026-02-18 18:00:00,18,1.0,32.2,62.5,22.4,60.03,39.8,172.9,17.4,stable
2026-02-18 19:00:00,19,0.85,121.3,203.1,90.4,59.86,79.2,436.0,31.7,unstable
2026-02-18 20:00:00,20,0.86,94.7,168.2,67.5,59.81,68.7,329.6,27.2,unstable
2026-02-18 21:00:00,21,0.94,37.1,67.0,23.8,60.03,57.9,204.0,12.4,stable
2026-02-18 22:00:00,22,0.96,73.5,136.3,52.5,60.02,41.5,295.7,23.7,stable
2026-02-18 23:00:00,23,1.02,37.8,83.0,33.0,60.02,51.2,214.8,17.1,stable
2026-02-19 00:00:00,0,0.94,97.0,190.6,78.6,59.85,50.1,359.8,13.1,stable
2026-02-19 01:00:00,1,0.95,106.3,200.4,74.0,59.88,70.5,375.4,20.3,unstable
2026-02-19 02:00:00,2,1.01,44.0,92.6,40.4,59.91,42.4,222.3,24.1,stable
2026-02-19 03:00:00,3,0.92,58.0,112.9,41.0,59.9,35.6,218.2,24.9,stable
2026-02-19 04:00:00,4,0.87,134.3,246.4,99.2,59.86,89.9,465.9,28.2,unstable
2026-02-19 05:00:00,5,0.97,44.9,93.3,36.8,59.99,28.4,216.3,16.5,stable
2026-02-19 06:00:00,6,0.94,96.9,173.7,62.1,59.95,33.8,334.1,25.2,stable
2026-02-19 07:00:00,7,1.02,100.1,207.2,80.4,59.97,51.3,405.7,23.7,stable
2026-02-19 08:00:00,8,0.91,107.6,206.0,81.2,59.82,62.9,399.5,19.7,unstable
2026-02-19 09:00:00,9,0.84,118.7,189.8,70.3,59.77,42.5,331.6,31.7,unstable
2026-02-19 10:00:00,10,0.94,111.5,207.9,92.6,59.92,47.4,380.2,23.0,unstable
2026-02-19 11:00:00,11,0.96,63.1,116.2,49.1,59.89,13.6,202.3,23.0,stable
2026-02-19 12:00:00,12,0.93,90.3,173.4,67.1,60.02,58.4,328.1,18.2,stable
2026-02-19 13:00:00,13,0.86,70.6,121.6,50.6,59.95,69.4,267.5,27.8,unstable
2026-02-19 14:00:00,14,0.94,86.7,157.6,58.2,60.03,58.6,295.0,11.6,stable
2026-02-19 15:00:00,15,0.92,103.2,187.6,72.6,59.77,85.8,388.8,28.7,unstable
2026-02-19 16:00:00,16,0.92,130.3,234.3,86.9,59.8,78.6,458.6,27.5,unstable
2026-02-19 17:00:00,17,0.86,76.1,132.0,52.2,59.76,79.7,312.9,22.2,unstable
2026-02-19 18:00:00,18,1.01,29.2,59.4,24.7,59.92,31.3,143.1,20.1,stable
2026-02-19 19:00:00,19,0.93,54.1,98.9,41.6,59.99,45.5,217.4,11.7,stable
2026-02-19 20:00:00,20,0.98,55.2,107.9,45.3,59.95,34.1,229.0,20.0,stable
2026-02-19 21:00:00,21,0.86,86.8,143.1,63.8,59.71,78.2,330.2,30.1,unstable
2026-02-19 22:00:00,22,0.99,34.5,70.6,27.1,59.98,21.0,178.1,11.1,stable
2026-02-19 23:00:00,23,0.94,76.7,141.1,60.2,59.74,55.7,281.9,24.7,unstable
2026-02-20 00:00:00,0,0.94,137.4,251.3,97.3,59.73,91.2,498.7,20.2,unstable
2026-02-20 01:00:00,1,0.98,37.1,73.7,32.4,59.99,51.7,212.7,21.6,stable
2026-02-20 02:00:00,2,0.89,67.4,123.6,49.5,59.83,89.5,283.9,20.8,unstable
2026-02-20 03:00:00,3,1.01,45.6,88.5,35.5,59.94,16.1,208.4,16.5,stable
2026-02-20 04:00:00,4,1.01,64.6,137.9,52.3,59.97,52.7,269.4,18.1,stable
2026-02-20 05:00:00,5,0.98,100.2,191.8,79.2,60.02,12.7,343.4,18.5,stable
2026-02-20 06:00:00,6,0.91,73.6,142.6,54.8,59.88,81.8,304.5,27.5,unstable
2026-02-20 07:00:00,7,0.92,31.0,55.6,19.8,60.03,47.7,174.2,18.9,stable
2026-02-20 08:00:00,8,0.94,51.4,90.7,40.2,60.02,32.5,202.2,19.2,stable
2026-02-20 09:00:00,9,0.89,103.6,177.5,76.7,59.85,75.2,353.3,19.8,unstable
2026-02-20 10:00:00,10,0.92,55.8,95.5,35.5,60.01,40.6,198.0,13.3,stable
2026-02-20 11:00:00,11,0.9,125.4,223.2,88.7,59.85,73.1,425.7,27.5,unstable
2026-02-20 12:00:00,12,0.93,78.2,153.6,54.9,59.83,20.1,254.0,24.4,stable
2026-02-20 13:00:00,13,0.91,119.6,203.2,86.3,59.78,69.7,390.0,23.5,unstable
2026-02-20 14:00:00,14,0.96,95.2,174.0,74.4,59.95,53.2,343.2,16.6,stable
2026-02-20 15:00:00,15,0.95,65.0,126.9,48.4,59.76,38.1,249.4,27.7,unstable
2026-02-20 16:00:00,16,0.92,136.4,239.5,102.3,59.72,49.2,422.2,33.0,unstable
2026-02-20 17:00:00,17,0.95,94.9,189.6,72.3,59.92,75.6,383.7,26.8,unstable
2026-02-20 18:00:00,18,0.88,76.1,137.3,50.7,59.92,45.2,272.7,27.1,unstable
2026-02-20 19:00:00,19,0.93,85.0,164.5,65.1,59.97,32.4,310.5,25.1,stable
2026-02-20 20:00:00,20,0.98,55.5,100.8,35.7,60.01,25.0,225.0,14.2,stable
2026-02-20 21:00:00,21,0.98,93.4,180.0,79.7,59.96,34.0,348.6,24.1,stable
2026-02-20 22:00:00,22,0.91,73.9,125.2,55.7,59.84,69.5,302.5,23.4,unstable
2026-02-20 23:00:00,23,0.99,67.5,128.2,56.1,59.9,43.8,294.2,25.4,stable
2026-02-21 00:00:00,0,1.02,101.4,218.7,87.2,59.91,45.1,394.1,11.6,stable
2026-02-21 01:00:00,1,0.92,92.0,157.1,61.5,59.93,10.8,285.9,15.1,stable
2026-02-21 02:00:00,2,1.02,47.6,98.0,41.1,59.96,56.2,261.6,22.6,stable
2026-02-21 03:00:00,3,0.95,31.1,56.1,19.8,59.98,29.3,131.8,17.1,stable
2026-02-21 04:00:00,4,1.0,54.7,104.0,43.9,60.04,40.0,245.6,25.1,stable
2026-02-21 05:00:00,5,0.95,65.6,121.2,48.6,59.91,42.0,258.5,19.7,unstable
2026-02-21 06:00:00,6,0.95,66.6,125.3,47.3,59.8,53.5,252.6,26.4,unstable
2026-02-21 07:00:00,7,1.02,57.4,115.7,51.0,59.9,40.9,255.5,21.8,stable
2026-02-21 08:00:00,8,0.92,125.8,230.2,87.8,59.94,39.2,412.2,23.7,unstable
2026-02-21 09:00:00,9,0.99,49.0,95.3,40.3,60.04,53.7,214.5,22.5,stable
2026-02-21 10:00:00,10,0.97,78.5,141.4,55.6,59.89,42.1,287.6,14.1,stable
2026-02-21 11:00:00,11,1.02,86.0,167.2,64.7,59.94,32.0,315.5,22.2,stable
2026-02-21 12:00:00,12,0.93,94.5,182.9,69.3,59.91,61.6,350.0,30.9,unstable
2026-02-21 13:00:00,13,0.97,51.9,108.2,46.2,59.86,55.0,276.5,21.3,stable
2026-02-21 14:00:00,14,0.94,116.0,228.8,99.6,59.71,62.8,412.3,23.9,unstable
2026-02-21 15:00:00,15,0.95,92.1,166.4,69.3,59.92,25.5,314.7,25.1,stable
2026-02-21 16:00:00,16,0.88,123.2,201.9,74.9,59.91,55.1,376.2,26.5,unstable
2026-02-21 17:00:00,17,0.94,137.5,262.0,107.4,59.88,75.1,513.4,32.2,unstable
2026-02-21 18:00:00,18,0.91,97.7,182.2,81.8,59.98,49.8,338.3,19.8,stable
2026-02-21 19:00:00,19,0.94,74.8,143.0,51.9,59.96,17.7,245.8,14.1,stable
2026-02-21 20:00:00,20,0.94,100.5,192.8,82.0,59.93,21.4,361.2,16.8,stable
2026-02-21 21:00:00,21,1.0,29.9,61.6,25.6,59.88,29.2,138.6,13.1,stable
2026-02-21 22:00:00,22,0.93,79.4,138.8,54.2,59.92,31.5,282.7,17.6,stable
2026-02-21 23:00:00,23,0.95,82.1,155.3,66.7,59.92,57.1,329.7,15.0,stable
2026-02-22 00:00:00,0,0.92,103.3,188.3,71.2,59.75,66.1,357.1,31.3,unstable
2026-02-22 01:00:00,1,0.93,42.4,76.8,29.6,59.92,48.7,217.7,18.1,stable
2026-02-22 02:00:00,2,0.99,97.4,179.4,69.5,60.02,26.4,340.1,25.3,stable
2026-02-22 03:00:00,3,0.87,111.4,205.4,85.7,59.78,61.1,382.4,29.2,unstable
2026-02-22 04:00:00,4,0.94,34.9,61.9,23.5,59.86,38.2,157.7,12.7,stable
2026-02-22 05:00:00,5,1.0,48.2,89.6,39.2,59.99,22.3,181.1,25.5,stable
2026-02-22 06:00:00,6,0.95,82.4,157.3,66.5,59.92,39.4,285.3,15.8,stable
2026-02-22 07:00:00,7,0.89,115.5,197.2,79.9,59.74,48.8,351.7,25.1,unstable
2026-02-22 08:00:00,8,0.84,74.2,117.6,47.2,59.94,76.0,284.0,20.0,unstable
2026-02-22 09:00:00,9,1.02,74.4,161.6,66.3,59.99,32.7,309.6,16.3,stable
2026-02-22 10:00:00,10,0.84,87.8,155.1,54.7,59.94,61.3,332.9,20.6,unstable
2026-02-22 11:00:00,11,0.95,76.0,137.5,59.9,59.89,68.1,305.7,23.4,unstable
2026-02-22 12:00:00,12,0.86,131.9,241.2,87.9,59.8,57.0,414.9,32.3,unstable
2026-02-22 13:00:00,13,0.95,49.1,88.3,31.9,59.83,39.9,226.2,23.0,stable
2026-02-22 14:00:00,14,0.98,61.0,114.5,48.4,59.99,47.9,251.9,16.6,stable
2026-02-22 15:00:00,15,0.95,99.8,187.2,82.7,60.02,22.1,334.5,23.0,stable
2026-02-22 16:00:00,16,0.96,43.3,84.6,35.5,59.88,31.3,185.5,22.3,stable
2026-02-22 17:00:00,17,0.84,141.2,225.7,93.7,59.91,59.4,429.4,19.2,unstable
2026-02-22 18:00:00,18,0.94,81.0,143.5,56.7,59.99,26.1,290.4,19.2,stable
2026-02-22 19:00:00,19,0.94,78.2,145.3,52.6,59.85,69.0,307.7,26.1,unstable
2026-02-22 20:00:00,20,0.85,87.1,153.5,61.8,59.81,87.9,358.4,24.3,unstable
2026-02-22 21:00:00,21,0.96,128.7,252.8,88.7,59.84,57.1,442.3,20.4,unstable
2026-02-22 22:00:00,22,0.92,99.7,182.6,80.9,59.95,82.0,410.0,26.1,unstable
2026-02-22 23:00:00,23,0.94,45.2,89.3,39.3,59.94,32.2,201.5,18.3,stable
2026-02-23 00:00:00,0,0.95,112.1,227.9,82.0,59.75,38.4,389.5,24.6,unstable
2026-02-23 01:00:00,1,0.95,81.8,152.0,63.4,59.92,41.5,278.5,27.8,unstable
2026-02-23 02:00:00,2,0.92,130.7,259.8,102.2,59.76,40.2,457.3,22.0,unstable
2026-02-23 03:00:00,3,0.91,87.8,158.0,64.1,59.88,82.6,353.5,27.4,unstable
2026-02-23 04:00:00,4,0.89,94.7,179.1,67.9,59.79,78.9,366.7,25.8,unstable
2026-02-23 05:00:00,5,0.97,32.1,67.0,25.5,59.94,29.9,186.7,15.1,stable
2026-02-23 06:00:00,6,0.95,92.7,171.2,65.7,59.94,54.2,313.1,13.4,stable
2026-02-23 07:00:00,7,1.01,85.0,162.0,68.2,59.91,41.4,334.4,16.6,stable
2026-02-23 08:00:00,8,0.91,33.3,57.0,24.7,59.88,38.5,168.0,22.3,stable
2026-02-23 09:00:00,9,1.02,97.4,209.5,92.3,59.85,16.3,363.4,16.9,stable
2026-02-23 10:00:00,10,0.99,37.4,73.4,28.8,60.0,50.5,198.2,18.2,stable
2026-02-23 11:00:00,11,0.97,41.9,83.5,34.3,60.03,46.2,212.2,23.2,stable
2026-02-23 12:00:00,12,1.0,93.3,197.7,77.8,59.86,30.7,366.6,14.8,stable
2026-02-23 13:00:00,13,0.84,70.9,117.5,42.1,59.83,78.5,272.5,22.9,unstable
2026-02-23 14:00:00,14,0.92,98.6,171.4,64.3,59.97,44.0,344.5,23.2,stable
2026-02-23 15:00:00,15,0.98,59.9,120.8,48.0,59.97,12.2,245.9,22.8,stable
2026-02-23 16:00:00,16,0.87,126.0,210.6,87.5,59.92,65.3,402.7,20.8,unstable
2026-02-23 17:00:00,17,1.02,57.1,110.5,39.0,60.0,49.4,238.3,16.3,stable
2026-02-23 18:00:00,18,0.93,102.7,186.6,66.0,59.87,11.3,329.7,22.8,stable
2026-02-23 19:00:00,19,0.91,68.2,115.6,49.3,59.78,39.7,248.9,20.6,unstable
2026-02-23 20:00:00,20,0.89,134.9,233.6,90.6,59.93,76.4,451.2,31.4,unstable
2026-02-23 21:00:00,21,0.96,103.9,207.0,78.0,59.91,51.1,361.0,17.5,stable
2026-02-23 22:00:00,22,0.89,127.4,211.6,77.8,59.71,56.8,410.6,27.1,unstable
2026-02-23 23:00:00,23,1.02,56.6,124.1,51.2,60.04,24.9,260.0,23.9,stable
2026-02-24 00:00:00,0,0.95,92.1,170.4,62.1,59.95,44.4,308.5,11.3,stable
2026-02-24 01:00:00,1,0.91,51.8,90.3,33.1,59.88,40.8,196.1,19.0,stable
2026-02-24 02:00:00,2,0.94,63.7,116.4,48.4,60.03,12.9,211.7,21.9,stable
2026-02-24 03:00:00,3,1.0,48.1,102.1,45.0,60.02,26.7,198.3,18.0,stable
2026-02-24 04:00:00,4,0.9,90.3,173.4,78.0,59.74,45.2,335.3,27.9,unstable
2026-02-24 05:00:00,5,1.01,81.1,161.1,57.6,59.85,30.4,303.9,14.1,stable
2026-02-24 06:00:00,6,0.88,131.3,232.3,90.8,59.74,64.1,416.9,27.0,unstable
2026-02-24 07:00:00,7,0.92,82.7,151.6,59.9,59.85,20.4,287.4,15.6,stable
2026-02-24 08:00:00,8,0.98,50.5,96.4,43.2,59.98,26.1,226.5,17.6,stable
2026-02-24 09:00:00,9,0.84,82.3,144.9,61.4,59.72,43.3,280.4,26.5,unstable
2026-02-24 10:00:00,10,0.9,129.3,239.8,86.6,59.9,87.0,461.7,26.1,unstable
2026-02-24 11:00:00,11,0.89,83.3,137.8,48.4,59.86,39.9,251.6,19.1,unstable
2026-02-24 12:00:00,12,0.86,87.2,158.7,66.3,59.95,44.0,303.8,26.6,unstable
2026-02-24 13:00:00,13,0.99,79.3,159.0,62.5,59.98,53.5,327.2,24.1,stable
2026-02-24 14:00:00,14,0.91,42.1,73.1,29.1,60.04,33.5,162.3,24.1,stable
2026-02-24 15:00:00,15,0.86,92.5,149.6,63.2,59.8,91.6,327.0,32.9,unstable
2026-02-24 16:00:00,16,0.85,137.3,224.0,90.0,59.94,47.7,410.1,21.3,unstable
2026-02-24 17:00:00,17,0.93,135.8,264.6,114.3,59.78,73.1,486.5,25.1,unstable
2026-02-24 18:00:00,18,0.96,66.3,132.1,58.4,59.75,62.0,299.1,30.2,unstable
2026-02-24 19:00:00,19,0.91,70.4,130.1,57.1,59.9,46.5,287.2,19.2,unstable
2026-02-24 20:00:00,20,0.91,90.7,160.2,70.3,60.02,25.7,320.3,25.6,stable
2026-02-24 21:00:00,21,0.97,69.0,139.3,61.5,59.86,27.8,249.4,22.9,stable
2026-02-24 22:00:00,22,1.02,38.0,78.9,32.6,60.0,14.1,194.9,11.3,stable
2026-02-24 23:00:00,23,0.88,128.2,222.7,92.1,59.86,88.5,466.2,30.2,unstable
2026-02-25 00:00:00,0,0.86,63.0,104.6,39.7,59.75,76.5,268.8,20.6,unstable
2026-02-25 01:00:00,1,0.92,72.8,130.2,46.4,59.72,64.5,305.9,23.7,unstable
2026-02-25 02:00:00,2,0.92,103.1,195.3,83.1,59.84,44.1,381.5,17.3,stable
2026-02-25 03:00:00,3,0.89,136.2,257.9,113.9,59.71,70.2,511.5,21.8,unstable
2026-02-25 04:00:00,4,1.02,92.9,178.8,80.1,59.88,51.2,344.9,14.5,stable
2026-02-25 05:00:00,5,0.91,63.9,116.8,41.8,59.83,21.9,208.7,21.3,stable
2026-02-25 06:00:00,6,0.86,95.9,154.6,56.1,59.9,42.1,284.8,25.8,unstable
2026-02-25 07:00:00,7,1.02,53.7,112.8,50.7,60.0,23.6,213.7,19.2,stable
2026-02-25 08:00:00,8,0.93,129.9,240.7,106.2,59.91,74.3,489.7,32.4,unstable
2026-02-25 09:00:00,9,0.94,70.2,124.4,46.7,59.87,32.7,261.3,24.2,stable
2026-02-25 10:00:00,10,0.88,112.2,195.2,86.2,59.8,45.7,370.4,31.0,unstable
2026-02-25 11:00:00,11,0.85,105.0,181.7,68.6,59.71,42.9,321.9,24.5,unstable
2026-02-25 12:00:00,12,1.02,40.0,87.3,30.6,59.85,58.0,239.6,11.6,stable
2026-02-25 13:00:00,13,0.96,114.7,228.5,92.1,59.79,41.4,428.4,22.4,unstable
2026-02-25 14:00:00,14,0.95,140.4,281.6,122.4,59.82,89.8,524.3,23.6,unstable
2026-02-25 15:00:00,15,0.91,41.4,76.6,33.4,60.01,13.5,192.2,17.0,stable
2026-02-25 16:00:00,16,0.84,107.6,181.5,69.7,59.89,61.6,370.7,23.3,unstable
2026-02-25 17:00:00,17,1.01,46.3,89.5,36.9,59.94,52.6,216.9,19.4,stable
2026-02-25 18:00:00,18,0.96,35.4,71.0,26.0,59.98,29.8,160.6,25.7,stable
2026-02-25 19:00:00,19,0.92,122.2,222.6,80.7,59.89,65.0,416.6,30.4,unstable
2026-02-25 20:00:00,20,1.0,77.8,151.7,67.9,59.95,56.5,339.3,17.4,stable
2026-02-25 21:00:00,21,0.9,74.8,141.4,52.2,59.81,89.7,330.7,24.7,unstable
2026-02-25 22:00:00,22,0.93,112.4,196.7,74.5,59.85,39.8,362.4,22.0,unstable
2026-02-25 23:00:00,23,0.98,49.0,101.0,41.6,59.95,22.2,194.1,13.1,stable
2026-02-26 00:00:00,0,0.95,115.1,234.0,100.6,59.89,59.4,429.1,22.7,unstable
2026-02-26 01:00:00,1,1.0,60.8,125.3,47.2,59.89,19.3,252.8,12.7,stable
2026-02-26 02:00:00,2,0.91,89.8,160.4,63.4,59.93,49.4,323.0,22.4,stable
2026-02-26 03:00:00,3,0.94,48.7,91.5,37.7,60.02,59.5,222.3,21.1,stable
2026-02-26 04:00:00,4,0.85,90.5,144.6,62.9,59.74,79.0,336.5,27.5,unstable
2026-02-26 05:00:00,5,0.99,64.5,117.8,42.8,59.87,42.4,235.6,11.4,stable
2026-02-26 06:00:00,6,0.9,116.2,193.5,69.2,59.74,69.8,372.2,23.1,unstable
2026-02-26 07:00:00,7,0.88,106.2,191.0,83.3,59.86,49.7,381.7,23.8,unstable
2026-02-26 08:00:00,8,0.95,95.7,186.0,77.8,59.91,12.0,297.7,25.8,stable
2026-02-26 09:00:00,9,0.96,49.4,93.9,33.6,59.85,54.5,237.7,19.2,stable
2026-02-26 10:00:00,10,0.98,61.4,128.1,52.4,59.94,39.7,255.8,14.5,stable
2026-02-26 11:00:00,11,0.94,86.1,169.0,61.4,59.75,74.4,362.8,23.4,unstable
2026-02-26 12:00:00,12,0.84,108.9,185.5,74.4,59.93,56.4,385.7,22.3,unstable
2026-02-26 13:00:00,13,0.98,65.8,125.8,45.0,59.92,44.1,238.6,12.5,stable
2026-02-26 14:00:00,14,0.9,101.4,183.4,69.2,59.9,55.5,358.8,20.2,unstable
2026-02-26 15:00:00,15,0.92,64.4,125.4,48.1,59.87,58.4,301.5,22.6,stable
2026-02-26 16:00:00,16,0.84,136.3,213.4,76.9,59.92,42.0,362.7,20.6,unstable
2026-02-26 17:00:00,17,0.99,87.8,175.4,66.9,59.99,36.8,327.1,23.0,stable
2026-02-26 18:00:00,18,1.0,59.7,124.7,48.3,60.04,48.2,243.2,12.5,stable
2026-02-26 19:00:00,19,0.91,136.0,256.4,98.2,59.74,41.3,435.5,32.0,unstable
2026-02-26 20:00:00,20,0.98,58.0,108.4,42.5,59.97,34.4,219.9,25.8,stable
2026-02-26 21:00:00,21,1.0,34.3,67.4,30.2,59.89,10.6,151.7,17.4,stable
2026-02-26 22:00:00,22,0.95,110.3,223.8,91.5,59.83,42.3,394.8,24.4,unstable
2026-02-26 23:00:00,23,1.01,66.9,140.2,57.7,59.89,57.9,309.8,13.6,stable
2026-02-27 00:00:00,0,0.88,80.0,129.8,58.0,59.87,60.1,289.5,21.6,unstable
2026-02-27 01:00:00,1,0.92,43.5,75.5,33.3,59.95,49.5,188.0,22.8,stable
2026-02-27 02:00:00,2,1.02,101.7,198.3,79.3,60.02,27.1,364.4,12.6,stable
2026-02-27 03:00:00,3,0.92,90.0,173.4,63.4,59.79,73.4,369.7,25.5,unstable
2026-02-27 04:00:00,4,0.86,130.5,225.8,83.8,59.87,50.9,421.1,23.6,unstable
2026-02-27 05:00:00,5,0.92,87.7,150.8,62.0,59.93,26.9,267.3,20.5,stable
2026-02-27 06:00:00,6,0.95,92.7,172.4,65.2,59.89,12.5,315.7,16.9,stable
2026-02-27 07:00:00,7,0.91,68.6,126.6,50.7,59.98,55.0,276.8,15.7,stable
2026-02-27 08:00:00,8,0.86,98.7,174.7,77.6,59.89,89.7,395.2,22.7,unstable
2026-02-27 09:00:00,9,1.0,74.2,143.0,60.7,59.91,17.8,267.9,19.0,stable
2026-02-27 10:00:00,10,0.87,68.7,127.9,57.3,59.95,39.4,277.3,22.0,unstable
2026-02-27 11:00:00,11,0.93,39.0,73.4,31.4,60.03,15.1,158.2,12.7,stable
2026-02-27 12:00:00,12,0.96,63.9,121.5,49.7,59.86,44.0,248.6,23.5,stable
2026-02-27 13:00:00,13,1.02,96.3,210.5,83.8,59.84,38.1,369.0,14.8,stable
2026-02-27 14:00:00,14,0.87,111.5,182.4,63.9,59.91,87.2,378.9,22.2,unstable
2026-02-27 15:00:00,15,0.99,95.5,197.8,75.2,59.89,49.1,349.5,11.2,stable
2026-02-27 16:00:00,16,0.9,85.8,165.1,70.6,59.81,46.5,317.0,29.7,unstable
2026-02-27 17:00:00,17,0.86,106.6,189.0,71.7,59.74,70.3,367.4,28.9,unstable
2026-02-27 18:00:00,18,0.95,56.8,112.9,49.2,59.87,23.6,216.7,12.3,stable
2026-02-27 19:00:00,19,0.93,94.1,182.9,78.7,59.76,40.5,332.5,22.2,unstable
2026-02-27 20:00:00,20,0.85,141.4,250.6,108.8,59.73,73.1,492.8,26.6,unstable
2026-02-27 21:00:00,21,0.86,92.7,170.2,63.0,59.87,91.0,387.4,28.3,unstable
2026-02-27 22:00:00,22,0.96,103.8,199.1,89.3,59.75,80.6,410.3,25.1,unstable
2026-02-27 23:00:00,23,0.91,77.9,144.0,50.6,60.01,30.2,244.8,11.2,stable
2026-02-28 00:00:00,0,0.93,78.3,137.6,56.2,59.87,12.7,259.6,15.7,stable
2026-02-28 01:00:00,1,0.94,34.1,61.0,22.9,59.85,31.3,140.3,25.2,stable
2026-02-28 02:00:00,2,0.99,94.3,180.2,75.0,59.97,34.3,340.2,13.0,stable
2026-02-28 03:00:00,3,0.99,95.9,182.1,76.1,59.96,39.3,362.6,22.7,stable
2026-02-28 04:00:00,4,0.94,67.7,135.7,58.5,59.88,69.0,288.6,20.8,unstable
2026-02-28 05:00:00,5,0.91,65.8,112.8,48.5,59.79,66.8,293.9,24.4,unstable
2026-02-28 06:00:00,6,1.0,48.3,103.5,43.6,59.88,20.4,231.6,22.5,stable
2026-02-28 07:00:00,7,0.95,33.8,63.7,25.8,59.92,11.6,149.0,21.4,stable
2026-02-28 08:00:00,8,0.9,93.7,170.7,75.0,59.82,82.1,391.1,25.3,unstable
2026-02-28 09:00:00,9,0.94,48.1,92.2,33.0,59.84,23.9,175.9,24.6,stable
2026-02-28 10:00:00,10,0.92,130.9,233.2,87.2,59.89,88.7,447.1,21.8,unstable
2026-02-28 11:00:00,11,0.97,65.7,128.8,54.3,59.99,11.4,225.3,12.0,stable
2026-02-28 12:00:00,12,1.0,85.5,178.1,80.0,59.92,30.2,325.6,21.2,stable
2026-02-28 13:00:00,13,0.86,117.8,192.1,72.7,59.76,87.4,395.0,24.5,unstable
2026-02-28 14:00:00,14,0.87,63.6,106.2,43.6,59.89,66.7,269.9,30.1,unstable
2026-02-28 15:00:00,15,0.96,92.4,166.5,59.5,59.9,47.9,298.6,15.8,stable
2026-02-28 16:00:00,16,0.91,86.0,162.5,60.9,59.9,24.7,304.5,22.4,stable
2026-02-28 17:00:00,17,0.95,68.1,123.5,51.6,59.87,56.1,272.5,20.6,stable
2026-02-28 18:00:00,18,0.99,90.7,170.7,74.0,59.94,46.1,357.6,20.2,stable
2026-02-28 19:00:00,19,0.9,122.6,232.8,85.7,59.77,76.7,455.0,21.0,unstable
2026-02-28 20:00:00,20,0.88,76.2,126.2,45.6,59.75,73.4,268.9,26.7,unstable
2026-02-28 21:00:00,21,0.99,71.1,149.5,62.8,59.84,14.2,292.8,24.6,stable
2026-02-28 22:00:00,22,1.0,51.6,105.6,38.8,59.95,20.9,198.2,15.9,stable
2026-02-28 23:00:00,23,0.87,135.9,238.2,95.0,59.85,78.1,440.6,28.3,unstable
2026-03-01 00:00:00,0,0.93,85.8,149.0,54.2,59.85,18.8,250.6,16.6,stable
2026-03-01 01:00:00,1,0.92,92.5,165.8,60.5,59.91,85.1,362.5,22.0,unstable
2026-03-01 02:00:00,2,0.91,106.1,188.3,72.7,59.89,71.5,388.3,32.1,unstable
2026-03-01 03:00:00,3,0.93,64.0,126.2,53.8,59.91,31.0,255.0,13.7,stable
2026-03-01 04:00:00,4,1.01,47.3,89.1,40.0,59.86,37.1,208.9,23.0,stable
2026-03-01 05:00:00,5,0.87,125.5,234.1,101.2,59.75,89.5,468.9,24.8,unstable
2026-03-01 06:00:00,6,0.96,32.5,65.1,28.2,59.95,44.8,169.9,11.8,stable
2026-03-01 07:00:00,7,0.9,85.7,143.6,50.3,59.85,69.6,288.5,23.2,unstable
2026-03-01 08:00:00,8,1.02,67.5,130.4,53.6,59.92,17.3,268.0,19.3,stable
2026-03-01 09:00:00,9,0.93,92.7,164.7,63.8,59.72,43.1,312.4,23.9,unstable
2026-03-01 10:00:00,10,0.92,94.6,183.5,74.7,59.93,47.6,348.5,22.8,unstable
2026-03-01 11:00:00,11,0.89,137.5,246.3,91.8,59.78,85.6,464.3,20.2,unstable
2026-03-01 12:00:00,12,0.97,44.0,84.8,31.5,59.9,50.0,203.1,20.4,stable
2026-03-01 13:00:00,13,0.97,68.1,125.5,51.3,59.91,48.9,279.0,16.1,stable
2026-03-01 14:00:00,14,1.01,33.8,69.6,29.0,59.91,57.9,203.8,17.5,stable
2026-03-01 15:00:00,15,0.93,106.7,186.7,71.7,59.9,63.9,357.8,20.6,unstable
2026-03-01 16:00:00,16,1.0,67.9,133.0,48.0,59.97,18.4,244.1,25.7,stable
2026-03-01 17:00:00,17,1.01,96.2,204.9,89.4,59.83,23.6,367.6,11.6,stable
2026-03-01 18:00:00,18,1.0,96.5,208.0,75.2,60.0,37.6,383.3,25.5,stable
2026-03-01 19:00:00,19,0.89,67.4,114.3,44.9,59.86,64.9,290.9,31.2,unstable
2026-03-01 20:00:00,20,0.88,104.0,182.1,78.6,59.82,71.8,379.2,30.2,unstable
2026-03-01 21:00:00,21,0.92,107.1,190.8,72.2,59.88,40.1,356.8,21.4,unstable
2026-03-01 22:00:00,22,0.93,87.5,172.7,61.9,59.77,66.0,342.9,22.0,unstable
2026-03-01 23:00:00,23,0.98,60.4,125.2,48.1,59.89,45.3,288.6,25.6,stable
2026-03-02 00:00:00,0,0.84,78.8,130.6,55.3,59.91,40.3,277.4,22.3,unstable
2026-03-02 01:00:00,1,0.9,127.4,236.6,84.3,59.93,54.8,397.4,32.8,unstable
2026-03-02 02:00:00,2,0.93,103.4,187.8,82.8,59.75,42.1,379.9,31.9,unstable
2026-03-02 03:00:00,3,0.9,134.8,227.2,88.3,59.72,65.5,448.0,20.0,unstable
2026-03-02 04:00:00,4,1.01,31.3,67.5,26.1,59.91,58.7,172.8,11.3,stable
2026-03-02 05:00:00,5,1.02,40.4,84.3,35.7,60.03,19.1,168.2,19.5,stable
2026-03-02 06:00:00,6,0.98,69.6,138.3,60.4,60.01,30.7,297.1,25.7,stable
2026-03-02 07:00:00,7,0.97,31.1,58.1,22.1,59.83,20.0,138.3,13.8,stable
2026-03-02 08:00:00,8,0.85,116.2,201.1,87.0,59.72,66.6,396.0,25.2,unstable
2026-03-02 09:00:00,9,1.02,60.8,125.1,56.1,60.01,42.2,269.3,13.7,stable
2026-03-02 10:00:00,10,0.95,72.6,133.8,47.3,60.04,12.1,254.2,19.8,stable
2026-03-02 11:00:00,11,0.94,78.4,149.3,61.4,59.78,90.6,349.3,24.1,unstable
2026-03-02 12:00:00,12,0.99,94.4,198.7,82.0,59.91,19.1,360.6,19.2,stable
2026-03-02 13:00:00,13,1.01,49.0,101.6,37.9,60.03,18.5,178.1,18.3,stable
2026-03-02 14:00:00,14,0.96,94.7,173.0,62.4,59.88,47.6,348.3,24.0,unstable
2026-03-02 15:00:00,15,0.92,53.4,95.8,35.5,59.84,33.1,223.0,14.1,stable
2026-03-02 16:00:00,16,0.98,98.0,184.3,74.2,59.91,58.5,341.6,13.6,stable
2026-03-02 17:00:00,17,0.91,89.1,155.2,64.5,59.84,66.8,308.7,32.4,unstable
2026-03-02 18:00:00,18,0.91,64.8,121.0,44.8,59.74,46.4,265.7,26.9,unstable
2026-03-02 19:00:00,19,0.91,114.7,194.2,85.1,59.81,91.7,394.4,32.1,unstable
2026-03-02 20:00:00,20,0.94,35.1,70.2,28.9,59.91,15.6,170.5,21.9,stable
2026-03-02 21:00:00,21,0.94,28.1,49.3,18.1,59.84,27.5,121.1,14.6,stable
2026-03-02 22:00:00,22,0.92,73.7,132.1,46.9,59.94,37.2,256.0,12.5,stable
2026-03-02 23:00:00,23,0.91,105.0,200.5,74.6,59.88,60.9,392.7,24.4,unstable
2026-03-03 00:00:00,0,0.96,64.2,115.6,42.6,59.89,14.7,218.1,11.7,stable
2026-03-03 01:00:00,1,0.93,101.5,185.6,66.3,60.03,57.9,358.3,23.6,stable
2026-03-03 02:00:00,2,1.01,67.1,125.2,50.2,60.04,27.3,250.4,13.8,stable
2026-03-03 03:00:00,3,0.97,76.4,155.3,64.8,60.02,52.0,300.7,13.2,stable
2026-03-03 04:00:00,4,0.96,99.5,199.9,77.2,59.72,54.2,372.7,28.3,unstable
2026-03-03 05:00:00,5,1.0,61.8,127.5,46.0,60.02,21.7,228.7,17.2,stable
2026-03-03 06:00:00,6,0.89,64.9,111.2,46.6,59.91,74.1,300.7,32.1,unstable
2026-03-03 07:00:00,7,0.93,39.4,75.5,29.0,59.85,45.1,178.0,21.9,stable
2026-03-03 08:00:00,8,0.96,62.0,114.2,43.0,59.98,26.9,208.9,15.4,stable
2026-03-03 09:00:00,9,0.84,122.0,211.6,86.3,59.75,54.9,420.7,28.4,unstable
2026-03-03 10:00:00,10,0.93,131.1,232.2,95.2,59.94,46.2,429.2,23.6,unstable
2026-03-03 11:00:00,11,0.91,96.3,162.9,67.1,59.88,84.0,345.8,29.8,unstable
2026-03-03 12:00:00,12,1.02,59.1,121.2,43.8,60.01,24.6,237.1,14.5,stable
2026-03-03 13:00:00,13,0.88,139.7,230.1,92.4,59.76,77.0,430.3,23.9,unstable
2026-03-03 14:00:00,14,1.01,76.8,164.4,66.0,59.96,37.1,302.7,24.9,stable
2026-03-03 15:00:00,15,0.86,102.5,175.6,77.1,59.86,42.7,343.7,21.8,unstable
2026-03-03 16:00:00,16,0.95,62.4,118.0,44.8,59.95,43.0,242.0,11.8,stable
2026-03-03 17:00:00,17,0.93,67.3,129.3,56.3,59.9,53.2,274.2,17.3,stable
2026-03-03 18:00:00,18,0.88,66.5,118.4,46.6,59.91,54.0,265.9,28.5,unstable
2026-03-03 19:00:00,19,0.89,134.2,244.3,86.0,59.83,51.3,437.9,31.1,unstable
2026-03-03 20:00:00,20,0.96,86.5,163.3,63.2,59.92,51.2,313.6,24.3,unstable
2026-03-03 21:00:00,21,0.92,90.6,161.1,56.7,60.01,33.8,302.6,23.8,stable
2026-03-03 22:00:00,22,0.91,139.6,237.9,87.1,59.93,71.9,453.6,29.7,unstable
2026-03-03 23:00:00,23,0.89,111.0,188.5,67.2,59.78,47.2,339.4,27.8,unstable
2026-03-04 00:00:00,0,0.95,77.0,136.3,47.8,59.72,67.2,320.7,25.7,unstable
2026-03-04 01:00:00,1,0.95,48.5,97.4,35.9,59.93,27.2,222.5,20.7,stable
2026-03-04 02:00:00,2,0.86,74.1,119.8,53.4,59.72,87.5,324.7,25.4,unstable
2026-03-04 03:00:00,3,1.02,92.4,196.3,75.5,59.88,44.5,375.0,24.0,stable
2026-03-04 04:00:00,4,0.88,136.9,236.4,105.4,59.74,53.0,431.5,26.3,unstable
2026-03-04 05:00:00,5,1.01,57.1,119.5,44.5,59.92,47.4,275.9,24.7,stable
2026-03-04 06:00:00,6,0.91,77.9,150.1,55.1,59.91,80.1,326.4,27.3,unstable
2026-03-04 07:00:00,7,0.91,104.3,180.2,69.6,59.85,24.0,331.4,25.6,stable
2026-03-04 08:00:00,8,0.97,92.9,171.8,70.4,59.94,21.7,296.5,17.6,stable
2026-03-04 09:00:00,9,0.9,70.3,132.8,55.7,59.72,74.7,283.7,25.0,unstable
2026-03-04 10:00:00,10,0.92,104.3,183.7,72.3,59.99,36.6,355.4,21.2,stable
2026-03-04 11:00:00,11,0.87,119.3,194.8,75.4,59.82,57.7,383.3,32.0,unstable
2026-03-04 12:00:00,12,0.92,67.4,125.1,53.7,59.75,43.7,259.1,32.0,unstable
2026-03-04 13:00:00,13,0.96,85.6,166.3,66.0,60.03,46.5,345.1,11.7,stable
2026-03-04 14:00:00,14,0.87,82.2,144.3,63.0,59.81,44.1,312.9,31.0,unstable
2026-03-04 15:00:00,15,0.91,135.3,238.0,94.3,59.73,59.2,424.0,24.5,unstable
2026-03-04 16:00:00,16,0.94,87.0,152.5,66.9,59.91,62.8,313.2,31.2,unstable
2026-03-04 17:00:00,17,0.97,94.2,184.7,79.6,59.95,15.1,310.2,16.2,stable
2026-03-04 18:00:00,18,0.95,86.4,154.0,59.4,59.87,14.5,278.0,18.7,stable
2026-03-04 19:00:00,19,0.95,45.5,91.3,33.3,59.92,32.8,178.8,25.3,stable
2026-03-04 20:00:00,20,0.97,88.1,182.6,76.2,59.94,25.7,312.2,18.2,stable
2026-03-04 21:00:00,21,0.86,86.3,141.4,49.6,59.89,38.2,261.1,32.2,unstable
2026-03-04 22:00:00,22,0.89,132.5,237.7,89.0,59.93,62.1,411.4,24.8,unstable
2026-03-04 23:00:00,23,0.93,64.4,113.1,43.9,59.87,34.6,245.7,11.3,stable
2026-03-05 00:00:00,0,0.89,133.2,236.7,100.5,59.84,54.9,417.7,20.9,unstable
2026-03-05 01:00:00,1,0.84,101.2,172.0,68.0,59.72,53.4,333.8,30.8,unstable
2026-03-05 02:00:00,2,0.84,141.9,225.7,93.9,59.92,47.0,419.6,20.7,unstable
2026-03-05 03:00:00,3,1.0,75.2,149.1,61.8,59.92,44.4,303.2,18.7,stable
2026-03-05 04:00:00,4,0.98,77.5,150.5,56.3,59.98,36.0,262.9,21.2,stable
2026-03-05 05:00:00,5,0.98,55.8,102.0,43.6,60.03,29.7,207.7,14.0,stable
2026-03-05 06:00:00,6,0.99,95.5,199.8,87.1,59.93,32.2,347.3,15.3,stable
2026-03-05 07:00:00,7,0.85,139.8,250.6,99.0,59.78,67.7,453.1,24.2,unstable
2026-03-05 08:00:00,8,1.01,67.4,137.3,61.6,60.01,49.5,282.9,13.7,stable
2026-03-05 09:00:00,9,0.96,86.8,156.8,69.7,59.84,18.4,279.6,20.5,stable
2026-03-05 10:00:00,10,0.85,119.2,202.4,73.1,59.94,77.8,401.2,26.0,unstable
2026-03-05 11:00:00,11,0.96,95.6,173.6,64.0,59.9,45.3,313.5,30.0,unstable
2026-03-05 12:00:00,12,1.0,34.5,66.1,24.6,59.9,33.2,191.3,22.2,stable
2026-03-05 13:00:00,13,1.02,42.5,84.6,37.7,60.0,20.6,202.4,16.1,stable
2026-03-05 14:00:00,14,0.93,91.7,164.3,58.8,60.02,18.2,294.2,24.1,stable
2026-03-05 15:00:00,15,0.92,104.4,183.2,65.6,59.9,43.9,326.5,22.0,stable
2026-03-05 16:00:00,16,0.87,108.4,178.8,70.9,59.76,55.0,325.3,30.5,unstable
2026-03-05 17:00:00,17,0.84,125.5,214.3,91.3,59.94,64.0,399.0,20.2,unstable
2026-03-05 18:00:00,18,1.0,89.8,177.6,72.3,59.99,54.0,363.4,25.1,stable
2026-03-05 19:00:00,19,1.02,55.3,108.7,45.7,59.83,24.1,202.7,14.9,stable
2026-03-05 20:00:00,20,0.99,47.5,99.1,43.1,59.88,41.4,251.9,22.4,stable
2026-03-05 21:00:00,21,1.01,96.9,195.7,84.1,60.0,10.6,316.8,25.5,stable
2026-03-05 22:00:00,22,0.87,72.7,123.0,45.2,59.78,81.3,299.0,19.1,unstable
2026-03-05 23:00:00,23,0.87,114.6,191.5,85.7,59.83,43.7,360.7,21.5,unstable
2026-03-06 00:00:00,0,0.93,33.7,62.0,22.6,59.93,11.7,150.7,18.0,stable
2026-03-06 01:00:00,1,0.95,102.1,201.5,73.1,59.96,51.6,371.8,18.0,stable
2026-03-06 02:00:00,2,0.86,73.4,126.2,46.0,59.81,75.4,274.6,25.4,unstable
2026-03-06 03:00:00,3,1.02,50.0,108.1,43.5,59.85,53.5,245.5,12.1,stable
2026-03-06 04:00:00,4,0.87,132.9,242.6,91.2,59.78,76.8,461.5,28.4,unstable
2026-03-06 05:00:00,5,0.94,113.8,199.4,80.1,59.78,85.5,402.2,24.6,unstable
2026-03-06 06:00:00,6,1.02,63.9,125.4,55.4,59.93,42.7,277.1,12.6,stable
2026-03-06 07:00:00,7,0.86,123.4,226.4,91.7,59.87,83.2,456.1,23.1,unstable
2026-03-06 08:00:00,8,0.92,37.5,70.1,30.4,60.03,22.7,169.1,23.2,stable
2026-03-06 09:00:00,9,0.95,130.6,236.0,96.3,59.72,49.7,446.3,30.9,unstable
2026-03-06 10:00:00,10,0.93,121.2,214.8,76.2,59.9,87.9,411.3,25.3,unstable
2026-03-06 11:00:00,11,0.91,66.1,121.6,46.9,59.75,39.0,272.2,30.6,unstable
2026-03-06 12:00:00,12,0.96,77.5,147.6,64.4,59.86,74.3,313.8,29.7,unstable
2026-03-06 13:00:00,13,0.85,81.9,137.2,55.3,59.76,87.5,344.9,20.1,unstable
2026-03-06 14:00:00,14,1.0,88.6,165.3,64.5,60.03,58.2,340.3,21.6,stable
2026-03-06 15:00:00,15,0.87,136.7,246.0,109.8,59.85,38.9,461.3,29.8,unstable
2026-03-06 16:00:00,16,0.97,70.0,141.3,52.2,59.87,48.3,291.8,24.4,stable
2026-03-06 17:00:00,17,0.84,71.9,116.4,51.9,59.76,83.3,290.7,22.6,unstable
2026-03-06 18:00:00,18,0.87,71.1,118.2,45.7,59.74,41.3,268.3,27.3,unstable
2026-03-06 19:00:00,19,0.95,94.5,169.2,70.3,59.83,78.3,362.1,20.0,unstable
2026-03-06 20:00:00,20,1.01,73.9,157.5,69.5,59.91,35.0,294.8,25.7,stable
2026-03-06 21:00:00,21,0.94,100.7,178.8,77.2,59.87,11.0,300.8,25.5,stable
2026-03-06 22:00:00,22,0.86,90.5,146.0,52.6,59.85,73.2,312.7,19.2,unstable
2026-03-06 23:00:00,23,1.01,72.2,144.1,58.0,59.88,48.4,277.3,15.3,stable
2026-03-07 00:00:00,0,0.85,68.8,110.2,40.7,59.86,47.4,263.9,23.7,unstable
2026-03-07 01:00:00,1,0.92,116.1,224.8,89.7,59.8,69.4,445.1,22.1,unstable
2026-03-07 02:00:00,2,0.96,139.3,278.6,122.0,59.89,65.3,534.1,25.6,unstable
2026-03-07 03:00:00,3,0.94,106.1,212.1,77.3,59.76,46.9,388.0,23.9,unstable
2026-03-07 04:00:00,4,0.92,71.3,140.5,52.2,59.9,19.4,241.4,23.0,stable
2026-03-07 05:00:00,5,0.93,64.6,118.4,46.4,59.78,66.8,300.1,32.4,unstable
2026-03-07 06:00:00,6,0.99,103.0,210.4,89.1,59.95,44.4,378.5,24.4,stable
2026-03-07 07:00:00,7,0.94,107.5,189.6,82.1,59.78,50.7,372.5,30.4,unstable
2026-03-07 08:00:00,8,0.91,88.6,172.1,60.8,59.78,56.3,342.3,19.9,unstable
2026-03-07 09:00:00,9,0.92,116.2,201.2,83.7,59.8,77.1,396.0,28.7,unstable
2026-03-07 10:00:00,10,0.89,99.9,172.7,61.5,59.81,75.8,364.3,23.3,unstable
2026-03-07 11:00:00,11,0.95,69.4,134.1,55.8,59.98,33.5,257.8,18.7,stable
2026-03-07 12:00:00,12,0.86,132.0,234.4,101.6,59.86,59.5,459.5,21.4,unstable
2026-03-07 13:00:00,13,1.01,36.3,68.4,27.3,59.83,14.6,154.0,21.7,stable
2026-03-07 14:00:00,14,0.95,90.8,176.7,76.3,59.75,79.6,399.2,19.4,unstable
2026-03-07 15:00:00,15,0.94,34.0,62.3,27.2,59.95,22.9,149.8,12.4,stable
2026-03-07 16:00:00,16,0.96,102.7,194.1,69.1,59.93,24.8,332.5,20.4,stable
2026-03-07 17:00:00,17,0.92,39.8,73.7,29.3,59.84,48.2,215.6,21.9,stable
2026-03-07 18:00:00,18,1.0,77.5,165.3,58.2,60.0,32.9,279.0,24.0,stable
2026-03-07 19:00:00,19,0.94,57.9,103.1,38.7,60.01,16.0,202.2,12.2,stable
2026-03-07 20:00:00,20,1.02,67.9,139.3,48.9,59.92,36.1,244.4,19.1,stable
2026-03-07 21:00:00,21,0.85,79.2,143.9,63.9,59.88,86.2,327.6,32.0,unstable
2026-03-07 22:00:00,22,0.93,96.4,185.5,66.7,60.0,52.6,326.8,17.5,stable
2026-03-07 23:00:00,23,0.96,35.5,71.2,30.7,60.04,52.8,220.5,18.2,stable
2026-03-08 00:00:00,0,0.96,69.5,132.7,57.4,59.75,60.7,307.3,30.6,unstable
2026-03-08 01:00:00,1,0.96,134.0,253.8,93.2,59.72,53.7,438.6,26.0,unstable
2026-03-08 02:00:00,2,0.86,101.6,185.4,76.7,59.75,80.9,397.5,27.0,unstable
2026-03-08 03:00:00,3,0.96,33.4,61.5,26.3,59.97,53.0,161.4,22.7,stable
2026-03-08 04:00:00,4,0.84,122.7,207.0,87.1,59.9,81.7,403.6,19.1,unstable
2026-03-08 05:00:00,5,0.92,64.6,112.7,41.8,59.87,42.7,229.1,13.2,stable
2026-03-08 06:00:00,6,0.89,97.6,163.3,58.0,59.87,79.7,364.9,29.1,unstable
2026-03-08 07:00:00,7,0.85,112.6,203.6,79.6,59.72,69.0,390.9,32.8,unstable
2026-03-08 08:00:00,8,0.85,73.5,121.9,54.4,59.74,43.3,268.5,22.4,unstable
2026-03-08 09:00:00,9,0.95,53.0,107.4,48.2,59.93,19.1,196.9,13.1,stable
2026-03-08 10:00:00,10,0.89,91.7,157.7,60.8,59.75,44.1,287.3,25.4,unstable
2026-03-08 11:00:00,11,0.96,132.2,265.7,110.5,59.79,83.4,522.5,32.3,unstable
2026-03-08 12:00:00,12,0.9,123.8,234.1,98.5,59.95,89.9,480.5,29.9,unstable
2026-03-08 13:00:00,13,1.02,93.0,175.8,78.0,60.0,43.7,346.7,15.6,stable
2026-03-08 14:00:00,14,0.85,129.1,216.1,82.2,59.91,81.8,400.6,28.0,unstable
2026-03-08 15:00:00,15,0.92,66.8,113.7,48.6,59.96,36.3,221.3,24.9,stable
2026-03-08 16:00:00,16,0.89,125.3,207.9,85.5,59.73,66.1,419.9,19.4,unstable
2026-03-08 17:00:00,17,0.91,111.2,205.7,87.1,59.9,49.4,393.2,27.6,unstable
2026-03-08 18:00:00,18,0.93,69.5,126.7,54.1,60.03,43.6,279.7,12.5,stable
2026-03-08 19:00:00,19,0.91,141.7,270.5,119.6,59.73,86.4,514.1,19.3,unstable
2026-03-08 20:00:00,20,0.96,54.2,98.3,42.6,59.97,26.1,204.5,17.4,stable
2026-03-08 21:00:00,21,0.95,106.0,191.7,76.1,59.83,89.6,426.0,31.4,unstable
2026-03-08 22:00:00,22,0.88,72.0,136.2,58.2,59.76,77.7,304.3,29.8,unstable
2026-03-08 23:00:00,23,0.96,87.6,161.6,70.9,59.79,86.8,389.0,27.2,unstable
2026-03-09 00:00:00,0,0.95,104.4,190.7,70.8,59.8,87.3,372.8,32.6,unstable
2026-03-09 01:00:00,1,0.91,33.7,64.1,23.8,59.92,30.3,154.5,11.6,stable
2026-03-09 02:00:00,2,0.99,33.5,69.4,27.4,59.88,45.8,179.8,16.9,stable
2026-03-09 03:00:00,3,0.93,66.9,124.2,54.5,59.93,65.8,282.6,19.5,unstable
2026-03-09 04:00:00,4,0.98,86.3,166.6,61.1,60.03,15.2,287.6,14.5,stable
2026-03-09 05:00:00,5,0.96,125.1,229.5,91.7,59.81,88.8,447.4,31.3,unstable
2026-03-09 06:00:00,6,0.88,98.7,162.6,64.9,59.91,65.8,352.0,32.8,unstable
2026-03-09 07:00:00,7,0.91,131.5,244.1,89.9,59.77,55.0,423.3,23.6,unstable
2026-03-09 08:00:00,8,0.88,110.4,188.9,68.5,59.84,68.2,383.6,28.2,unstable
2026-03-09 09:00:00,9,0.94,66.4,115.7,48.8,59.92,36.7,224.3,20.9,stable
2026-03-09 10:00:00,10,0.94,74.8,146.7,57.4,59.82,91.2,324.5,31.4,unstable
2026-03-09 11:00:00,11,0.97,54.3,105.6,38.5,60.01,26.8,201.9,25.8,stable
2026-03-09 12:00:00,12,0.84,96.1,173.2,63.8,59.82,79.9,366.4,24.0,unstable
2026-03-09 13:00:00,13,0.93,127.7,249.6,110.7,59.95,67.6,497.3,25.8,unstable
2026-03-09 14:00:00,14,0.96,83.0,166.5,72.5,59.75,41.9,339.8,22.8,unstable
2026-03-09 15:00:00,15,0.97,58.1,115.6,46.7,59.98,52.1,278.7,21.2,stable
2026-03-09 16:00:00,16,0.88,101.9,176.8,77.6,59.9,85.9,383.5,23.8,unstable
2026-03-09 17:00:00,17,0.94,78.5,154.6,57.1,59.89,16.0,282.3,24.2,stable
2026-03-09 18:00:00,18,0.93,59.5,110.8,47.3,59.89,45.0,261.0,20.6,stable
2026-03-09 19:00:00,19,1.0,95.9,192.9,71.7,59.9,40.7,352.5,23.3,stable
2026-03-09 20:00:00,20,0.93,129.1,228.8,102.6,59.82,74.3,467.8,28.6,unstable
2026-03-09 21:00:00,21,0.94,38.6,73.4,30.5,59.94,36.9,180.3,13.2,stable
2026-03-09 22:00:00,22,0.95,125.5,227.0,96.8,59.74,46.4,410.5,19.5,unstable
2026-03-09 23:00:00,23,0.97,83.2,153.0,58.8,59.83,15.5,285.4,22.8,stable
2026-03-10 00:00:00,0,0.95,42.7,77.3,29.4,60.0,50.4,183.7,20.9,stable
2026-03-10 01:00:00,1,0.86,141.6,246.6,108.9,59.86,37.7,438.4,26.6,unstable
2026-03-10 02:00:00,2,0.96,32.3,62.6,23.8,59.89,30.4,163.6,11.8,stable
2026-03-10 03:00:00,3,0.96,78.0,140.1,54.0,59.92,55.9,282.6,27.6,unstable
2026-03-10 04:00:00,4,1.01,68.1,146.8,53.2,59.95,56.5,284.6,25.0,stable
2026-03-10 05:00:00,5,0.97,32.8,62.2,27.3,59.83,54.4,193.6,24.0,stable
2026-03-10 06:00:00,6,0.96,61.4,110.5,49.6,59.85,32.9,225.2,19.3,stable
2026-03-10 07:00:00,7,0.9,97.7,179.5,75.8,59.84,79.5,356.1,26.2,unstable
2026-03-10 08:00:00,8,1.01,59.2,119.0,53.3,59.83,56.3,258.6,16.3,stable
2026-03-10 09:00:00,9,0.95,100.3,196.7,74.1,59.92,65.3,356.9,30.7,unstable
2026-03-10 10:00:00,10,0.95,138.5,260.1,111.2,59.93,85.4,513.7,27.1,unstable
2026-03-10 11:00:00,11,0.92,63.1,118.5,44.0,60.02,28.2,252.5,20.4,stable
2026-03-10 12:00:00,12,0.86,120.7,221.2,80.5,59.81,90.1,415.3,30.3,unstable
2026-03-10 13:00:00,13,0.94,79.7,149.6,59.8,60.0,58.5,299.9,14.8,stable
2026-03-10 14:00:00,14,0.96,55.9,104.5,36.6,59.92,10.8,187.4,18.8,stable
2026-03-10 15:00:00,15,0.89,103.1,191.1,75.5,59.74,75.1,387.6,27.8,unstable
2026-03-10 16:00:00,16,0.96,61.5,111.8,42.9,59.98,30.9,216.8,22.4,stable
2026-03-10 17:00:00,17,0.86,126.1,234.1,95.8,59.85,80.3,450.1,24.1,unstable
2026-03-10 18:00:00,18,0.99,43.1,85.6,35.8,59.99,33.4,204.2,23.9,stable
2026-03-10 19:00:00,19,0.94,37.5,65.6,27.4,59.95,44.5,178.2,22.0,stable
2026-03-10 20:00:00,20,0.89,95.8,177.5,72.9,59.76,58.1,329.7,29.3,unstable
2026-03-10 21:00:00,21,0.99,91.1,178.9,70.1,59.84,20.0,333.5,19.7,stable
2026-03-10 22:00:00,22,0.84,135.7,215.3,92.4,59.94,74.6,406.1,25.6,unstable
2026-03-10 23:00:00,23,0.9,63.6,109.3,39.1,59.75,60.3,238.9,20.9,unstable
2026-03-11 00:00:00,0,1.0,67.0,129.4,52.3,59.93,11.6,250.3,12.0,stable
2026-03-11 01:00:00,1,0.95,88.1,168.1,71.3,59.85,28.2,332.9,22.0,stable
2026-03-11 02:00:00,2,0.97,48.5,88.7,34.9,59.94,56.8,206.7,17.9,stable
2026-03-11 03:00:00,3,0.97,33.5,68.5,26.5,59.9,57.2,210.2,22.6,stable
2026-03-11 04:00:00,4,0.86,90.3,144.9,57.1,59.74,44.6,289.2,33.0,unstable
2026-03-11 05:00:00,5,0.91,124.9,234.5,102.9,59.75,55.3,454.6,27.3,unstable
2026-03-11 06:00:00,6,0.95,87.2,163.1,69.7,59.94,53.9,328.3,12.6,stable
2026-03-11 07:00:00,7,0.89,142.0,239.5,84.9,59.85,64.1,436.4,21.9,unstable
2026-03-11 08:00:00,8,0.93,85.1,169.8,65.8,59.98,23.0,316.6,16.2,stable
2026-03-11 09:00:00,9,0.94,115.8,219.8,82.1,59.89,84.0,425.9,32.1,unstable
2026-03-11 10:00:00,10,0.98,31.9,62.8,26.7,59.87,44.1,181.8,14.8,stable
2026-03-11 11:00:00,11,0.86,83.4,136.9,48.8,59.76,68.1,282.4,26.1,unstable
2026-03-11 12:00:00,12,0.96,93.4,171.2,71.7,60.01,35.6,312.1,21.6,stable
2026-03-11 13:00:00,13,0.92,35.7,66.8,26.7,59.99,54.1,185.9,15.6,stable
2026-03-11 14:00:00,14,1.02,98.8,197.7,78.5,59.84,40.5,380.1,23.1,stable
2026-03-11 15:00:00,15,0.9,75.5,138.3,50.4,59.71,72.3,303.3,29.0,unstable
2026-03-11 16:00:00,16,0.9,124.3,222.6,94.5,59.92,41.6,385.7,31.5,unstable
2026-03-11 17:00:00,17,0.93,29.3,52.6,18.9,59.92,17.6,143.7,12.4,stable
2026-03-11 18:00:00,18,0.92,137.7,256.3,90.4,59.74,88.3,501.7,22.2,unstable
2026-03-11 19:00:00,19,0.91,33.9,61.5,23.9,59.9,29.6,140.9,21.0,stable
2026-03-11 20:00:00,20,0.85,73.7,119.8,49.6,59.9,69.7,282.0,23.8,unstable
2026-03-11 21:00:00,21,0.91,87.0,147.4,58.5,59.83,67.7,296.5,28.4,unstable
2026-03-11 22:00:00,22,0.91,132.7,244.0,89.0,59.92,40.8,432.1,24.9,unstable
2026-03-11 23:00:00,23,1.01,44.7,95.9,34.1,59.83,51.4,231.3,21.1,stable
2026-03-12 00:00:00,0,0.91,74.9,139.1,55.2,59.94,19.6,276.8,15.1,stable
2026-03-12 01:00:00,1,0.87,135.0,221.1,78.0,59.95,38.6,371.3,29.8,unstable
2026-03-12 02:00:00,2,0.94,140.5,272.6,122.6,59.88,76.1,526.8,24.9,unstable
2026-03-12 03:00:00,3,1.02,82.3,160.2,64.1,59.85,52.5,330.9,25.3,stable
2026-03-12 04:00:00,4,0.91,89.3,161.9,64.7,59.77,61.3,322.8,26.4,unstable
2026-03-12 05:00:00,5,0.84,109.0,172.6,73.3,59.76,80.2,361.4,21.4,unstable
2026-03-12 06:00:00,6,0.99,50.3,93.9,34.5,59.9,36.2,223.4,12.2,stable
2026-03-12 07:00:00,7,0.91,60.6,110.7,49.6,59.97,35.5,219.6,14.2,stable
2026-03-12 08:00:00,8,0.87,92.9,153.8,62.2,59.77,82.0,349.9,31.8,unstable
2026-03-12 09:00:00,9,0.96,65.6,130.5,47.4,59.87,30.1,232.4,22.9,stable
2026-03-12 10:00:00,10,0.97,32.5,66.4,23.9,60.01,36.3,158.6,19.1,stable
2026-03-12 11:00:00,11,0.95,141.4,249.8,91.1,59.94,89.8,468.2,19.1,unstable
2026-03-12 12:00:00,12,1.01,75.7,144.1,57.1,59.87,55.9,295.9,18.0,stable
2026-03-12 13:00:00,13,0.96,104.5,213.9,78.2,59.83,37.2,358.7,18.1,stable
2026-03-12 14:00:00,14,0.94,48.9,87.4,37.2,60.0,11.7,188.4,18.8,stable
2026-03-12 15:00:00,15,1.0,89.6,188.0,76.6,59.87,42.1,349.9,21.0,stable
2026-03-12 16:00:00,16,0.94,75.5,131.4,54.0,59.87,21.7,245.1,12.2,stable
2026-03-12 17:00:00,17,0.95,59.3,120.6,53.5,59.93,42.5,279.0,16.3,stable
2026-03-12 18:00:00,18,0.96,85.1,168.6,75.8,59.94,44.8,326.6,24.4,stable
2026-03-12 19:00:00,19,0.99,53.1,100.5,41.5,59.98,49.3,230.9,24.5,stable
2026-03-12 20:00:00,20,0.96,57.4,112.2,49.7,59.88,42.7,267.1,12.1,stable
2026-03-12 21:00:00,21,0.96,75.8,153.6,54.1,59.88,37.7,277.1,21.4,unstable
2026-03-12 22:00:00,22,0.98,85.5,159.9,64.8,59.99,12.5,289.4,24.4,stable
2026-03-12 23:00:00,23,0.96,67.6,133.8,53.9,59.83,88.5,338.0,27.2,unstable
2026-03-13 00:00:00,0,0.87,69.1,116.0,40.7,59.82,75.8,288.5,24.5,unstable
2026-03-13 01:00:00,1,0.95,45.5,86.6,35.9,59.95,41.1,229.5,11.2,stable
2026-03-13 02:00:00,2,0.93,136.2,269.4,95.6,59.85,58.9,450.7,23.5,unstable
2026-03-13 03:00:00,3,0.94,131.1,244.0,89.9,59.71,61.8,447.0,19.1,unstable
2026-03-13 04:00:00,4,0.96,78.5,158.8,58.8,59.84,52.1,334.1,21.8,stable
2026-03-13 05:00:00,5,0.84,137.4,221.4,87.8,59.91,73.1,447.1,22.2,unstable
2026-03-13 06:00:00,6,0.94,126.9,234.3,100.8,59.78,87.6,469.2,25.0,unstable
2026-03-13 07:00:00,7,0.98,93.0,175.5,74.3,59.86,19.8,303.8,25.0,stable
2026-03-13 08:00:00,8,0.88,107.0,192.7,81.9,59.89,85.6,387.8,23.3,unstable
2026-03-13 09:00:00,9,0.9,88.4,163.8,72.6,59.8,74.8,359.5,22.0,unstable
2026-03-13 10:00:00,10,0.91,50.0,92.6,39.1,60.01,40.8,214.7,25.7,stable
2026-03-13 11:00:00,11,0.94,118.4,210.8,84.6,59.72,38.3,383.5,31.1,unstable
2026-03-13 12:00:00,12,0.88,87.6,155.6,58.2,59.82,61.1,344.3,24.0,unstable
2026-03-13 13:00:00,13,0.93,94.7,177.1,65.0,59.93,11.1,314.1,21.2,stable
2026-03-13 14:00:00,14,0.87,113.4,205.3,89.0,59.91,86.4,403.4,27.8,unstable
2026-03-13 15:00:00,15,0.98,67.2,132.4,59.0,59.84,14.1,234.6,22.0,stable
2026-03-13 16:00:00,16,0.93,83.6,163.9,58.6,59.96,46.1,305.8,23.2,stable
2026-03-13 17:00:00,17,0.96,70.6,142.5,55.7,59.87,30.4,249.9,16.9,stable
2026-03-13 18:00:00,18,0.95,117.4,227.6,98.9,59.94,57.0,441.8,32.1,unstable
2026-03-13 19:00:00,19,0.9,86.1,159.6,63.3,59.75,79.8,327.1,31.5,unstable
2026-03-13 20:00:00,20,0.88,111.1,192.4,83.6,59.82,37.4,360.1,32.9,unstable
2026-03-13 21:00:00,21,0.94,104.7,201.1,88.7,59.88,65.3,379.8,20.2,unstable
2026-03-13 22:00:00,22,0.95,114.7,215.6,81.9,59.78,66.4,386.4,27.3,unstable
2026-03-13 23:00:00,23,0.99,77.6,161.4,64.4,59.97,22.2,283.4,11.3,stable
2026-03-14 00:00:00,0,0.84,126.6,226.9,100.0,59.79,87.5,460.8,31.6,unstable
2026-03-14 01:00:00,1,0.94,84.1,153.7,56.2,59.76,49.8,302.3,26.2,unstable
2026-03-14 02:00:00,2,0.97,43.1,83.4,34.7,60.01,18.3,196.2,19.6,stable
2026-03-14 03:00:00,3,1.02,43.9,86.5,32.1,59.91,37.5,196.0,12.7,stable
2026-03-14 04:00:00,4,0.84,111.2,175.8,66.7,59.87,76.0,344.9,28.2,unstable
2026-03-14 05:00:00,5,0.99,54.3,112.9,42.5,59.87,58.3,244.2,19.9,stable
2026-03-14 06:00:00,6,0.99,70.6,134.5,51.8,59.97,38.2,288.1,22.0,stable
2026-03-14 07:00:00,7,0.91,142.0,270.5,116.5,59.88,60.9,504.5,25.0,unstable
2026-03-14 08:00:00,8,0.88,132.2,229.5,91.0,59.86,85.6,474.9,20.5,unstable
2026-03-14 09:00:00,9,0.95,71.5,141.6,56.1,59.84,14.8,254.0,23.5,stable
2026-03-14 10:00:00,10,0.94,100.3,179.9,65.5,59.88,50.5,317.2,23.3,stable
2026-03-14 11:00:00,11,0.94,120.6,242.0,90.6,59.77,50.9,422.3,24.5,unstable
2026-03-14 12:00:00,12,0.85,92.9,158.9,56.1,59.83,75.2,341.1,30.4,unstable
2026-03-14 13:00:00,13,0.92,78.6,150.7,57.3,59.87,82.1,339.4,31.8,unstable
2026-03-14 14:00:00,14,0.94,28.7,56.3,24.2,60.0,10.2,157.2,22.4,stable
2026-03-14 15:00:00,15,0.87,77.0,124.9,47.3,59.93,74.5,292.7,26.4,unstable
2026-03-14 16:00:00,16,0.99,66.2,129.3,45.6,59.96,24.9,230.4,12.8,stable
2026-03-14 17:00:00,17,0.89,109.5,207.8,74.8,59.72,67.2,412.6,20.1,unstable
2026-03-14 18:00:00,18,0.95,122.9,229.9,82.1,59.71,56.9,427.3,29.3,unstable
2026-03-14 19:00:00,19,0.95,100.9,184.5,78.6,59.72,76.8,399.0,24.5,unstable
2026-03-14 20:00:00,20,0.95,56.0,103.8,40.8,59.94,22.9,207.6,22.3,stable
2026-03-14 21:00:00,21,1.02,64.3,122.0,43.9,59.97,49.0,236.7,20.6,stable
2026-03-14 22:00:00,22,0.94,93.3,180.3,67.9,59.79,87.0,361.1,30.7,unstable
2026-03-14 23:00:00,23,0.85,106.6,172.3,71.2,59.78,40.5,334.8,20.9,unstable
2026-03-15 00:00:00,0,0.94,35.4,71.1,29.5,59.91,21.3,187.7,24.5,stable
2026-03-15 01:00:00,1,0.91,35.6,63.7,26.4,60.04,44.1,176.1,14.8,stable
2026-03-15 02:00:00,2,0.88,138.8,232.9,100.4,59.79,80.9,442.0,25.4,unstable
2026-03-15 03:00:00,3,0.88,73.4,125.2,51.0,59.92,43.7,262.5,25.9,unstable
2026-03-15 04:00:00,4,0.85,127.9,204.7,72.7,59.74,85.7,413.5,22.3,unstable
2026-03-15 05:00:00,5,0.95,82.9,150.2,53.6,59.97,56.8,324.0,12.0,stable
2026-03-15 06:00:00,6,0.97,49.0,92.1,32.9,59.85,24.9,206.4,19.4,stable
2026-03-15 07:00:00,7,0.89,126.4,225.8,100.3,59.74,68.1,458.8,31.6,unstable
2026-03-15 08:00:00,8,1.02,56.2,118.0,50.4,59.9,12.3,208.2,19.8,stable
2026-03-15 09:00:00,9,0.86,75.5,125.5,54.6,59.87,86.7,309.7,22.2,unstable
2026-03-15 10:00:00,10,0.9,140.8,255.7,91.5,59.73,69.3,476.6,22.6,unstable
2026-03-15 11:00:00,11,1.01,53.1,107.8,42.7,59.9,11.8,227.6,20.8,stable
2026-03-15 12:00:00,12,0.84,80.6,131.1,48.3,59.73,38.8,275.7,26.0,unstable
2026-03-15 13:00:00,13,0.92,103.4,191.2,83.3,59.79,88.4,412.3,19.5,unstable
2026-03-15 14:00:00,14,0.89,133.4,230.3,86.0,59.87,39.3,388.8,20.0,unstable
2026-03-15 15:00:00,15,0.86,136.8,226.4,100.4,59.74,44.9,429.5,21.9,unstable
2026-03-15 16:00:00,16,0.92,59.4,114.3,48.9,60.01,23.1,250.9,19.6,stable
2026-03-15 17:00:00,17,0.93,29.1,57.3,22.0,59.92,54.0,171.7,13.3,stable
2026-03-15 18:00:00,18,0.88,65.0,111.9,41.1,59.92,59.3,245.0,19.4,unstable
2026-03-15 19:00:00,19,0.96,73.4,141.5,52.9,59.89,17.1,265.4,14.9,stable
2026-03-15 20:00:00,20,0.94,72.1,127.9,55.1,59.94,55.4,296.4,23.5,unstable
2026-03-15 21:00:00,21,0.9,106.9,186.6,77.8,59.72,80.5,383.0,27.0,unstable
2026-03-15 22:00:00,22,0.96,83.4,171.1,68.6,59.91,54.2,348.9,11.1,stable
2026-03-15 23:00:00,23,0.96,41.7,84.6,37.1,60.01,18.0,191.8,20.9,stable
2026-03-16 00:00:00,0,0.94,52.6,101.0,39.3,60.04,47.2,255.8,19.0,stable
2026-03-16 01:00:00,1,1.02,72.1,155.6,54.5,59.83,45.9,276.0,22.2,stable
2026-03-16 02:00:00,2,0.84,80.5,135.6,52.6,59.94,63.0,273.4,19.9,unstable
2026-03-16 03:00:00,3,0.89,79.4,146.9,66.0,59.95,67.0,348.3,32.8,unstable
2026-03-16 04:00:00,4,0.93,97.9,186.6,79.2,59.74,81.5,380.0,26.1,unstable
2026-03-16 05:00:00,5,0.96,94.6,183.0,71.1,59.87,30.9,345.5,22.3,stable
2026-03-16 06:00:00,6,0.95,96.9,180.7,74.8,59.85,11.8,333.4,23.9,stable
2026-03-16 07:00:00,7,0.91,122.8,231.9,100.7,59.89,65.9,456.6,27.7,unstable
2026-03-16 08:00:00,8,0.96,64.9,118.2,44.7,59.81,56.9,242.4,20.8,unstable
2026-03-16 09:00:00,9,0.91,35.2,64.9,29.0,59.87,13.2,170.9,15.0,stable
2026-03-16 10:00:00,10,0.93,33.9,63.3,23.7,59.89,48.9,168.1,12.0,stable
2026-03-16 11:00:00,11,1.0,72.0,153.1,57.9,60.01,53.6,314.3,20.7,stable
2026-03-16 12:00:00,12,0.95,103.4,196.2,85.4,60.01,34.7,368.5,16.9,stable
2026-03-16 13:00:00,13,0.91,124.5,235.6,83.5,59.71,55.1,402.1,25.6,unstable
2026-03-16 14:00:00,14,0.86,141.9,261.5,100.4,59.79,82.4,479.1,31.4,unstable
2026-03-16 15:00:00,15,0.94,81.7,154.6,67.9,59.87,57.7,319.3,26.1,unstable
2026-03-16 16:00:00,16,0.96,99.6,182.5,72.6,59.99,55.4,352.0,11.9,stable
2026-03-16 17:00:00,17,1.02,62.8,136.8,54.4,59.85,19.6,236.1,24.4,stable
2026-03-16 18:00:00,18,0.99,96.3,192.4,73.0,59.9,58.8,373.4,19.4,stable
2026-03-16 19:00:00,19,0.87,83.0,147.3,60.5,59.73,47.9,295.1,26.6,unstable
2026-03-16 20:00:00,20,0.94,141.0,248.2,103.1,59.82,61.2,475.0,28.1,unstable
2026-03-16 21:00:00,21,1.02,72.3,140.6,61.2,59.89,32.5,299.8,19.5,stable
2026-03-16 22:00:00,22,0.87,117.0,209.2,86.7,59.74,54.2,398.0,31.7,unstable
2026-03-16 23:00:00,23,0.96,141.5,252.6,104.4,59.86,66.6,481.8,28.9,unstable
2026-03-17 00:00:00,0,1.0,103.1,219.1,83.0,59.88,59.8,416.4,12.1,stable
2026-03-17 01:00:00,1,0.96,102.3,200.9,73.0,59.73,60.5,390.2,23.6,unstable
2026-03-17 02:00:00,2,1.0,55.7,104.0,46.2,60.01,26.2,203.6,18.8,stable
2026-03-17 03:00:00,3,0.92,39.7,70.3,29.6,60.0,11.9,159.5,21.8,stable
2026-03-17 04:00:00,4,0.96,121.0,224.6,83.1,59.82,64.6,419.4,27.5,unstable
2026-03-17 05:00:00,5,0.89,117.6,205.5,73.9,59.87,39.5,350.7,23.7,unstable
2026-03-17 06:00:00,6,0.96,69.9,133.6,57.3,59.89,38.1,295.2,29.1,unstable
2026-03-17 07:00:00,7,0.93,101.6,183.9,71.4,59.99,39.0,351.0,21.2,stable
2026-03-17 08:00:00,8,0.98,41.2,76.9,31.8,60.0,20.6,163.9,19.0,stable
2026-03-17 09:00:00,9,1.0,41.9,85.6,30.3,59.93,42.3,179.0,25.9,stable
2026-03-17 10:00:00,10,0.86,129.7,214.4,94.5,59.91,51.2,405.3,23.6,unstable
2026-03-17 11:00:00,11,0.95,57.7,111.7,42.4,59.96,27.0,208.5,20.5,stable
2026-03-17 12:00:00,12,0.89,135.2,229.4,91.8,59.86,39.0,401.7,22.4,unstable
2026-03-17 13:00:00,13,0.93,96.1,186.8,82.3,59.95,55.5,356.4,25.4,stable
2026-03-17 14:00:00,14,0.84,137.1,237.6,105.2,59.88,47.3,442.4,27.9,unstable
2026-03-17 15:00:00,15,0.95,69.8,136.7,58.1,59.9,29.2,281.4,11.0,stable
2026-03-17 16:00:00,16,0.9,64.3,108.7,46.3,59.8,67.9,243.4,20.7,unstable
2026-03-17 17:00:00,17,0.97,32.5,66.0,25.5,60.04,39.2,163.7,16.2,stable
2026-03-17 18:00:00,18,0.95,58.1,109.2,38.8,59.83,42.7,240.1,14.8,stable
2026-03-17 19:00:00,19,0.95,34.8,66.3,26.7,59.92,20.1,180.5,13.3,stable
2026-03-17 20:00:00,20,0.91,103.8,176.4,73.6,59.84,85.0,372.4,21.9,unstable
2026-03-17 21:00:00,21,0.87,111.7,193.4,76.6,59.78,46.5,385.1,24.8,unstable
2026-03-17 22:00:00,22,0.96,125.9,255.0,112.1,59.85,60.7,459.8,25.4,unstable
2026-03-17 23:00:00,23,0.9,88.5,165.8,67.4,59.93,72.9,346.2,28.9,unstable
2026-03-18 00:00:00,0,0.98,54.6,102.7,43.3,59.98,43.5,235.5,14.9,stable
2026-03-18 01:00:00,1,0.94,62.2,120.3,51.8,59.96,39.8,245.0,15.4,stable
2026-03-18 02:00:00,2,0.92,118.6,215.0,80.7,59.88,74.5,398.2,24.5,unstable
2026-03-18 03:00:00,3,0.92,91.7,165.6,72.0,60.03,52.9,318.4,24.6,stable
2026-03-18 04:00:00,4,0.94,141.1,254.3,106.2,59.73,74.1,456.8,29.5,unstable
2026-03-18 05:00:00,5,0.93,45.3,79.7,33.7,59.98,13.4,158.6,18.2,stable
2026-03-18 06:00:00,6,0.91,92.9,158.2,60.6,59.78,81.9,341.8,21.5,unstable
2026-03-18 07:00:00,7,0.95,31.0,60.2,26.9,60.0,31.6,164.2,16.7,stable
2026-03-18 08:00:00,8,0.94,40.8,72.1,28.3,59.84,29.8,167.1,15.7,stable
2026-03-18 09:00:00,9,0.87,86.9,150.1,56.1,59.92,76.3,320.9,27.6,unstable
2026-03-18 10:00:00,10,0.95,37.0,71.3,28.5,59.88,54.0,217.4,17.6,stable
2026-03-18 11:00:00,11,0.96,83.4,167.5,72.6,60.02,15.6,303.0,13.7,stable
2026-03-18 12:00:00,12,0.98,80.4,163.6,67.6,59.92,15.4,282.4,25.4,stable
2026-03-18 13:00:00,13,0.89,113.1,210.3,74.2,59.87,58.0,385.0,27.6,unstable
2026-03-18 14:00:00,14,0.97,67.8,131.4,47.2,59.97,59.6,266.2,11.8,stable
2026-03-18 15:00:00,15,0.86,137.8,236.9,102.2,59.94,55.5,446.0,28.0,unstable
2026-03-18 16:00:00,16,0.93,103.3,193.6,79.5,59.89,86.7,429.7,31.7,unstable
2026-03-18 17:00:00,17,0.88,133.8,251.7,106.5,59.75,77.9,498.6,20.5,unstable
2026-03-18 18:00:00,18,0.9,105.9,187.1,81.4,59.88,73.7,370.3,30.5,unstable
2026-03-18 19:00:00,19,0.84,93.0,154.9,64.3,59.8,81.3,323.1,28.1,unstable
2026-03-18 20:00:00,20,0.92,124.2,233.9,104.4,59.86,59.2,428.2,29.1,unstable
2026-03-18 21:00:00,21,0.98,43.5,85.3,31.8,60.04,36.2,175.7,16.2,stable
2026-03-18 22:00:00,22,0.95,52.9,101.3,43.7,59.87,12.5,198.6,25.3,stable
2026-03-18 23:00:00,23,0.96,65.9,122.5,44.7,59.95,46.7,264.1,19.5,stable
2026-03-19 00:00:00,0,0.85,103.7,171.7,74.2,59.8,82.5,380.8,20.1,unstable
2026-03-19 01:00:00,1,0.94,102.4,189.4,68.9,59.83,90.7,385.3,32.3,unstable
2026-03-19 02:00:00,2,0.84,137.3,232.4,81.5,59.8,84.9,429.5,26.2,unstable
2026-03-19 03:00:00,3,0.93,131.7,233.1,96.2,59.74,72.4,466.7,22.2,unstable
2026-03-19 04:00:00,4,0.95,51.9,100.0,39.2,59.95,60.0,250.1,22.2,stable
2026-03-19 05:00:00,5,0.84,136.5,242.2,91.3,59.8,71.4,437.1,20.2,unstable
2026-03-19 06:00:00,6,0.91,101.8,193.2,71.0,59.84,76.5,399.8,23.4,unstable
2026-03-19 07:00:00,7,0.99,79.4,146.2,53.3,59.93,14.0,262.4,23.8,stable
2026-03-19 08:00:00,8,0.91,103.0,195.1,74.7,60.02,40.3,354.7,18.2,stable
2026-03-19 09:00:00,9,1.02,48.2,97.4,37.2,60.02,21.6,195.0,15.5,stable
2026-03-19 10:00:00,10,1.0,90.7,188.6,76.1,59.98,11.6,325.2,11.7,stable
2026-03-19 11:00:00,11,0.87,130.9,228.8,99.1,59.86,87.4,462.3,26.0,unstable
2026-03-19 12:00:00,12,1.01,98.0,208.9,75.4,60.0,20.9,364.9,18.9,stable
2026-03-19 13:00:00,13,0.94,78.3,150.1,58.9,59.86,63.0,337.1,28.5,unstable
2026-03-19 14:00:00,14,0.97,99.0,199.9,74.3,59.84,18.9,339.4,18.9,stable
2026-03-19 15:00:00,15,0.93,130.6,252.2,102.1,59.85,86.2,479.7,28.1,unstable
2026-03-19 16:00:00,16,1.01,52.2,99.1,39.6,59.92,29.4,212.9,17.5,stable
2026-03-19 17:00:00,17,0.95,95.6,169.0,75.5,59.96,57.8,357.5,19.8,stable
2026-03-19 18:00:00,18,0.85,76.3,131.1,55.0,59.74,39.5,287.0,31.6,unstable
2026-03-19 19:00:00,19,1.01,61.8,116.9,48.9,60.03,57.5,277.7,21.8,stable
2026-03-19 20:00:00,20,0.95,28.9,55.1,23.8,59.95,26.6,135.9,11.9,stable
2026-03-19 21:00:00,21,0.93,67.3,116.4,42.0,59.86,14.0,219.8,19.8,stable
2026-03-19 22:00:00,22,0.91,92.6,170.5,71.1,59.95,46.1,309.6,13.0,stable
2026-03-19 23:00:00,23,1.01,91.5,190.5,82.0,60.01,47.2,372.9,20.5,stable
2026-03-20 00:00:00,0,0.88,64.4,117.3,52.7,59.93,75.4,299.8,32.4,unstable
2026-03-20 01:00:00,1,0.94,98.2,183.3,71.1,59.78,54.2,360.2,22.8,unstable
2026-03-20 02:00:00,2,0.94,79.4,138.4,60.3,59.87,43.5,288.3,24.5,stable
2026-03-20 03:00:00,3,0.92,45.5,87.3,37.0,59.92,22.7,196.6,18.6,stable
2026-03-20 04:00:00,4,0.96,71.1,138.3,55.6,60.03,22.7,237.0,14.5,stable
2026-03-20 05:00:00,5,0.99,33.3,69.5,26.3,59.97,28.1,151.7,25.0,stable
2026-03-20 06:00:00,6,0.88,139.3,260.3,92.1,59.87,57.0,476.9,19.9,unstable
2026-03-20 07:00:00,7,1.02,31.1,61.8,27.5,59.87,34.4,184.9,17.8,stable
2026-03-20 08:00:00,8,0.92,84.0,147.5,55.6,59.98,31.3,257.5,24.9,stable
2026-03-20 09:00:00,9,0.98,40.6,79.0,29.6,59.9,12.0,153.6,13.5,stable
2026-03-20 10:00:00,10,0.97,30.7,56.7,20.5,59.98,28.3,168.9,18.2,stable
2026-03-20 11:00:00,11,0.91,101.8,199.3,89.3,59.9,14.2,346.3,20.7,stable
2026-03-20 12:00:00,12,0.86,135.0,241.0,100.3,59.92,70.4,473.0,29.7,unstable
2026-03-20 13:00:00,13,0.97,85.3,172.8,72.5,59.88,33.7,345.8,15.4,stable
2026-03-20 14:00:00,14,0.92,134.4,257.9,99.4,59.77,42.5,467.5,28.2,unstable
2026-03-20 15:00:00,15,0.94,50.8,102.3,36.5,59.83,24.1,206.5,24.3,stable
2026-03-20 16:00:00,16,0.92,52.4,99.0,36.0,59.91,36.8,232.4,20.9,stable
2026-03-20 17:00:00,17,1.01,96.8,192.4,85.3,59.92,53.3,386.8,17.6,stable
2026-03-20 18:00:00,18,1.0,36.9,71.9,25.8,59.96,24.6,177.7,25.5,stable
2026-03-20 19:00:00,19,0.94,64.1,117.1,51.0,59.89,11.1,239.3,22.8,stable
2026-03-20 20:00:00,20,0.94,62.3,117.2,50.8,59.94,26.9,220.2,23.7,stable
2026-03-20 21:00:00,21,0.96,103.3,205.2,73.6,59.85,65.8,393.2,22.0,unstable
2026-03-20 22:00:00,22,1.01,38.6,74.8,26.4,59.94,38.6,185.5,12.4,stable
2026-03-20 23:00:00,23,0.9,119.9,220.4,96.9,59.93,41.3,380.2,22.1,unstable
2026-03-21 00:00:00,0,0.97,101.8,193.6,78.5,59.94,47.4,370.2,23.8,stable
2026-03-21 01:00:00,1,0.91,74.3,143.6,56.8,59.77,57.6,310.1,29.4,unstable
2026-03-21 02:00:00,2,0.95,124.6,238.5,106.4,59.85,80.7,450.1,22.6,unstable
2026-03-21 03:00:00,3,1.02,94.3,184.8,70.8,59.89,56.7,334.1,22.2,stable
2026-03-21 04:00:00,4,1.01,55.1,114.8,50.7,59.96,13.8,235.9,22.3,stable
2026-03-21 05:00:00,5,0.99,60.9,119.2,42.7,59.96,55.1,251.6,20.8,stable
2026-03-21 06:00:00,6,0.94,68.6,128.4,52.3,59.88,18.5,226.6,23.0,stable
2026-03-21 07:00:00,7,0.89,123.8,211.6,95.0,59.9,49.3,423.4,27.6,unstable
2026-03-21 08:00:00,8,0.99,83.5,167.6,69.3,60.0,45.0,344.3,25.4,stable
2026-03-21 09:00:00,9,0.99,56.6,111.6,50.2,59.88,17.4,229.8,18.6,stable
2026-03-21 10:00:00,10,0.95,75.4,143.5,59.3,60.0,44.8,297.1,15.4,stable
2026-03-21 11:00:00,11,1.01,79.4,155.3,61.0,60.03,58.6,306.8,23.5,stable
2026-03-21 12:00:00,12,0.86,119.9,214.1,92.8,59.71,60.4,436.1,23.4,unstable
2026-03-21 13:00:00,13,0.96,45.1,93.1,32.6,59.89,20.6,176.1,17.1,stable
2026-03-21 14:00:00,14,0.93,99.1,173.1,69.8,59.79,45.2,312.9,24.7,unstable
2026-03-21 15:00:00,15,0.97,60.2,117.6,47.2,59.98,29.1,237.3,12.5,stable
2026-03-21 16:00:00,16,1.0,39.1,80.8,31.4,59.99,41.1,179.9,12.2,stable
2026-03-21 17:00:00,17,0.98,30.4,60.3,27.0,59.9,36.9,150.9,24.8,stable
2026-03-21 18:00:00,18,1.0,35.0,72.5,30.9,59.94,39.1,201.1,20.2,stable
2026-03-21 19:00:00,19,0.93,87.8,164.3,62.6,59.91,57.7,315.8,12.2,stable
2026-03-21 20:00:00,20,0.98,88.1,164.0,67.1,59.83,51.0,323.4,25.5,stable
2026-03-21 21:00:00,21,0.91,64.8,122.2,52.1,59.9,90.3,304.1,30.3,unstable
2026-03-21 22:00:00,22,0.95,41.6,77.1,30.3,60.02,24.6,176.6,19.3,stable
2026-03-21 23:00:00,23,0.97,47.1,94.5,34.2,59.91,30.4,190.2,18.7,stable
2026-03-22 00:00:00,0,0.88,125.7,225.8,84.3,59.8,54.8,420.8,26.0,unstable
2026-03-22 01:00:00,1,0.96,46.7,91.1,39.9,60.0,54.2,246.0,19.4,stable
2026-03-22 02:00:00,2,1.0,70.1,146.5,52.2,59.92,13.1,240.3,12.3,stable
2026-03-22 03:00:00,3,0.91,73.0,132.2,53.0,59.89,39.8,281.3,22.7,stable
2026-03-22 04:00:00,4,0.91,94.7,176.1,62.2,59.93,58.2,341.7,19.0,unstable
2026-03-22 05:00:00,5,0.97,88.5,174.8,64.1,59.89,23.5,327.7,22.0,stable
2026-03-22 06:00:00,6,0.96,83.8,167.2,70.1,59.71,48.0,344.9,19.2,unstable
2026-03-22 07:00:00,7,0.89,97.7,164.4,70.4,59.87,75.4,366.2,27.9,unstable
2026-03-22 08:00:00,8,0.92,58.3,112.6,46.6,59.89,24.0,231.4,14.4,stable
2026-03-22 09:00:00,9,0.95,125.8,257.9,107.0,59.76,90.2,486.0,29.2,unstable
2026-03-22 10:00:00,10,0.88,116.9,200.7,79.9,59.71,51.8,400.6,30.4,unstable
2026-03-22 11:00:00,11,0.93,80.5,155.6,64.1,59.89,64.6,328.0,23.9,unstable
2026-03-22 12:00:00,12,0.93,94.6,174.2,78.1,59.99,53.9,345.2,22.8,stable
2026-03-22 13:00:00,13,0.92,82.2,158.0,67.5,60.04,47.7,326.8,12.0,stable
2026-03-22 14:00:00,14,0.9,100.3,171.1,63.8,59.74,50.4,309.1,23.9,unstable
2026-03-22 15:00:00,15,0.97,69.2,127.6,48.4,59.91,41.4,286.2,24.8,stable
2026-03-22 16:00:00,16,0.84,65.1,116.0,52.2,59.75,91.4,309.6,22.9,unstable
2026-03-22 17:00:00,17,0.85,95.1,171.3,69.1,59.83,70.3,365.4,25.1,unstable
2026-03-22 18:00:00,18,0.92,36.3,65.1,25.5,59.88,17.0,176.8,18.7,stable
2026-03-22 19:00:00,19,0.91,88.2,157.0,56.0,59.73,66.0,318.4,32.3,unstable
2026-03-22 20:00:00,20,0.86,68.3,116.8,41.1,59.86,62.6,289.7,27.5,unstable
2026-03-22 21:00:00,21,0.94,100.5,174.7,67.4,59.79,58.4,365.0,23.8,unstable
2026-03-22 22:00:00,22,0.92,96.7,188.2,71.6,59.95,45.0,347.5,13.2,stable
2026-03-22 23:00:00,23,1.01,99.6,187.2,70.5,60.03,10.4,313.8,24.8,stable
2026-03-23 00:00:00,0,0.91,136.8,265.8,95.1,59.83,50.2,461.5,22.8,unstable
2026-03-23 01:00:00,1,0.97,41.3,78.6,28.1,59.98,52.6,206.6,13.1,stable
2026-03-23 02:00:00,2,1.02,69.7,143.1,58.6,59.99,56.6,298.9,18.2,stable
2026-03-23 03:00:00,3,0.93,83.6,155.3,64.3,59.95,55.2,314.5,24.3,stable
2026-03-23 04:00:00,4,0.95,133.7,272.0,105.0,59.93,44.6,467.6,30.9,unstable
2026-03-23 05:00:00,5,0.97,63.1,122.6,53.4,60.04,45.7,269.0,22.9,stable
2026-03-23 06:00:00,6,0.85,121.0,201.0,73.4,59.8,87.7,416.6,22.5,unstable
2026-03-23 07:00:00,7,0.98,70.6,140.8,58.6,59.96,14.4,278.8,21.9,stable
2026-03-23 08:00:00,8,1.0,104.2,206.9,88.7,60.02,39.1,356.1,12.6,stable
2026-03-23 09:00:00,9,0.84,102.6,179.2,68.5,59.89,57.3,338.2,20.5,unstable
2026-03-23 10:00:00,10,0.97,77.4,144.4,52.8,59.91,23.6,279.9,22.9,stable
2026-03-23 11:00:00,11,0.93,92.6,175.7,63.7,59.85,48.8,333.5,15.9,stable
2026-03-23 12:00:00,12,0.89,100.5,166.0,64.1,59.73,60.2,348.1,25.2,unstable
2026-03-23 13:00:00,13,0.93,96.4,168.5,59.5,59.8,68.0,346.4,32.3,unstable
2026-03-23 14:00:00,14,1.02,64.0,133.8,58.5,59.93,42.2,291.8,19.3,stable
2026-03-23 15:00:00,15,0.9,99.0,168.6,67.2,59.86,62.2,359.1,19.2,unstable
2026-03-23 16:00:00,16,0.9,71.3,120.6,50.9,59.79,89.7,298.6,31.0,unstable
2026-03-23 17:00:00,17,0.94,71.7,139.3,49.6,59.88,51.8,306.6,13.9,stable
2026-03-23 18:00:00,18,0.95,98.4,191.9,69.6,59.83,90.5,397.4,32.9,unstable
2026-03-23 19:00:00,19,0.97,29.4,53.6,21.8,59.95,45.6,169.5,21.7,stable
2026-03-23 20:00:00,20,0.92,49.6,93.6,33.9,59.96,35.4,212.4,22.6,stable
2026-03-23 21:00:00,21,0.92,82.1,146.9,64.7,60.01,48.7,298.3,15.2,stable
2026-03-23 22:00:00,22,0.91,125.9,239.8,86.6,59.74,72.3,437.8,31.2,unstable
2026-03-23 23:00:00,23,0.96,84.7,152.0,55.3,60.03,10.8,274.9,24.2,stable
2026-03-24 00:00:00,0,0.97,55.1,102.6,42.2,59.89,27.1,236.9,15.9,stable
2026-03-24 01:00:00,1,0.86,121.6,197.8,79.9,59.91,88.2,416.7,21.3,unstable
2026-03-24 02:00:00,2,0.91,100.9,189.2,74.7,59.75,73.2,373.8,25.1,unstable
2026-03-24 03:00:00,3,0.89,115.8,191.8,86.0,59.72,83.5,394.5,24.0,unstable
2026-03-24 04:00:00,4,0.88,86.2,143.5,55.0,59.89,68.6,323.4,24.8,unstable
2026-03-24 05:00:00,5,0.92,77.3,144.2,52.9,59.86,50.7,283.4,16.2,stable
2026-03-24 06:00:00,6,0.93,127.5,230.7,85.0,59.81,76.0,460.2,30.6,unstable
2026-03-24 07:00:00,7,1.01,55.3,112.3,44.1,59.83,47.1,224.4,12.2,stable
2026-03-24 08:00:00,8,0.87,112.9,208.6,82.8,59.74,50.3,381.4,22.9,unstable
2026-03-24 09:00:00,9,1.01,62.5,132.0,59.0,59.84,40.5,298.7,15.8,stable
2026-03-24 10:00:00,10,0.86,99.2,166.0,62.5,59.94,48.5,341.0,28.9,unstable
2026-03-24 11:00:00,11,0.84,110.9,190.7,82.9,59.77,43.8,348.9,25.6,unstable
2026-03-24 12:00:00,12,0.93,61.2,109.3,40.2,59.97,15.7,203.2,21.7,stable
2026-03-24 13:00:00,13,0.93,28.8,51.5,18.3,59.87,33.6,144.9,17.4,stable
2026-03-24 14:00:00,14,0.99,28.7,61.1,22.9,60.01,58.3,186.0,16.1,stable
2026-03-24 15:00:00,15,0.88,122.0,213.8,76.7,59.91,91.6,451.9,27.6,unstable
2026-03-24 16:00:00,16,0.99,70.2,134.5,49.1,59.92,57.1,300.3,13.5,stable
2026-03-24 17:00:00,17,0.85,103.6,187.3,83.4,59.78,59.3,364.0,19.6,unstable
2026-03-24 18:00:00,18,0.97,48.2,91.0,39.2,59.88,34.6,208.8,17.3,stable
2026-03-24 19:00:00,19,0.93,52.5,101.3,39.0,59.94,36.3,231.4,22.7,stable
2026-03-24 20:00:00,20,0.98,80.3,157.9,61.3,59.86,15.2,257.3,24.1,stable
2026-03-24 21:00:00,21,0.95,100.5,189.4,77.2,59.72,88.2,398.0,24.5,unstable
2026-03-24 22:00:00,22,0.84,135.7,222.9,96.1,59.86,42.9,395.3,22.0,unstable
2026-03-24 23:00:00,23,0.91,71.2,135.3,49.6,60.03,42.9,250.2,16.5,stable
2026-03-25 00:00:00,0,0.95,103.9,206.5,88.5,59.89,68.5,416.4,20.8,unstable
2026-03-25 01:00:00,1,0.96,113.9,221.3,86.2,59.92,57.4,400.2,27.7,unstable
2026-03-25 02:00:00,2,0.91,83.8,142.6,55.2,59.81,78.9,340.9,26.4,unstable
2026-03-25 03:00:00,3,0.94,33.9,59.3,23.3,60.03,58.1,178.6,14.7,stable
2026-03-25 04:00:00,4,1.0,58.9,109.9,45.5,60.01,31.5,210.1,13.2,stable
2026-03-25 05:00:00,5,0.97,69.5,140.9,55.8,59.87,19.1,243.4,17.6,stable
2026-03-25 06:00:00,6,0.93,64.9,124.2,43.9,59.99,32.7,235.5,23.8,stable
2026-03-25 07:00:00,7,0.91,84.0,157.6,66.1,59.94,41.1,325.9,22.4,stable
2026-03-25 08:00:00,8,0.95,83.2,154.8,68.6,59.93,53.8,326.2,15.1,stable
2026-03-25 09:00:00,9,0.92,128.1,249.3,100.3,59.95,78.0,492.1,21.9,unstable
2026-03-25 10:00:00,10,0.84,84.3,146.2,64.2,59.82,76.3,329.4,32.4,unstable
2026-03-25 11:00:00,11,1.01,67.1,130.0,56.0,59.98,41.3,294.9,21.5,stable
2026-03-25 12:00:00,12,0.93,115.3,212.0,75.5,59.89,67.1,416.8,31.3,unstable
2026-03-25 13:00:00,13,1.01,30.4,64.0,27.7,59.86,56.7,203.8,13.2,stable
2026-03-25 14:00:00,14,0.92,96.6,167.0,73.3,59.92,59.7,363.5,25.2,unstable
2026-03-25 15:00:00,15,0.98,43.6,90.2,39.1,59.99,43.4,239.5,20.7,stable
2026-03-25 16:00:00,16,1.01,93.1,175.5,73.3,59.84,40.4,325.6,16.7,stable
2026-03-25 17:00:00,17,0.92,128.2,227.6,88.1,59.93,61.8,403.1,24.4,unstable
2026-03-25 18:00:00,18,0.97,55.2,100.0,44.5,59.86,37.4,215.6,19.0,stable
2026-03-25 19:00:00,19,0.84,73.9,127.2,45.9,59.85,39.3,248.0,24.3,unstable
2026-03-25 20:00:00,20,0.86,69.7,114.8,41.3,59.83,39.6,236.9,26.3,unstable
2026-03-25 21:00:00,21,0.99,95.1,191.8,74.1,60.0,58.6,353.7,22.4,stable
2026-03-25 22:00:00,22,1.02,83.7,169.2,67.8,59.93,34.8,310.1,17.5,stable
2026-03-25 23:00:00,23,1.01,45.5,89.3,37.8,60.02,54.8,217.1,16.1,stable
2026-03-26 00:00:00,0,0.88,88.8,162.5,71.4,59.88,71.6,347.2,28.2,unstable
2026-03-26 01:00:00,1,0.88,119.4,218.1,91.0,59.81,37.7,403.3,23.4,unstable
2026-03-26 02:00:00,2,1.0,61.9,118.1,44.8,59.97,59.2,276.7,19.5,stable
2026-03-26 03:00:00,3,0.93,95.9,174.4,72.5,59.85,55.8,339.2,15.1,stable
2026-03-26 04:00:00,4,0.92,44.1,75.6,32.2,59.84,24.3,160.3,12.7,stable
2026-03-26 05:00:00,5,0.95,45.4,86.9,37.1,59.97,22.0,203.9,19.6,stable
2026-03-26 06:00:00,6,0.96,75.9,135.7,51.8,60.02,59.5,295.6,23.3,stable
2026-03-26 07:00:00,7,0.97,49.8,97.7,40.9,60.0,19.2,194.1,11.8,stable
2026-03-26 08:00:00,8,0.91,82.0,156.9,68.3,59.85,28.4,282.3,21.1,stable
2026-03-26 09:00:00,9,0.93,125.0,235.7,100.0,59.9,49.5,421.2,21.7,unstable
2026-03-26 10:00:00,10,0.93,76.1,143.3,55.3,59.78,45.1,264.8,23.4,unstable
2026-03-26 11:00:00,11,0.87,70.8,118.2,43.4,59.87,67.8,252.8,20.7,unstable
2026-03-26 12:00:00,12,0.96,35.6,71.2,27.1,60.0,17.2,155.9,15.6,stable
2026-03-26 13:00:00,13,0.85,106.3,180.2,64.7,59.94,80.3,377.3,28.2,unstable
2026-03-26 14:00:00,14,0.89,124.8,210.2,80.8,59.86,74.7,387.8,28.4,unstable
2026-03-26 15:00:00,15,1.02,34.8,71.4,25.3,59.89,33.8,199.2,23.9,stable
2026-03-26 16:00:00,16,0.92,62.7,121.3,50.4,60.02,28.6,223.3,17.9,stable
2026-03-26 17:00:00,17,0.92,77.0,150.0,58.8,59.99,19.4,280.8,13.6,stable
2026-03-26 18:00:00,18,0.99,50.1,99.0,36.8,59.93,28.2,230.7,23.9,stable
2026-03-26 19:00:00,19,0.91,81.5,152.9,65.4,60.04,18.0,268.3,14.6,stable
2026-03-26 20:00:00,20,0.87,76.6,139.6,55.9,59.85,42.7,276.4,28.5,unstable
2026-03-26 21:00:00,21,0.89,123.7,220.5,90.7,59.94,48.4,403.0,24.4,unstable
2026-03-26 22:00:00,22,1.0,93.8,199.8,75.3,59.94,47.6,356.1,22.7,stable
2026-03-26 23:00:00,23,1.0,32.9,65.6,24.0,60.02,41.4,157.4,13.2,stable
2026-03-27 00:00:00,0,0.92,71.3,139.4,53.3,59.8,54.8,284.2,21.4,unstable
2026-03-27 01:00:00,1,0.98,77.0,162.4,70.3,59.98,57.3,339.5,14.1,stable
2026-03-27 02:00:00,2,0.98,44.8,86.4,36.8,59.84,58.1,227.6,19.0,stable
2026-03-27 03:00:00,3,0.93,76.0,140.7,50.8,59.89,89.6,331.3,22.1,unstable
2026-03-27 04:00:00,4,0.88,63.8,120.5,49.3,59.91,80.9,273.5,27.0,unstable
2026-03-27 05:00:00,5,0.95,90.3,183.6,81.7,59.91,71.0,405.5,25.9,unstable
2026-03-27 06:00:00,6,1.01,92.0,188.6,67.6,59.88,45.4,351.5,25.4,stable
2026-03-27 07:00:00,7,0.93,74.1,130.4,57.9,59.91,28.7,274.6,16.6,stable
2026-03-27 08:00:00,8,0.93,63.8,118.3,50.6,59.89,57.3,267.6,27.5,unstable
2026-03-27 09:00:00,9,0.96,119.7,228.3,84.3,59.77,44.9,399.9,23.6,unstable
2026-03-27 10:00:00,10,0.91,67.9,118.2,49.2,59.87,84.9,295.8,21.6,unstable
2026-03-27 11:00:00,11,0.85,111.7,199.2,81.0,59.9,44.4,350.1,24.2,unstable
2026-03-27 12:00:00,12,0.87,129.6,238.3,97.1,59.83,61.0,444.8,25.1,unstable
2026-03-27 13:00:00,13,0.91,94.4,178.9,72.2,59.85,91.5,385.8,31.3,unstable
2026-03-27 14:00:00,14,0.87,98.8,173.1,71.8,59.9,85.5,376.3,21.1,unstable
2026-03-27 15:00:00,15,1.02,38.0,76.3,32.3,59.85,16.5,165.4,21.2,stable
2026-03-27 16:00:00,16,1.0,69.5,139.7,55.3,59.95,14.4,274.5,17.2,stable
2026-03-27 17:00:00,17,1.0,83.2,163.1,58.3,59.91,29.8,287.7,14.5,stable
2026-03-27 18:00:00,18,0.96,134.3,258.4,107.8,59.79,49.6,438.0,21.7,unstable
2026-03-27 19:00:00,19,0.89,119.3,226.0,85.7,59.79,65.1,433.4,21.2,unstable
2026-03-27 20:00:00,20,1.02,75.4,153.1,60.3,59.93,26.7,302.9,21.2,stable
2026-03-27 21:00:00,21,0.95,103.0,210.1,75.9,59.91,64.0,399.5,24.1,unstable
2026-03-27 22:00:00,22,1.02,77.6,149.3,65.4,59.99,15.8,288.0,16.6,stable
2026-03-27 23:00:00,23,0.98,39.5,80.4,29.4,59.94,26.5,191.4,13.1,stable
2026-03-28 00:00:00,0,0.96,52.2,94.5,40.9,59.86,26.0,219.5,21.5,stable
2026-03-28 01:00:00,1,0.93,122.1,217.8,84.2,59.87,47.4,409.0,21.2,unstable
2026-03-28 02:00:00,2,1.02,28.9,57.2,23.2,59.84,45.0,150.5,15.2,stable
2026-03-28 03:00:00,3,0.94,92.2,174.9,77.4,59.96,18.6,301.2,25.0,stable
2026-03-28 04:00:00,4,0.95,74.7,139.7,52.0,59.99,34.7,276.9,24.7,stable
2026-03-28 05:00:00,5,0.96,101.9,186.7,83.6,59.93,46.6,373.3,12.7,stable
2026-03-28 06:00:00,6,0.94,83.0,159.2,63.4,59.99,24.7,308.7,19.3,stable
2026-03-28 07:00:00,7,1.01,65.6,131.9,49.4,60.0,29.1,255.8,23.5,stable
2026-03-28 08:00:00,8,0.92,83.6,161.3,66.5,59.79,89.6,379.4,29.9,unstable
2026-03-28 09:00:00,9,0.98,42.8,83.9,30.4,60.03,57.2,218.4,17.0,stable
2026-03-28 10:00:00,10,1.02,102.4,208.5,90.7,60.03,27.4,357.5,25.9,stable
2026-03-28 11:00:00,11,1.02,80.6,170.1,70.1,60.03,49.9,314.7,13.6,stable
2026-03-28 12:00:00,12,0.85,74.2,127.0,53.4,59.88,62.7,297.3,24.0,unstable
2026-03-28 13:00:00,13,0.96,94.4,187.9,72.5,59.91,26.5,349.4,14.9,stable
2026-03-28 14:00:00,14,0.93,93.5,185.3,73.4,59.72,55.9,375.8,30.4,unstable
2026-03-28 15:00:00,15,1.02,34.0,64.3,24.1,60.0,45.7,200.2,19.0,stable
2026-03-28 16:00:00,16,1.0,90.1,167.7,60.3,60.04,10.5,269.4,15.3,stable
2026-03-28 17:00:00,17,1.01,75.4,160.8,63.6,60.01,56.4,314.6,18.5,stable
2026-03-28 18:00:00,18,0.95,53.3,94.3,41.5,59.94,43.1,199.1,25.9,stable
2026-03-28 19:00:00,19,0.86,67.0,108.5,46.4,59.89,67.4,253.2,23.1,unstable
2026-03-28 20:00:00,20,0.87,115.1,198.4,76.0,59.85,38.0,376.6,22.4,unstable
2026-03-28 21:00:00,21,0.98,82.0,167.5,71.2,59.9,52.2,339.4,19.9,stable
2026-03-28 22:00:00,22,0.93,124.6,231.3,85.4,59.76,81.3,422.9,30.5,unstable
2026-03-28 23:00:00,23,1.01,39.1,78.3,32.1,59.97,56.7,226.0,25.8,stable
2026-03-29 00:00:00,0,1.02,72.7,156.8,70.2,59.85,44.6,317.3,24.4,stable
2026-03-29 01:00:00,1,0.96,47.5,87.5,31.1,59.92,50.9,230.4,25.8,stable
2026-03-29 02:00:00,2,1.02,33.5,65.8,23.9,59.88,34.6,155.6,12.3,stable
2026-03-29 03:00:00,3,0.96,98.1,191.4,80.5,59.78,86.4,419.8,28.5,unstable
2026-03-29 04:00:00,4,0.98,69.2,136.8,60.3,60.02,23.9,243.0,24.2,stable
2026-03-29 05:00:00,5,0.96,137.4,265.8,110.2,59.77,89.5,529.0,31.3,unstable
2026-03-29 06:00:00,6,0.98,80.8,149.9,59.2,60.04,58.8,307.1,11.9,stable
2026-03-29 07:00:00,7,0.92,52.3,97.8,34.8,60.03,31.4,191.5,15.1,stable
2026-03-29 08:00:00,8,0.93,89.1,153.4,59.0,59.88,14.7,282.0,17.6,stable
2026-03-29 09:00:00,9,0.95,71.3,127.1,44.5,59.93,91.5,303.5,23.2,unstable
2026-03-29 10:00:00,10,0.94,83.2,167.6,60.2,60.01,27.5,290.6,22.0,stable
2026-03-29 11:00:00,11,0.9,86.7,157.9,57.1,59.84,73.7,332.5,28.0,unstable
2026-03-29 12:00:00,12,0.9,101.0,190.2,81.4,59.93,37.8,355.1,25.1,unstable
2026-03-29 13:00:00,13,0.9,142.0,254.0,97.9,59.85,72.4,484.9,28.7,unstable
2026-03-29 14:00:00,14,0.96,68.4,126.9,48.9,59.82,74.5,307.4,19.7,unstable
2026-03-29 15:00:00,15,0.84,95.5,165.2,61.4,59.86,87.7,372.4,26.0,unstable
2026-03-29 16:00:00,16,1.01,62.5,124.9,55.5,59.84,44.0,266.1,12.4,stable
2026-03-29 17:00:00,17,0.91,72.7,125.3,55.1,59.98,35.0,269.9,25.6,stable
2026-03-29 18:00:00,18,0.95,127.3,247.4,90.1,59.81,58.4,448.4,30.9,unstable
2026-03-29 19:00:00,19,0.89,64.7,114.7,45.9,59.75,48.7,241.7,26.5,unstable
2026-03-29 20:00:00,20,0.99,95.9,183.4,64.2,59.91,42.2,353.0,21.7,stable
2026-03-29 21:00:00,21,0.92,78.9,137.4,54.0,59.91,42.6,258.8,23.9,stable
2026-03-29 22:00:00,22,0.84,104.6,168.0,63.2,59.93,83.7,354.2,19.8,unstable
2026-03-29 23:00:00,23,0.95,33.0,62.3,26.3,59.87,14.0,156.7,22.4,stable
2026-03-30 00:00:00,0,0.85,120.0,189.8,71.9,59.89,57.8,340.0,20.1,unstable
2026-03-30 01:00:00,1,0.89,71.2,135.0,51.9,59.74,86.3,327.1,27.2,unstable
2026-03-30 02:00:00,2,0.92,63.2,123.0,47.2,59.74,88.2,294.8,26.8,unstable
2026-03-30 03:00:00,3,0.93,136.1,245.9,90.5,59.85,38.4,420.3,28.9,unstable
2026-03-30 04:00:00,4,0.92,59.4,103.7,36.4,59.87,30.4,239.1,15.8,stable
2026-03-30 05:00:00,5,0.96,79.9,163.4,67.5,60.04,13.4,306.5,12.8,stable
2026-03-30 06:00:00,6,0.96,42.5,80.4,29.1,59.84,13.3,151.1,13.8,stable
2026-03-30 07:00:00,7,0.88,96.9,160.4,57.7,59.82,72.4,353.2,32.1,unstable
2026-03-30 08:00:00,8,1.0,91.8,172.3,75.7,59.88,56.2,363.8,20.5,stable
2026-03-30 09:00:00,9,0.91,38.6,67.8,28.2,60.0,21.1,167.5,19.7,stable
2026-03-30 10:00:00,10,0.92,75.7,138.5,52.5,59.93,69.8,298.5,23.8,unstable
2026-03-30 11:00:00,11,0.96,102.6,193.9,74.8,59.86,58.1,370.0,26.6,unstable
2026-03-30 12:00:00,12,0.86,129.6,214.0,95.9,59.84,45.4,416.7,19.5,unstable
2026-03-30 13:00:00,13,1.02,103.7,215.2,83.5,59.92,24.8,374.8,14.6,stable
2026-03-30 14:00:00,14,0.92,67.0,131.4,55.4,59.78,87.2,328.1,31.4,unstable
2026-03-30 15:00:00,15,0.92,50.3,98.4,39.6,59.87,54.5,248.3,13.6,stable
2026-03-30 16:00:00,16,0.87,84.0,138.1,51.5,59.94,53.3,295.0,21.8,unstable
2026-03-30 17:00:00,17,0.91,126.4,225.2,80.4,59.74,80.1,445.3,19.3,unstable
2026-03-30 18:00:00,18,1.01,63.1,128.4,45.6,59.88,19.2,248.9,16.6,stable
2026-03-30 19:00:00,19,1.0,97.6,204.2,88.0,59.89,59.9,400.8,24.8,stable
2026-03-30 20:00:00,20,0.92,140.8,267.2,119.7,59.88,66.8,482.5,22.8,unstable
2026-03-30 21:00:00,21,0.91,64.8,109.2,42.9,59.75,55.5,265.8,31.1,unstable
2026-03-30 22:00:00,22,1.02,101.2,211.5,79.3,59.92,11.8,347.9,22.2,stable
2026-03-30 23:00:00,23,0.95,112.5,229.0,97.4,59.8,45.7,440.3,21.9,unstable
2026-03-31 00:00:00,0,0.86,102.1,171.2,63.1,59.83,46.6,317.6,29.3,unstable
2026-03-31 01:00:00,1,0.99,68.5,144.6,60.5,59.93,16.9,242.9,24.7,stable
2026-03-31 02:00:00,2,0.98,104.7,219.3,90.2,60.04,52.9,422.4,12.0,stable
2026-03-31 03:00:00,3,0.88,74.6,121.7,44.4,59.82,56.6,249.1,31.0,unstable
2026-03-31 04:00:00,4,0.96,74.5,133.6,56.8,59.75,87.3,330.5,31.3,unstable
2026-03-31 05:00:00,5,0.96,31.4,60.1,26.6,60.04,21.7,156.3,16.9,stable
2026-03-31 06:00:00,6,0.89,139.3,255.3,109.0,59.81,70.0,486.0,27.9,unstable
2026-03-31 07:00:00,7,0.95,121.6,242.1,107.8,59.89,91.8,469.3,30.2,unstable
2026-03-31 08:00:00,8,0.91,129.3,253.0,95.1,59.79,78.9,483.9,29.1,unstable
2026-03-31 09:00:00,9,0.94,97.0,184.1,68.5,59.86,39.8,329.2,23.4,stable
2026-03-31 10:00:00,10,0.96,140.9,269.9,120.5,59.71,90.9,521.1,32.9,unstable
2026-03-31 11:00:00,11,0.86,64.1,107.2,38.5,59.94,67.0,275.7,20.1,unstable
2026-03-31 12:00:00,12,1.01,102.8,210.6,83.9,59.97,35.5,392.4,20.6,stable
2026-03-31 13:00:00,13,1.0,42.7,86.6,36.2,60.0,42.5,235.1,14.0,stable
2026-03-31 14:00:00,14,0.85,94.5,165.7,72.9,59.73,82.2,356.9,30.8,unstable
2026-03-31 15:00:00,15,0.84,120.7,199.7,89.0,59.91,75.4,387.4,23.8,unstable
2026-03-31 16:00:00,16,0.94,85.2,165.5,66.8,59.84,26.5,317.7,21.8,stable
2026-03-31 17:00:00,17,0.94,73.4,138.8,60.6,59.98,10.6,274.2,24.5,stable
2026-03-31 18:00:00,18,0.9,98.5,167.6,68.9,59.81,86.2,392.5,30.0,unstable
2026-03-31 19:00:00,19,1.0,55.0,109.9,44.7,59.99,28.6,238.8,21.9,stable
2026-03-31 20:00:00,20,0.94,50.5,95.6,34.0,59.86,35.4,210.4,16.1,stable
2026-03-31 21:00:00,21,0.9,85.5,158.8,70.3,59.81,86.7,362.7,21.6,unstable
2026-03-31 22:00:00,22,0.92,63.2,114.0,47.5,59.93,10.4,238.8,17.6,stable
2026-03-31 23:00:00,23,0.88,99.0,161.4,67.9,59.82,79.6,373.2,25.2,unstable
2026-04-01 00:00:00,0,0.97,45.0,93.3,37.5,59.86,21.8,182.2,17.5,stable
2026-04-01 01:00:00,1,0.88,97.8,166.3,59.5,59.86,58.6,305.7,26.9,unstable
2026-04-01 02:00:00,2,0.85,124.1,221.2,83.7,59.79,76.4,445.6,27.6,unstable
2026-04-01 03:00:00,3,0.89,70.7,122.5,46.8,59.81,90.7,283.7,20.9,unstable
2026-04-01 04:00:00,4,0.84,131.5,225.9,101.6,59.78,55.7,414.8,20.7,unstable
2026-04-01 05:00:00,5,0.96,103.4,213.1,92.0,59.75,50.2,391.0,32.1,unstable
2026-04-01 06:00:00,6,0.87,135.3,222.6,87.6,59.92,60.0,421.8,28.2,unstable
2026-04-01 07:00:00,7,0.88,126.5,230.4,93.3,59.71,85.9,443.1,32.6,unstable
2026-04-01 08:00:00,8,0.98,80.5,150.6,62.7,59.97,52.3,330.3,11.1,stable
2026-04-01 09:00:00,9,0.95,84.8,156.9,69.4,59.91,47.1,321.0,20.1,stable
2026-04-01 10:00:00,10,0.93,95.3,177.0,75.2,59.9,12.5,298.8,18.7,stable
2026-04-01 11:00:00,11,0.96,71.3,130.0,53.4,59.85,47.6,272.0,33.0,unstable
2026-04-01 12:00:00,12,1.0,28.8,61.1,24.4,59.96,54.0,194.2,17.7,stable
2026-04-01 13:00:00,13,0.93,90.8,161.2,61.7,59.79,43.5,331.0,21.1,unstable
2026-04-01 14:00:00,14,0.93,109.7,214.4,84.8,59.73,63.5,421.5,32.7,unstable
2026-04-01 15:00:00,15,0.91,90.5,164.1,69.8,59.73,49.4,329.1,29.1,unstable
2026-04-01 16:00:00,16,0.93,134.4,259.6,94.9,59.91,68.5,451.1,29.6,unstable
2026-04-01 17:00:00,17,0.88,141.8,255.9,94.8,59.82,60.7,434.3,29.2,unstable
2026-04-01 18:00:00,18,0.99,55.6,113.1,46.4,60.04,54.8,237.0,16.7,stable
2026-04-01 19:00:00,19,0.84,121.9,197.8,85.0,59.8,46.5,389.2,27.5,unstable
2026-04-01 20:00:00,20,0.97,90.3,166.6,69.5,59.89,19.3,309.7,15.3,stable
2026-04-01 21:00:00,21,0.95,98.2,190.0,70.1,59.85,35.4,322.1,17.1,stable
2026-04-01 22:00:00,22,0.86,133.5,237.4,105.7,59.77,66.2,434.9,25.8,unstable
2026-04-01 23:00:00,23,0.98,50.9,95.4,38.5,59.86,34.1,222.2,21.4,stable
2026-04-02 00:00:00,0,0.95,100.2,175.6,68.2,59.92,90.5,384.4,20.1,unstable
2026-04-02 01:00:00,1,0.96,41.1,81.2,33.8,59.86,52.6,217.5,24.0,stable
2026-04-02 02:00:00,2,0.89,105.4,197.5,74.3,59.88,38.0,360.7,32.3,unstable
2026-04-02 03:00:00,3,0.92,63.1,113.6,40.5,59.94,30.5,208.0,23.5,stable
2026-04-02 04:00:00,4,0.89,79.1,135.3,55.5,59.88,72.6,317.6,28.6,unstable
2026-04-02 05:00:00,5,0.88,140.2,245.2,87.7,59.86,60.5,441.0,24.5,unstable
2026-04-02 06:00:00,6,0.85,63.3,100.0,43.2,59.82,59.1,268.1,20.5,unstable
2026-04-02 07:00:00,7,0.91,102.0,190.2,69.0,59.78,61.0,342.8,22.8,unstable
2026-04-02 08:00:00,8,0.98,64.0,124.1,49.6,59.93,34.9,255.0,17.6,stable
2026-04-02 09:00:00,9,0.99,59.8,117.7,51.7,59.91,28.7,252.9,19.0,stable
2026-04-02 10:00:00,10,0.99,77.0,142.2,58.0,60.03,58.2,327.5,13.4,stable
2026-04-02 11:00:00,11,0.86,114.3,211.2,92.8,59.84,54.3,392.9,29.0,unstable
2026-04-02 12:00:00,12,0.88,70.9,132.4,58.6,59.8,78.9,291.2,24.1,unstable
2026-04-02 13:00:00,13,0.99,58.0,117.0,42.0,59.94,35.9,246.0,15.9,stable
2026-04-02 14:00:00,14,0.84,108.7,192.8,79.3,59.84,60.5,358.3,20.0,unstable
2026-04-02 15:00:00,15,0.96,74.7,137.8,60.1,59.84,50.4,285.4,22.2,stable
2026-04-02 16:00:00,16,0.91,74.0,137.7,48.5,59.93,22.4,259.0,22.6,stable
2026-04-02 17:00:00,17,0.86,133.9,224.1,95.8,59.95,53.1,439.5,26.6,unstable
2026-04-02 18:00:00,18,0.94,94.3,176.4,73.6,59.83,88.6,371.7,26.1,unstable
2026-04-02 19:00:00,19,0.96,128.3,262.7,100.3,59.87,51.9,443.0,26.6,unstable
2026-04-02 20:00:00,20,0.95,96.4,191.1,83.3,59.86,59.5,388.9,19.5,stable
2026-04-02 21:00:00,21,0.86,63.8,104.9,37.4,59.73,53.8,242.6,24.5,unstable
2026-04-02 22:00:00,22,0.94,129.6,251.7,111.6,59.71,89.5,483.3,29.0,unstable
2026-04-02 23:00:00,23,1.0,55.8,113.4,47.7,59.98,37.3,222.5,20.8,stable
2026-04-03 00:00:00,0,0.89,76.6,136.5,48.6,59.77,44.6,297.1,24.1,unstable
2026-04-03 01:00:00,1,0.99,74.5,153.4,62.5,59.87,36.5,314.9,25.7,stable
2026-04-03 02:00:00,2,0.84,70.8,114.4,47.2,59.88,43.3,270.8,29.4,unstable
2026-04-03 03:00:00,3,0.86,73.3,125.3,47.9,59.74,40.4,268.9,20.2,unstable
2026-04-03 04:00:00,4,1.0,35.9,67.3,29.2,59.94,45.5,178.9,16.4,stable
2026-04-03 05:00:00,5,0.95,89.8,176.2,62.8,59.93,56.5,345.2,27.1,unstable
2026-04-03 06:00:00,6,0.94,101.2,182.0,77.1,60.02,23.5,342.5,22.3,stable
2026-04-03 07:00:00,7,0.93,91.3,171.4,76.8,59.9,46.2,355.6,20.3,unstable
2026-04-03 08:00:00,8,0.9,75.9,137.8,61.3,59.78,63.5,312.8,25.5,unstable
2026-04-03 09:00:00,9,0.92,87.5,161.1,64.8,60.04,53.9,309.5,17.2,stable
2026-04-03 10:00:00,10,1.01,34.6,71.5,30.0,59.86,46.9,184.5,15.1,stable
2026-04-03 11:00:00,11,0.97,86.8,162.0,58.2,60.01,53.4,315.7,11.3,stable
2026-04-03 12:00:00,12,0.96,53.2,101.1,43.4,60.01,27.0,203.3,24.4,stable
2026-04-03 13:00:00,13,0.97,34.9,71.8,25.5,59.99,34.6,167.1,24.5,stable
2026-04-03 14:00:00,14,0.86,77.6,132.7,56.2,59.89,56.1,313.0,28.3,unstable
2026-04-03 15:00:00,15,0.93,95.7,172.8,66.4,59.77,38.8,342.9,20.9,unstable
2026-04-03 16:00:00,16,1.02,46.6,92.8,38.7,59.96,26.4,204.4,15.8,stable
2026-04-03 17:00:00,17,0.85,80.3,129.2,54.6,59.72,42.9,266.0,30.0,unstable
2026-04-03 18:00:00,18,0.94,81.6,146.7,62.4,59.85,86.2,350.7,19.6,unstable
2026-04-03 19:00:00,19,0.84,87.8,157.1,55.7,59.92,47.8,318.8,26.2,unstable
2026-04-03 20:00:00,20,0.96,102.4,207.9,86.7,59.99,21.5,357.9,13.2,stable
2026-04-03 21:00:00,21,0.99,98.8,200.7,78.6,59.99,31.3,360.3,15.4,stable
2026-04-03 22:00:00,22,0.85,117.6,190.9,74.7,59.82,81.0,406.0,25.9,unstable
2026-04-03 23:00:00,23,0.93,82.1,152.5,56.5,59.83,80.8,313.2,20.2,unstable
2026-04-04 00:00:00,0,0.96,85.3,168.0,68.5,59.98,46.4,323.9,17.1,stable
2026-04-04 01:00:00,1,1.02,97.7,192.8,79.6,59.87,12.7,311.6,15.6,stable
2026-04-04 02:00:00,2,1.0,63.3,127.1,53.4,59.97,56.6,285.6,23.5,stable
2026-04-04 03:00:00,3,0.94,34.0,68.6,30.6,59.93,27.9,174.9,21.4,stable
2026-04-04 04:00:00,4,0.93,33.4,60.3,21.4,59.98,24.2,167.5,21.0,stable
2026-04-04 05:00:00,5,0.84,82.9,136.0,58.6,59.73,46.8,270.1,29.8,unstable
2026-04-04 06:00:00,6,0.92,110.5,204.1,89.5,59.87,87.9,405.3,22.2,unstable
2026-04-04 07:00:00,7,0.87,83.5,147.0,55.1,59.86,47.5,284.6,25.4,unstable
2026-04-04 08:00:00,8,1.02,88.3,178.6,76.9,59.97,28.3,326.7,15.1,stable
2026-04-04 09:00:00,9,1.02,31.5,60.9,26.6,59.85,17.5,126.2,16.8,stable
2026-04-04 10:00:00,10,0.86,115.9,199.0,74.3,59.93,87.2,390.2,32.6,unstable
2026-04-04 11:00:00,11,0.93,67.1,127.4,49.3,59.72,70.4,307.5,28.0,unstable
2026-04-04 12:00:00,12,0.92,101.4,185.7,67.7,60.0,13.0,329.8,16.9,stable
2026-04-04 13:00:00,13,0.94,110.2,192.5,72.0,59.87,47.6,349.4,22.1,unstable
2026-04-04 14:00:00,14,0.95,61.8,112.8,49.2,59.99,49.2,262.3,25.6,stable
2026-04-04 15:00:00,15,0.98,45.6,96.2,40.8,59.92,13.5,186.8,19.0,stable
2026-04-04 16:00:00,16,1.0,29.1,61.0,23.1,59.89,15.9,134.3,24.2,stable
2026-04-04 17:00:00,17,1.02,74.6,145.8,62.8,59.99,22.1,270.1,18.9,stable
2026-04-04 18:00:00,18,0.95,53.7,95.5,42.5,60.0,32.0,218.6,20.2,stable
2026-04-04 19:00:00,19,1.01,68.2,129.2,53.0,60.01,56.4,276.3,12.0,stable
2026-04-04 20:00:00,20,0.88,128.0,234.3,88.4,59.81,69.6,425.6,33.0,unstable
2026-04-04 21:00:00,21,0.94,81.2,147.1,54.7,59.72,86.8,351.7,28.0,unstable
2026-04-04 22:00:00,22,0.94,92.3,173.1,76.4,59.92,48.6,334.4,23.2,stable
2026-04-04 23:00:00,23,0.93,130.5,234.5,97.4,59.84,41.5,395.4,30.8,unstable
2026-04-05 00:00:00,0,0.99,44.6,86.0,32.3,59.91,36.9,189.2,23.5,stable
2026-04-05 01:00:00,1,0.95,88.2,179.4,73.7,59.83,45.0,343.1,12.9,stable
2026-04-05 02:00:00,2,0.95,85.6,165.2,67.9,59.77,43.7,307.8,29.6,unstable
2026-04-05 03:00:00,3,1.0,89.7,166.3,67.4,59.91,27.4,329.6,22.4,stable
2026-04-05 04:00:00,4,0.94,32.8,60.6,21.9,59.92,53.7,203.5,19.5,stable
2026-04-05 05:00:00,5,0.94,48.8,96.6,38.3,59.9,40.1,236.3,24.9,stable
2026-04-05 06:00:00,6,0.87,87.0,142.7,60.8,59.95,54.8,325.1,32.9,unstable
2026-04-05 07:00:00,7,0.91,36.6,65.6,25.8,59.91,30.8,170.1,22.9,stable
2026-04-05 08:00:00,8,1.01,91.3,178.3,68.8,59.89,38.3,336.6,15.5,stable
2026-04-05 09:00:00,9,0.95,135.7,240.5,90.7,59.85,39.6,433.9,23.8,unstable
2026-04-05 10:00:00,10,0.89,95.9,177.2,68.2,59.74,83.1,395.7,27.7,unstable
2026-04-05 11:00:00,11,0.96,98.7,186.4,69.4,59.92,38.8,350.8,21.6,stable
2026-04-05 12:00:00,12,0.97,44.0,90.0,34.4,59.96,49.7,214.4,25.2,stable
2026-04-05 13:00:00,13,0.98,99.4,180.7,64.5,59.95,36.8,302.4,18.7,stable
2026-04-05 14:00:00,14,0.95,93.1,172.2,74.6,59.93,40.5,315.6,20.1,stable
2026-04-05 15:00:00,15,0.86,85.3,150.6,54.1,59.77,73.9,305.9,22.0,unstable
2026-04-05 16:00:00,16,1.02,102.6,212.3,87.5,60.01,42.5,369.7,21.1,stable
2026-04-05 17:00:00,17,0.95,68.3,121.5,54.4,59.92,16.4,218.2,16.4,stable
2026-04-05 18:00:00,18,0.95,73.7,133.9,47.6,59.83,58.1,281.5,20.6,unstable
2026-04-05 19:00:00,19,0.98,43.4,79.5,34.6,59.96,27.2,185.5,23.7,stable
2026-04-05 20:00:00,20,0.94,85.9,173.5,62.2,59.9,49.2,308.3,14.4,stable
2026-04-05 21:00:00,21,0.99,59.2,113.7,44.7,60.03,11.3,214.1,20.0,stable
2026-04-05 22:00:00,22,0.9,119.3,204.8,76.8,59.81,72.5,383.1,21.6,unstable
2026-04-05 23:00:00,23,1.02,74.7,162.5,72.6,59.97,30.5,310.5,15.7,stable
2026-04-06 00:00:00,0,0.94,123.5,247.5,111.0,59.74,82.0,507.3,20.7,unstable
2026-04-06 01:00:00,1,0.87,96.2,170.9,61.0,59.85,48.3,316.9,24.9,unstable
2026-04-06 02:00:00,2,0.93,68.0,128.4,54.9,59.86,90.1,332.8,19.3,unstable
2026-04-06 03:00:00,3,0.95,107.3,206.5,80.7,59.93,63.5,409.3,19.6,unstable
2026-04-06 04:00:00,4,0.92,73.5,136.7,58.7,59.73,44.7,290.5,19.6,unstable
2026-04-06 05:00:00,5,0.99,55.9,104.7,36.8,59.9,25.7,216.9,21.7,stable
2026-04-06 06:00:00,6,0.98,79.8,163.7,61.0,59.99,34.9,296.4,21.8,stable
2026-04-06 07:00:00,7,0.89,90.3,161.7,65.3,59.92,57.6,347.6,31.0,unstable
2026-04-06 08:00:00,8,0.92,77.1,152.4,68.1,59.73,59.2,342.3,25.9,unstable
2026-04-06 09:00:00,9,0.96,94.0,171.0,74.1,59.88,75.6,373.0,19.2,unstable
2026-04-06 10:00:00,10,0.9,112.9,196.9,88.2,59.93,58.9,385.9,20.7,unstable
2026-04-06 11:00:00,11,0.9,110.7,185.2,82.0,59.92,75.2,409.8,24.5,unstable
2026-04-06 12:00:00,12,1.02,80.7,155.4,60.5,60.0,52.2,336.6,20.0,stable
2026-04-06 13:00:00,13,0.95,89.4,159.8,59.0,59.73,56.3,337.0,19.7,unstable
2026-04-06 14:00:00,14,0.87,118.0,202.3,75.0,59.71,71.1,404.4,28.0,unstable
2026-04-06 15:00:00,15,0.92,47.2,87.4,32.5,59.93,18.4,173.8,22.0,stable
2026-04-06 16:00:00,16,1.01,63.4,119.6,46.7,60.01,41.2,257.2,16.7,stable
2026-04-06 17:00:00,17,0.95,92.0,161.9,61.1,59.75,43.9,306.9,24.7,unstable
2026-04-06 18:00:00,18,0.91,104.3,198.3,80.2,59.78,65.0,380.2,23.4,unstable
2026-04-06 19:00:00,19,1.01,81.3,167.7,75.1,60.04,28.9,323.0,15.2,stable
2026-04-06 20:00:00,20,0.94,97.8,192.3,75.9,59.92,47.8,362.7,25.7,stable
2026-04-06 21:00:00,21,0.97,61.5,123.9,44.7,59.88,35.8,244.7,12.5,stable
2026-04-06 22:00:00,22,0.96,54.3,97.2,42.5,60.01,57.9,255.2,14.1,stable
2026-04-06 23:00:00,23,0.96,138.1,264.0,101.2,59.83,64.8,476.7,25.6,unstable
2026-04-07 00:00:00,0,0.84,79.8,139.4,62.1,59.77,84.7,338.4,27.4,unstable
2026-04-07 01:00:00,1,0.94,59.1,112.3,42.6,59.87,33.5,245.6,24.4,stable
2026-04-07 02:00:00,2,0.92,98.2,178.2,63.9,59.95,52.1,337.7,19.8,stable
2026-04-07 03:00:00,3,0.95,99.7,178.8,65.2,59.88,51.1,320.2,20.6,stable
2026-04-07 04:00:00,4,0.92,104.5,198.1,87.9,60.01,28.3,379.0,17.8,stable
2026-04-07 05:00:00,5,0.86,117.4,209.7,78.0,59.89,44.3,395.6,26.0,unstable
2026-04-07 06:00:00,6,0.94,87.9,175.4,67.8,59.86,76.7,374.2,30.0,unstable
2026-04-07 07:00:00,7,0.97,28.2,52.0,22.9,60.02,24.1,151.5,19.1,stable
2026-04-07 08:00:00,8,0.94,107.1,190.7,79.9,59.82,37.2,351.7,24.1,unstable
2026-04-07 09:00:00,9,0.9,136.1,244.2,100.6,59.76,40.0,419.9,31.1,unstable
2026-04-07 10:00:00,10,0.94,104.5,210.6,88.5,59.95,54.1,383.6,19.0,stable
2026-04-07 11:00:00,11,0.88,123.1,228.5,86.8,59.79,69.1,454.2,19.5,unstable
2026-04-07 12:00:00,12,1.02,45.0,88.3,36.3,60.0,36.6,183.2,14.4,stable
2026-04-07 13:00:00,13,1.02,67.7,141.3,53.4,59.91,33.3,270.4,24.2,stable
2026-04-07 14:00:00,14,0.96,70.1,142.0,57.0,59.75,85.4,337.4,31.6,unstable
2026-04-07 15:00:00,15,0.91,29.0,51.5,22.9,59.96,26.2,133.1,25.0,stable
2026-04-07 16:00:00,16,0.92,102.6,200.0,73.9,59.89,85.5,423.7,19.6,unstable
2026-04-07 17:00:00,17,0.94,76.9,139.5,60.2,59.87,87.5,312.5,22.4,unstable
2026-04-07 18:00:00,18,0.9,74.7,141.7,62.9,59.91,67.1,330.9,29.0,unstable
2026-04-07 19:00:00,19,0.96,82.6,146.7,58.6,59.85,59.6,315.7,22.1,stable
2026-04-07 20:00:00,20,0.99,45.2,86.1,32.9,59.95,57.1,242.2,21.4,stable
2026-04-07 21:00:00,21,0.95,31.7,61.3,25.3,59.84,24.2,166.7,20.4,stable
2026-04-07 22:00:00,22,0.85,75.2,133.7,56.9,59.8,41.1,292.6,28.0,unstable
2026-04-07 23:00:00,23,0.99,104.5,200.9,89.9,59.89,19.2,379.4,14.2,stable
2026-04-08 00:00:00,0,0.98,102.7,195.9,75.1,59.94,44.8,378.6,25.2,stable
2026-04-08 01:00:00,1,0.96,136.2,260.3,107.4,59.83,55.5,468.4,29.0,unstable
2026-04-08 02:00:00,2,0.99,98.0,182.2,80.2,59.88,24.7,321.4,16.6,stable
2026-04-08 03:00:00,3,0.95,74.1,132.6,57.4,59.9,79.3,316.7,31.8,unstable
2026-04-08 04:00:00,4,0.96,30.6,58.7,21.4,59.98,48.1,189.4,11.5,stable
2026-04-08 05:00:00,5,0.89,124.0,207.6,76.6,59.81,63.5,395.3,30.0,unstable
2026-04-08 06:00:00,6,0.91,40.1,76.8,27.4,59.84,42.1,176.1,17.0,stable
2026-04-08 07:00:00,7,0.92,72.8,137.7,55.4,59.87,88.9,313.2,23.8,unstable
2026-04-08 08:00:00,8,1.0,73.3,142.9,62.1,59.91,22.9,258.7,21.3,stable
2026-04-08 09:00:00,9,0.87,103.2,172.5,72.6,59.76,48.2,342.2,29.7,unstable
2026-04-08 10:00:00,10,1.02,86.5,189.5,66.8,60.01,29.3,332.5,22.3,stable
2026-04-08 11:00:00,11,0.91,108.5,198.4,86.3,59.82,67.3,388.0,32.4,unstable
2026-04-08 12:00:00,12,0.9,93.0,170.1,65.5,59.78,69.9,341.3,27.1,unstable
2026-04-08 13:00:00,13,0.92,31.2,53.4,20.0,59.88,13.6,139.8,14.7,stable
2026-04-08 14:00:00,14,0.89,125.5,218.1,77.9,59.93,53.8,419.6,31.9,unstable
2026-04-08 15:00:00,15,0.96,79.7,152.4,67.3,59.97,19.7,259.9,14.0,stable
2026-04-08 16:00:00,16,0.91,77.1,138.9,56.7,59.93,44.3,263.3,11.9,stable
2026-04-08 17:00:00,17,0.92,75.8,129.5,53.6,59.84,66.4,273.3,31.8,unstable
2026-04-08 18:00:00,18,0.85,126.4,213.1,79.6,59.81,52.5,390.9,27.8,unstable
2026-04-08 19:00:00,19,1.0,54.1,112.6,50.1,60.01,49.7,233.0,14.2,stable
2026-04-08 20:00:00,20,0.92,76.9,134.3,47.3,59.88,90.5,331.2,27.6,unstable
2026-04-08 21:00:00,21,0.85,110.7,196.6,88.0,59.85,74.8,393.0,24.5,unstable
2026-04-08 22:00:00,22,1.02,80.4,165.1,69.3,59.97,21.2,325.4,19.0,stable
2026-04-08 23:00:00,23,0.84,121.7,199.9,79.1,59.73,44.5,354.3,27.7,unstable
2026-04-09 00:00:00,0,0.98,72.2,151.3,63.9,60.03,16.2,253.8,13.6,stable
2026-04-09 01:00:00,1,0.95,39.9,73.7,28.1,59.89,52.0,181.8,12.0,stable
2026-04-09 02:00:00,2,0.91,99.9,180.4,73.3,59.89,25.5,339.6,16.4,stable
2026-04-09 03:00:00,3,0.95,120.1,231.0,100.8,59.89,41.8,422.8,19.3,unstable
2026-04-09 04:00:00,4,0.85,120.0,200.5,81.8,59.88,46.5,384.1,19.4,unstable
2026-04-09 05:00:00,5,0.98,80.6,166.4,63.3,59.85,59.2,346.4,24.6,stable
2026-04-09 06:00:00,6,0.99,101.4,188.4,78.1,59.88,32.5,341.0,12.9,stable
2026-04-09 07:00:00,7,0.93,120.3,207.6,79.0,59.9,48.1,374.7,28.7,unstable
2026-04-09 08:00:00,8,0.95,55.1,111.9,41.2,59.83,34.9,217.3,25.2,stable
2026-04-09 09:00:00,9,0.94,73.0,128.6,49.6,59.71,66.6,278.5,22.5,unstable
2026-04-09 10:00:00,10,1.02,56.7,114.1,47.9,59.86,56.6,243.0,24.2,stable
2026-04-09 11:00:00,11,1.02,66.4,137.5,57.1,59.94,19.4,235.3,20.5,stable
2026-04-09 12:00:00,12,0.98,44.0,87.4,38.0,59.87,23.8,183.9,21.7,stable
2026-04-09 13:00:00,13,0.99,35.3,68.3,26.1,59.91,22.8,146.7,25.4,stable
2026-04-09 14:00:00,14,0.94,59.9,112.5,48.5,59.9,31.7,253.6,17.2,stable
2026-04-09 15:00:00,15,0.92,37.3,71.6,29.0,60.0,16.2,180.6,25.2,stable
2026-04-09 16:00:00,16,0.98,86.1,175.0,67.3,59.96,21.6,290.6,13.5,stable
2026-04-09 17:00:00,17,0.88,118.1,220.9,88.6,59.94,66.2,441.0,32.6,unstable
2026-04-09 18:00:00,18,0.86,115.3,205.1,72.2,59.77,64.6,364.6,28.2,unstable
2026-04-09 19:00:00,19,0.93,70.5,133.6,57.8,59.96,39.3,300.7,15.5,stable
2026-04-09 20:00:00,20,0.97,80.5,150.7,55.0,59.87,56.9,319.4,14.2,stable
2026-04-09 21:00:00,21,0.84,107.1,174.8,69.2,59.92,55.2,336.1,23.8,unstable
2026-04-09 22:00:00,22,1.0,50.7,94.6,33.8,59.97,36.4,212.7,23.6,stable
2026-04-09 23:00:00,23,0.93,77.8,150.2,53.8,59.99,56.2,308.4,13.5,stable
2026-04-10 00:00:00,0,0.95,28.3,55.9,19.8,60.01,36.0,173.3,14.3,stable
2026-04-10 01:00:00,1,1.0,76.5,159.0,64.1,59.86,10.7,290.3,23.7,stable
2026-04-10 02:00:00,2,0.9,139.8,269.2,103.6,59.78,84.1,521.9,29.3,unstable
2026-04-10 03:00:00,3,0.93,64.4,128.9,46.7,59.89,56.9,279.5,19.3,unstable
2026-04-10 04:00:00,4,0.93,74.8,134.8,50.0,59.93,18.0,250.7,22.7,stable
2026-04-10 05:00:00,5,0.95,101.2,186.5,75.4,59.92,56.8,378.9,23.6,unstable
2026-04-10 06:00:00,6,0.86,68.5,117.6,44.7,59.82,75.6,303.1,26.3,unstable
2026-04-10 07:00:00,7,0.95,132.6,263.9,110.4,59.8,77.1,472.9,20.5,unstable
2026-04-10 08:00:00,8,0.92,122.0,232.8,94.9,59.87,76.6,437.3,28.2,unstable
2026-04-10 09:00:00,9,0.91,84.1,142.7,59.2,59.91,31.4,301.5,11.4,stable
2026-04-10 10:00:00,10,0.97,47.8,91.6,33.9,59.9,11.0,160.8,15.1,stable
2026-04-10 11:00:00,11,1.01,75.6,144.1,60.1,60.03,12.6,275.8,22.1,stable
2026-04-10 12:00:00,12,1.02,81.4,157.9,69.6,59.99,23.1,286.2,24.9,stable
2026-04-10 13:00:00,13,0.94,128.7,249.6,104.0,59.71,51.4,443.3,31.4,unstable
2026-04-10 14:00:00,14,0.94,92.4,166.4,60.6,59.75,70.0,323.1,25.8,unstable
2026-04-10 15:00:00,15,0.91,43.3,73.7,30.2,60.04,15.5,182.0,19.7,stable
2026-04-10 16:00:00,16,0.94,75.6,133.7,58.4,59.8,46.7,286.0,31.9,unstable
2026-04-10 17:00:00,17,0.9,120.4,203.3,89.6,59.91,63.9,419.1,31.0,unstable
2026-04-10 18:00:00,18,1.0,80.0,162.1,60.9,59.94,38.0,303.1,16.3,stable
2026-04-10 19:00:00,19,0.85,130.3,211.0,82.8,59.79,58.0,377.5,29.5,unstable
2026-04-10 20:00:00,20,0.92,79.9,139.0,48.9,59.86,63.1,303.7,31.1,unstable
2026-04-10 21:00:00,21,0.96,100.2,181.0,80.2,59.86,60.6,373.0,27.0,unstable
2026-04-10 22:00:00,22,0.91,64.4,118.4,43.6,59.74,71.7,283.9,28.1,unstable
2026-04-10 23:00:00,23,0.91,114.8,225.0,100.7,59.84,86.3,470.5,30.9,unstable
2026-04-11 00:00:00,0,1.01,33.8,68.1,29.4,59.98,12.5,145.6,23.6,stable
2026-04-11 01:00:00,1,0.93,69.9,125.9,48.6,59.93,84.4,281.2,30.1,unstable
2026-04-11 02:00:00,2,0.9,78.3,143.3,52.9,59.73,83.6,341.2,27.0,unstable
2026-04-11 03:00:00,3,0.97,93.1,169.5,63.9,60.02,46.6,303.3,22.0,stable
2026-04-11 04:00:00,4,0.86,82.0,134.7,53.8,59.92,90.4,309.9,27.4,unstable
2026-04-11 05:00:00,5,1.01,101.0,208.5,86.5,59.84,46.1,372.0,12.2,stable
2026-04-11 06:00:00,6,0.92,28.8,50.0,19.2,59.93,58.4,155.6,22.3,stable
2026-04-11 07:00:00,7,0.91,100.5,179.6,71.4,60.01,43.8,345.0,14.2,stable
2026-04-11 08:00:00,8,0.97,96.6,195.5,69.6,59.9,14.1,334.4,18.0,stable
2026-04-11 09:00:00,9,0.98,41.9,88.1,36.6,59.83,27.1,186.7,14.5,stable
2026-04-11 10:00:00,10,0.99,57.2,113.9,50.1,59.89,20.0,221.3,25.6,stable
2026-04-11 11:00:00,11,0.91,98.2,185.8,81.8,60.04,28.2,331.2,22.6,stable
2026-04-11 12:00:00,12,0.95,94.1,185.8,68.9,59.9,83.5,372.5,19.7,unstable
2026-04-11 13:00:00,13,0.89,106.0,197.1,76.9,59.83,55.2,374.5,21.5,unstable
2026-04-11 14:00:00,14,1.01,31.5,63.6,28.4,59.98,51.9,191.4,25.8,stable
2026-04-11 15:00:00,15,0.88,81.2,138.1,53.8,59.87,42.8,282.3,19.4,unstable
2026-04-11 16:00:00,16,0.96,97.8,175.7,71.3,59.78,42.7,347.2,22.6,unstable
2026-04-11 17:00:00,17,0.88,129.3,223.7,99.7,59.71,79.9,442.9,19.9,unstable
2026-04-11 18:00:00,18,0.95,103.3,193.0,77.1,59.96,59.9,367.8,22.6,stable
2026-04-11 19:00:00,19,0.99,28.9,57.5,21.2,59.92,36.0,135.8,25.8,stable
2026-04-11 20:00:00,20,0.95,137.7,266.4,107.6,59.95,77.1,506.4,26.8,unstable
2026-04-11 21:00:00,21,0.92,84.0,155.8,55.0,59.74,83.0,360.1,31.7,unstable
2026-04-11 22:00:00,22,0.95,61.1,110.7,39.9,59.96,33.3,204.0,24.3,stable
2026-04-11 23:00:00,23,0.85,63.9,101.5,41.7,59.76,49.5,241.1,23.7,unstable
2026-04-12 00:00:00,0,0.91,137.6,245.6,87.5,59.95,37.1,405.1,30.1,unstable
2026-04-12 01:00:00,1,0.9,122.2,214.3,82.8,59.87,50.5,417.6,23.5,unstable
2026-04-12 02:00:00,2,1.02,59.3,119.7,51.8,59.98,29.5,244.2,18.3,stable
2026-04-12 03:00:00,3,0.94,96.2,180.9,64.1,59.92,73.7,340.2,19.8,unstable
2026-04-12 04:00:00,4,0.94,97.0,183.0,66.1,59.99,17.0,318.7,21.9,stable
2026-04-12 05:00:00,5,0.97,68.1,124.1,49.3,60.02,59.5,262.1,18.6,stable
2026-04-12 06:00:00,6,0.99,35.5,72.1,30.9,59.93,33.4,204.6,12.2,stable
2026-04-12 07:00:00,7,0.9,135.9,243.4,101.1,59.85,71.5,471.0,21.0,unstable
2026-04-12 08:00:00,8,0.93,32.6,61.8,26.2,60.03,59.2,170.8,23.9,stable
2026-04-12 09:00:00,9,0.85,106.2,178.8,75.0,59.73,48.8,355.3,31.0,unstable
2026-04-12 10:00:00,10,0.87,125.9,228.7,81.3,59.79,69.2,434.2,22.5,unstable
2026-04-12 11:00:00,11,0.93,122.3,237.9,94.2,59.93,61.3,417.1,21.1,unstable
2026-04-12 12:00:00,12,0.94,97.5,189.3,83.0,59.84,34.2,326.5,15.2,stable
2026-04-12 13:00:00,13,1.0,65.7,137.8,49.7,59.87,14.5,262.9,22.2,stable
2026-04-12 14:00:00,14,0.95,28.0,54.0,22.5,59.97,56.6,181.1,19.3,stable
2026-04-12 15:00:00,15,0.98,72.8,146.4,61.5,60.02,18.6,295.7,24.7,stable
2026-04-12 16:00:00,16,0.89,112.8,199.6,85.5,59.77,81.4,432.4,32.5,unstable
2026-04-12 17:00:00,17,0.93,102.7,203.0,75.1,59.96,59.4,369.8,20.6,stable
2026-04-12 18:00:00,18,0.92,60.4,107.8,47.6,59.87,39.5,260.7,20.1,stable
2026-04-12 19:00:00,19,0.89,115.4,201.0,75.1,59.88,58.0,377.0,24.8,unstable
2026-04-12 20:00:00,20,0.99,56.9,112.6,48.4,59.99,48.2,260.7,11.1,stable
2026-04-12 21:00:00,21,0.92,107.7,204.1,83.1,59.93,81.0,390.1,32.7,unstable
2026-04-12 22:00:00,22,0.91,97.6,183.9,72.1,59.9,89.8,390.0,22.8,unstable
2026-04-12 23:00:00,23,0.94,68.1,137.0,48.7,59.85,36.4,271.8,23.0,stable
2026-04-13 00:00:00,0,1.02,82.9,166.6,68.1,60.03,36.1,327.1,13.4,stable
2026-04-13 01:00:00,1,0.99,84.0,158.1,69.4,59.92,17.2,268.5,13.4,stable
2026-04-13 02:00:00,2,0.93,98.5,177.9,78.6,59.93,39.3,337.2,14.2,stable
2026-04-13 03:00:00,3,0.96,45.2,83.9,36.0,59.91,44.3,226.9,21.8,stable
2026-04-13 04:00:00,4,0.92,94.2,183.9,70.4,59.89,19.9,315.0,11.1,stable
2026-04-13 05:00:00,5,0.95,133.5,245.8,92.0,59.79,70.9,459.9,26.4,unstable
2026-04-13 06:00:00,6,0.95,103.4,195.0,73.5,59.83,59.9,391.5,30.0,unstable
2026-04-13 07:00:00,7,0.98,83.4,170.3,61.8,59.96,25.7,313.8,11.5,stable
2026-04-13 08:00:00,8,0.88,104.3,180.7,80.1,59.73,72.9,375.8,21.4,unstable
2026-04-13 09:00:00,9,1.02,97.2,206.8,89.7,60.03,25.9,343.1,25.4,stable
2026-04-13 10:00:00,10,1.0,34.3,68.5,26.7,59.99,21.6,178.8,25.4,stable
2026-04-13 11:00:00,11,0.89,90.6,153.3,63.5,59.8,53.9,336.6,21.9,unstable
2026-04-13 12:00:00,12,0.94,91.9,167.5,68.7,59.86,58.6,353.6,16.2,stable
2026-04-13 13:00:00,13,0.92,138.9,250.6,105.8,59.88,46.1,451.1,33.0,unstable
2026-04-13 14:00:00,14,0.93,73.0,129.0,57.2,59.8,63.9,281.6,26.3,unstable
2026-04-13 15:00:00,15,0.86,87.3,139.3,59.6,59.84,63.9,314.9,22.1,unstable
2026-04-13 16:00:00,16,0.84,76.4,125.5,53.2,59.92,88.2,330.7,25.7,unstable
2026-04-13 17:00:00,17,0.89,135.9,229.9,85.8,59.81,75.1,423.9,22.5,unstable
2026-04-13 18:00:00,18,0.92,93.6,161.1,57.7,59.74,71.4,316.5,23.1,unstable
2026-04-13 19:00:00,19,0.98,58.1,114.7,45.7,59.84,23.9,220.1,19.7,stable
2026-04-13 20:00:00,20,0.93,137.6,265.0,117.9,59.92,40.2,455.8,29.4,unstable
2026-04-13 21:00:00,21,0.91,55.0,98.3,39.6,59.96,48.4,212.1,23.9,stable
2026-04-13 22:00:00,22,0.88,133.7,249.6,110.1,59.75,45.1,464.5,27.9,unstable
2026-04-13 23:00:00,23,0.94,135.9,239.9,97.9,59.78,76.0,474.8,30.0,unstable
2026-04-14 00:00:00,0,0.91,31.3,53.6,19.0,60.03,40.7,172.6,21.4,stable
2026-04-14 01:00:00,1,0.85,130.1,204.8,86.0,59.89,69.3,407.6,21.3,unstable
2026-04-14 02:00:00,2,1.0,37.6,76.7,34.0,59.92,57.0,234.2,19.2,stable
2026-04-14 03:00:00,3,0.94,80.4,149.4,65.6,60.04,30.4,289.5,19.4,stable
2026-04-14 04:00:00,4,1.01,83.6,158.5,68.8,60.0,52.7,324.9,16.8,stable
2026-04-14 05:00:00,5,0.85,122.3,218.8,82.7,59.75,76.1,437.2,21.9,unstable
2026-04-14 06:00:00,6,0.93,90.4,180.2,74.7,59.8,83.3,379.8,19.5,unstable
2026-04-14 07:00:00,7,0.92,103.9,189.2,78.6,59.94,21.8,319.7,21.8,stable
2026-04-14 08:00:00,8,0.96,113.3,221.8,88.8,59.76,68.7,400.1,26.9,unstable
2026-04-14 09:00:00,9,1.0,59.8,128.3,56.4,59.87,48.5,261.2,25.7,stable
2026-04-14 10:00:00,10,1.01,58.4,113.7,40.1,59.91,33.0,213.9,20.8,stable
2026-04-14 11:00:00,11,0.87,71.4,132.2,56.0,59.89,87.5,301.0,31.5,unstable
2026-04-14 12:00:00,12,0.85,89.3,161.8,68.9,59.95,69.2,353.6,29.9,unstable
2026-04-14 13:00:00,13,0.91,132.8,258.0,102.9,59.73,66.9,491.3,19.6,unstable
2026-04-14 14:00:00,14,1.0,47.0,93.7,36.9,59.84,53.8,213.2,24.5,stable
2026-04-14 15:00:00,15,0.93,78.9,136.0,47.7,59.87,22.1,251.1,25.1,stable
2026-04-14 16:00:00,16,0.86,95.5,175.3,72.3,59.83,86.0,361.1,19.1,unstable
2026-04-14 17:00:00,17,0.9,86.8,158.3,56.7,59.77,50.5,311.8,28.1,unstable
2026-04-14 18:00:00,18,0.91,72.5,142.5,59.1,60.02,57.5,307.5,13.2,stable
2026-04-14 19:00:00,19,0.91,77.6,131.4,54.0,60.03,14.6,250.7,11.3,stable
2026-04-14 20:00:00,20,0.87,103.8,169.4,74.6,59.84,38.1,338.3,23.0,unstable
2026-04-14 21:00:00,21,0.94,74.4,145.1,63.9,60.01,32.7,273.5,14.3,stable
2026-04-14 22:00:00,22,0.93,122.2,222.4,96.8,59.94,52.7,430.3,24.9,unstable
2026-04-14 23:00:00,23,0.94,78.3,154.0,66.4,60.03,58.5,315.8,19.7,stable
2026-04-15 00:00:00,0,0.91,102.3,187.5,79.9,59.99,26.9,357.7,20.7,stable
2026-04-15 01:00:00,1,1.0,45.6,87.2,36.4,59.9,31.5,194.9,21.2,stable
2026-04-15 02:00:00,2,0.91,78.0,148.2,65.3,59.97,57.0,324.3,21.7,stable
2026-04-15 03:00:00,3,0.95,96.5,196.1,87.3,59.89,76.1,395.7,31.1,unstable
2026-04-15 04:00:00,4,0.85,132.7,231.0,98.9,59.77,56.8,415.9,27.7,unstable
2026-04-15 05:00:00,5,0.89,140.6,265.6,102.2,59.8,82.9,510.0,25.7,unstable
2026-04-15 06:00:00,6,0.94,71.5,138.7,49.6,59.82,52.0,293.3,24.6,unstable
2026-04-15 07:00:00,7,0.98,41.7,83.4,34.3,59.99,39.4,213.9,25.1,stable
2026-04-15 08:00:00,8,0.93,63.9,117.5,51.1,59.93,84.9,314.7,22.1,unstable
2026-04-15 09:00:00,9,1.02,78.5,158.2,67.1,59.92,29.5,300.0,16.3,stable
2026-04-15 10:00:00,10,0.99,76.5,159.5,64.5,59.83,31.8,320.1,17.8,stable
2026-04-15 11:00:00,11,0.97,31.0,59.6,22.3,59.99,11.4,162.4,12.3,stable
2026-04-15 12:00:00,12,0.98,52.8,103.5,41.6,59.89,26.8,221.5,21.5,stable
2026-04-15 13:00:00,13,0.92,71.4,128.9,48.1,59.99,43.5,289.5,15.9,stable
2026-04-15 14:00:00,14,0.96,80.4,164.4,71.0,59.83,64.9,356.6,19.6,unstable
2026-04-15 15:00:00,15,0.97,49.4,103.2,44.7,60.04,49.0,266.7,19.7,stable
2026-04-15 16:00:00,16,0.93,82.8,154.0,57.5,59.94,48.7,323.9,11.0,stable
2026-04-15 17:00:00,17,0.92,91.2,157.8,56.3,59.77,88.7,348.1,22.4,unstable
2026-04-15 18:00:00,18,0.94,32.7,66.3,29.4,59.97,52.9,186.3,23.2,stable
2026-04-15 19:00:00,19,0.93,87.8,164.9,61.2,59.74,43.5,291.0,25.4,unstable
2026-04-15 20:00:00,20,0.91,45.1,76.4,30.3,60.03,43.2,195.8,17.5,stable
2026-04-15 21:00:00,21,0.99,44.1,87.0,39.0,59.85,25.6,197.4,12.7,stable
2026-04-15 22:00:00,22,0.99,44.6,83.7,32.2,60.01,47.7,232.1,24.2,stable
2026-04-15 23:00:00,23,0.94,59.1,107.4,44.8,59.95,34.5,245.6,16.3,stable
2026-04-16 00:00:00,0,0.92,47.6,87.4,32.3,60.0,31.4,179.0,24.5,stable
2026-04-16 01:00:00,1,0.93,125.2,247.8,88.6,59.95,85.2,488.1,29.5,unstable
2026-04-16 02:00:00,2,0.95,119.5,237.4,92.2,59.73,77.5,454.9,33.0,unstable
2026-04-16 03:00:00,3,0.86,80.5,147.2,52.3,59.77,67.2,290.7,31.7,unstable
2026-04-16 04:00:00,4,0.87,93.7,163.7,62.9,59.73,69.3,351.2,27.1,unstable
2026-04-16 05:00:00,5,0.95,50.8,91.2,36.2,59.85,16.9,175.3,18.0,stable
2026-04-16 06:00:00,6,0.91,41.1,76.5,27.5,59.95,10.0,167.3,24.0,stable
2026-04-16 07:00:00,7,0.96,96.3,180.5,77.1,59.92,22.3,345.7,17.0,stable
2026-04-16 08:00:00,8,1.0,81.7,151.4,62.6,60.04,47.6,318.5,25.7,stable
2026-04-16 09:00:00,9,1.01,100.8,188.9,76.4,60.01,36.9,344.0,11.1,stable
2026-04-16 10:00:00,10,0.89,91.4,162.1,64.0,59.93,84.1,368.2,31.6,unstable
2026-04-16 11:00:00,11,0.94,48.4,88.1,36.5,59.85,16.6,208.9,15.4,stable
2026-04-16 12:00:00,12,1.02,84.0,179.7,79.2,59.99,30.7,332.1,15.9,stable
2026-04-16 13:00:00,13,0.94,63.8,123.0,54.3,59.78,81.3,305.6,26.2,unstable
2026-04-16 14:00:00,14,0.94,89.3,157.7,62.7,59.89,32.5,296.1,13.5,stable
2026-04-16 15:00:00,15,0.96,67.1,132.7,54.3,59.86,55.3,299.8,13.4,stable
2026-04-16 16:00:00,16,0.96,129.9,259.3,101.0,59.86,50.6,450.1,29.4,unstable
2026-04-16 17:00:00,17,0.92,31.3,53.9,24.1,59.98,19.5,161.0,21.0,stable
2026-04-16 18:00:00,18,1.0,48.0,95.0,38.6,60.02,52.5,241.8,13.9,stable
2026-04-16 19:00:00,19,0.87,91.2,152.9,55.7,59.86,79.6,339.7,28.1,unstable
2026-04-16 20:00:00,20,0.86,86.9,154.9,63.1,59.79,42.9,322.3,26.7,unstable
2026-04-16 21:00:00,21,0.89,116.4,212.3,76.3,59.86,75.3,418.6,29.2,unstable
2026-04-16 22:00:00,22,1.02,80.9,178.0,76.2,59.98,35.7,340.6,24.0,stable
2026-04-16 23:00:00,23,0.93,124.3,223.9,95.4,59.88,43.9,395.2,28.2,unstable
2026-04-17 00:00:00,0,0.94,76.8,153.6,68.6,59.83,15.7,269.7,20.9,stable
2026-04-17 01:00:00,1,0.95,88.6,163.9,70.2,60.02,13.7,288.3,17.1,stable
2026-04-17 02:00:00,2,0.98,100.2,205.5,90.4,60.03,31.4,350.8,21.9,stable
2026-04-17 03:00:00,3,0.88,76.4,133.8,55.8,59.81,64.3,277.2,28.3,unstable
2026-04-17 04:00:00,4,1.02,95.9,184.0,71.9,59.96,16.6,308.6,23.0,stable
2026-04-17 05:00:00,5,0.94,56.3,101.4,38.9,59.96,53.0,255.8,20.5,stable
2026-04-17 06:00:00,6,0.9,90.5,156.7,59.3,59.87,53.2,292.3,25.7,unstable
2026-04-17 07:00:00,7,0.88,109.6,180.8,78.0,59.94,80.3,390.3,19.6,unstable
2026-04-17 08:00:00,8,0.89,129.6,237.6,106.4,59.84,40.3,444.7,27.4,unstable
2026-04-17 09:00:00,9,0.93,120.6,210.3,75.8,59.89,82.1,428.0,31.7,unstable
2026-04-17 10:00:00,10,0.84,127.8,199.3,71.9,59.81,44.0,352.7,28.4,unstable
2026-04-17 11:00:00,11,0.94,122.7,220.9,83.5,59.92,50.3,400.6,26.3,unstable
2026-04-17 12:00:00,12,0.92,99.3,195.5,78.7,59.89,31.5,340.1,25.1,stable
2026-04-17 13:00:00,13,0.92,88.4,167.2,70.8,59.88,31.7,295.8,14.0,stable
2026-04-17 14:00:00,14,0.86,123.3,197.2,71.8,59.8,76.3,376.5,28.3,unstable
2026-04-17 15:00:00,15,0.85,68.9,119.1,42.7,59.81,78.3,304.6,30.0,unstable
2026-04-17 16:00:00,16,0.93,92.8,172.0,69.0,59.98,37.0,318.0,15.8,stable
2026-04-17 17:00:00,17,0.99,73.1,142.3,62.7,59.88,44.4,297.7,13.1,stable
2026-04-17 18:00:00,18,0.85,106.3,169.2,61.7,59.83,55.4,333.5,27.8,unstable
2026-04-17 19:00:00,19,0.95,116.2,229.5,91.8,59.74,58.5,436.1,24.6,unstable
2026-04-17 20:00:00,20,0.98,74.8,155.8,60.4,59.99,40.8,305.8,22.8,stable
2026-04-17 21:00:00,21,0.88,129.0,211.0,83.7,59.81,65.2,425.0,29.2,unstable
2026-04-17 22:00:00,22,0.84,118.7,204.2,76.7,59.81,62.0,400.4,25.4,unstable
2026-04-17 23:00:00,23,0.89,128.4,222.9,80.7,59.87,80.5,415.0,29.1,unstable
2026-04-18 00:00:00,0,1.01,33.9,70.4,29.2,60.03,36.8,194.9,20.7,stable
2026-04-18 01:00:00,1,0.86,63.9,106.8,44.1,59.76,56.3,271.9,20.3,unstable
2026-04-18 02:00:00,2,0.94,42.9,76.4,33.1,59.86,58.5,207.8,19.2,stable
2026-04-18 03:00:00,3,0.94,66.9,126.6,47.1,59.91,54.6,268.6,24.0,stable
2026-04-18 04:00:00,4,0.98,62.6,126.2,54.9,59.99,36.6,263.1,17.4,stable
2026-04-18 05:00:00,5,0.88,137.2,249.1,106.9,59.75,54.4,477.1,30.2,unstable
2026-04-18 06:00:00,6,1.01,76.3,160.0,68.5,59.87,48.6,338.7,15.1,stable
2026-04-18 07:00:00,7,0.92,121.4,221.4,81.1,59.78,62.5,393.8,27.4,unstable
2026-04-18 08:00:00,8,0.92,64.6,122.6,44.8,59.91,40.6,241.6,25.4,unstable
2026-04-18 09:00:00,9,0.89,90.9,151.0,62.5,59.76,77.1,334.4,27.6,unstable
2026-04-18 10:00:00,10,0.94,84.3,158.2,66.1,59.98,21.1,272.7,24.5,stable
2026-04-18 11:00:00,11,0.91,102.5,186.4,65.3,59.79,57.6,361.8,28.0,unstable
2026-04-18 12:00:00,12,0.88,80.4,140.0,49.6,59.73,49.3,265.8,32.1,unstable
2026-04-18 13:00:00,13,0.91,102.4,181.6,71.9,59.75,57.4,366.9,30.3,unstable
2026-04-18 14:00:00,14,0.94,95.4,183.4,80.8,59.87,64.7,357.8,32.5,unstable
2026-04-18 15:00:00,15,0.95,139.4,263.6,94.2,59.79,42.3,464.2,31.6,unstable
2026-04-18 16:00:00,16,0.84,115.1,191.7,70.6,59.74,90.8,410.3,20.6,unstable
2026-04-18 17:00:00,17,0.87,106.6,172.5,70.1,59.76,85.0,387.5,26.2,unstable
2026-04-18 18:00:00,18,0.84,121.9,198.2,76.0,59.76,69.5,412.0,26.6,unstable
2026-04-18 19:00:00,19,0.95,72.7,136.8,59.7,59.85,62.7,292.1,32.3,unstable
2026-04-18 20:00:00,20,1.01,65.4,126.8,47.9,60.02,42.0,241.3,11.0,stable
2026-04-18 21:00:00,21,0.88,115.8,192.5,76.5,59.94,60.4,381.9,32.8,unstable
2026-04-18 22:00:00,22,0.93,74.1,141.3,58.7,59.73,45.8,293.6,32.0,unstable
2026-04-18 23:00:00,23,0.92,74.5,130.1,56.2,59.81,74.9,314.2,20.8,unstable
2026-04-19 00:00:00,0,0.96,81.2,165.9,73.9,59.91,47.0,327.5,18.7,stable
2026-04-19 01:00:00,1,0.97,32.2,65.2,27.9,59.94,38.7,159.8,24.5,stable
2026-04-19 02:00:00,2,0.87,108.8,186.5,70.6,59.79,57.1,339.0,26.8,unstable
2026-04-19 03:00:00,3,0.91,91.7,154.1,57.4,59.83,59.8,339.9,21.9,stable
2026-04-19 04:00:00,4,0.97,29.1,52.6,23.6,59.88,11.0,116.4,20.2,stable
2026-04-19 05:00:00,5,0.92,34.2,59.3,25.8,59.94,48.3,180.7,19.8,stable
2026-04-19 06:00:00,6,1.01,34.0,68.9,25.7,60.02,16.0,169.1,25.8,stable
2026-04-19 07:00:00,7,0.93,125.0,229.3,91.5,59.91,52.1,401.2,24.6,unstable
2026-04-19 08:00:00,8,0.9,127.8,236.0,101.4,59.84,65.5,438.8,22.2,unstable
2026-04-19 09:00:00,9,0.92,98.0,186.3,81.1,59.9,55.6,391.0,19.6,stable
2026-04-19 10:00:00,10,0.91,68.7,130.4,57.3,59.81,60.3,270.6,30.1,unstable
2026-04-19 11:00:00,11,0.92,97.3,167.0,65.4,59.87,34.8,320.9,22.4,stable
2026-04-19 12:00:00,12,0.88,114.5,215.1,93.5,59.73,90.4,461.8,30.6,unstable
2026-04-19 13:00:00,13,0.97,91.0,187.8,65.8,59.92,19.1,341.6,11.8,stable
2026-04-19 14:00:00,14,0.94,91.0,179.7,67.4,59.98,22.3,291.4,22.6,stable
2026-04-19 15:00:00,15,0.86,120.4,199.6,78.9,59.73,57.9,388.3,31.4,unstable
2026-04-19 16:00:00,16,0.97,94.8,181.9,78.0,59.91,25.5,306.9,12.2,stable
2026-04-19 17:00:00,17,0.98,50.1,95.6,40.5,60.02,23.9,212.2,17.6,stable
2026-04-19 18:00:00,18,1.0,61.2,126.7,51.1,60.02,59.2,297.9,14.2,stable
2026-04-19 19:00:00,19,0.94,120.9,216.4,96.8,59.93,79.7,447.6,19.9,unstable
2026-04-19 20:00:00,20,0.95,56.4,101.8,40.8,59.84,34.9,226.9,14.2,stable
2026-04-19 21:00:00,21,0.91,100.4,171.8,61.8,59.93,84.2,361.5,32.0,unstable
2026-04-19 22:00:00,22,0.96,77.4,142.0,62.7,59.9,10.1,240.2,25.5,stable
2026-04-19 23:00:00,23,0.87,63.4,112.5,43.5,59.95,72.2,296.1,31.2,unstable
2026-04-20 00:00:00,0,0.96,102.5,206.4,78.5,59.95,59.1,382.6,17.7,stable
2026-04-20 01:00:00,1,0.86,103.4,174.8,78.5,59.87,49.7,365.7,24.6,unstable
2026-04-20 02:00:00,2,0.95,115.8,226.8,86.1,59.79,90.2,436.4,24.5,unstable
2026-04-20 03:00:00,3,1.02,100.2,201.9,83.6,59.93,55.7,387.2,14.8,stable
2026-04-20 04:00:00,4,0.96,97.6,188.0,83.3,59.89,71.0,407.2,20.2,unstable
2026-04-20 05:00:00,5,0.9,89.9,165.0,57.8,59.88,40.6,288.1,26.1,unstable
2026-04-20 06:00:00,6,0.88,86.2,143.7,57.4,59.84,52.2,320.9,31.2,unstable
2026-04-20 07:00:00,7,0.99,29.5,55.1,21.8,59.92,42.3,185.0,20.5,stable
2026-04-20 08:00:00,8,0.89,127.1,222.8,79.6,59.82,82.4,422.2,29.6,unstable
2026-04-20 09:00:00,9,0.99,62.9,118.0,46.7,60.03,41.6,253.6,19.1,stable
2026-04-20 10:00:00,10,0.95,69.8,125.3,49.5,60.04,22.1,218.0,13.9,stable
2026-04-20 11:00:00,11,0.96,123.0,229.5,100.8,59.87,43.5,402.9,25.6,unstable
2026-04-20 12:00:00,12,0.91,128.6,244.7,98.6,59.83,49.7,433.1,24.3,unstable
2026-04-20 13:00:00,13,0.93,112.0,200.6,70.5,59.94,84.1,407.8,26.2,unstable
2026-04-20 14:00:00,14,0.94,141.0,255.8,101.7,59.88,65.1,486.2,25.0,unstable
2026-04-20 15:00:00,15,0.96,110.2,205.0,72.8,59.95,55.2,376.8,22.1,unstable
2026-04-20 16:00:00,16,0.93,78.7,150.5,60.1,59.8,67.0,336.4,32.6,unstable
2026-04-20 17:00:00,17,1.01,94.1,184.3,81.6,59.87,25.1,359.1,25.1,stable
2026-04-20 18:00:00,18,0.96,80.3,154.1,62.4,59.73,61.4,332.7,32.9,unstable
2026-04-20 19:00:00,19,1.0,51.3,97.6,36.7,59.88,14.9,213.6,20.7,stable
2026-04-20 20:00:00,20,0.91,68.8,132.5,50.7,59.81,57.0,279.2,24.7,unstable
2026-04-20 21:00:00,21,1.0,101.4,211.8,84.9,60.0,49.8,380.4,17.1,stable
2026-04-20 22:00:00,22,0.86,77.6,142.7,58.3,59.74,40.5,303.6,31.4,unstable
2026-04-20 23:00:00,23,0.95,68.3,121.2,46.2,59.83,44.8,235.1,23.3,unstable
2026-04-21 00:00:00,0,0.87,81.6,149.6,58.1,59.95,50.2,321.6,28.6,unstable
2026-04-21 01:00:00,1,0.86,111.1,183.7,77.2,59.79,57.2,355.5,28.4,unstable
2026-04-21 02:00:00,2,0.91,81.9,142.6,63.8,59.87,83.0,342.7,29.1,unstable
2026-04-21 03:00:00,3,0.86,76.0,134.4,49.6,59.84,60.6,305.7,24.7,unstable
2026-04-21 04:00:00,4,0.89,112.4,194.8,79.8,59.9,53.9,365.2,24.4,unstable
2026-04-21 05:00:00,5,0.97,51.9,101.4,40.6,59.86,21.1,220.8,16.9,stable
2026-04-21 06:00:00,6,0.96,86.7,163.1,69.3,59.79,74.7,371.3,30.3,unstable
2026-04-21 07:00:00,7,0.91,87.6,170.8,67.1,60.0,43.5,304.8,22.4,stable
2026-04-21 08:00:00,8,0.84,109.4,192.8,75.6,59.78,54.0,387.5,28.6,unstable
2026-04-21 09:00:00,9,0.94,88.4,174.8,75.7,59.91,53.4,340.4,23.3,unstable
2026-04-21 10:00:00,10,0.92,104.9,202.8,90.7,59.93,17.9,340.4,25.2,stable
2026-04-21 11:00:00,11,0.84,113.9,184.9,67.2,59.88,46.8,340.1,30.1,unstable
2026-04-21 12:00:00,12,0.87,130.3,234.1,95.3,59.8,80.6,447.0,25.2,unstable
2026-04-21 13:00:00,13,0.99,75.6,157.5,57.7,59.96,44.1,323.5,16.8,stable
2026-04-21 14:00:00,14,0.85,92.7,161.8,61.6,59.85,81.9,335.8,25.0,unstable
2026-04-21 15:00:00,15,0.91,108.7,211.5,76.5,59.87,91.3,402.4,28.7,unstable
2026-04-21 16:00:00,16,0.85,104.0,189.9,83.1,59.84,68.6,367.6,29.4,unstable
2026-04-21 17:00:00,17,0.87,106.0,190.0,80.4,59.75,67.4,358.9,22.2,unstable
2026-04-21 18:00:00,18,0.95,90.5,161.7,69.8,59.83,51.0,306.8,22.4,unstable
2026-04-21 19:00:00,19,0.84,66.1,109.7,41.5,59.9,54.0,238.9,27.0,unstable
2026-04-21 20:00:00,20,1.02,31.0,63.9,27.4,59.9,11.8,158.0,22.4,stable
2026-04-21 21:00:00,21,1.01,64.6,130.7,53.7,60.0,25.4,239.1,18.6,stable
2026-04-21 22:00:00,22,0.96,46.4,94.2,37.6,59.96,31.7,194.7,14.2,stable
2026-04-21 23:00:00,23,0.92,141.2,266.7,100.7,59.76,66.4,494.8,23.0,unstable
2026-04-22 00:00:00,0,0.96,129.7,258.8,107.6,59.86,41.0,437.1,23.9,unstable
2026-04-22 01:00:00,1,0.87,90.2,154.7,57.2,59.86,54.0,334.0,21.9,unstable
2026-04-22 02:00:00,2,0.95,92.9,182.0,72.2,59.81,49.7,326.8,27.9,unstable
2026-04-22 03:00:00,3,1.02,75.3,144.2,57.0,59.92,32.5,294.6,15.8,stable
2026-04-22 04:00:00,4,0.91,80.2,140.7,51.9,59.92,47.1,278.6,29.8,unstable
2026-04-22 05:00:00,5,0.95,95.1,169.9,63.0,59.86,66.4,367.4,32.4,unstable
2026-04-22 06:00:00,6,0.93,60.4,104.8,37.3,59.86,12.5,198.9,20.8,stable
2026-04-22 07:00:00,7,0.96,104.8,197.1,72.8,59.9,36.6,352.1,16.6,stable
2026-04-22 08:00:00,8,0.87,87.6,144.5,64.3,59.75,65.0,320.9,19.8,unstable
2026-04-22 09:00:00,9,0.93,121.4,232.4,83.4,59.72,78.2,450.3,28.1,unstable
2026-04-22 10:00:00,10,0.88,102.7,180.0,64.1,59.94,90.2,385.9,20.2,unstable
2026-04-22 11:00:00,11,0.86,122.2,198.0,70.0,59.77,46.0,353.8,30.9,unstable
2026-04-22 12:00:00,12,0.92,85.8,150.5,59.6,59.85,25.6,269.0,21.8,stable
2026-04-22 13:00:00,13,0.93,103.7,186.4,76.7,59.89,88.1,402.3,22.7,unstable
2026-04-22 14:00:00,14,0.91,122.0,206.4,85.4,59.8,81.4,430.7,26.7,unstable
2026-04-22 15:00:00,15,0.9,86.6,156.4,69.6,59.94,49.3,325.6,22.0,unstable
2026-04-22 16:00:00,16,0.92,110.2,200.1,70.4,59.86,45.8,363.3,27.9,unstable
2026-04-22 17:00:00,17,0.95,35.4,64.8,26.4,60.03,46.6,187.4,12.7,stable
2026-04-22 18:00:00,18,0.98,98.3,182.6,71.2,59.95,32.6,342.0,14.4,stable
2026-04-22 19:00:00,19,0.85,109.2,188.7,80.4,59.74,50.4,356.0,21.3,unstable
2026-04-22 20:00:00,20,0.92,53.9,103.0,36.3,60.03,59.9,246.4,25.7,stable
2026-04-22 21:00:00,21,0.95,139.8,266.8,103.7,59.9,70.5,484.4,26.3,unstable
2026-04-22 22:00:00,22,1.02,94.0,186.8,77.3,59.96,53.1,359.6,18.8,stable
2026-04-22 23:00:00,23,0.88,66.8,120.8,49.2,59.95,75.3,300.7,30.8,unstable
2026-04-23 00:00:00,0,0.85,97.2,153.6,68.4,59.94,73.6,355.2,26.4,unstable
2026-04-23 01:00:00,1,0.96,100.3,194.9,69.6,59.89,70.6,382.4,20.5,unstable
2026-04-23 02:00:00,2,1.01,47.2,96.9,35.5,59.98,54.4,249.7,19.6,stable
2026-04-23 03:00:00,3,1.0,51.3,97.2,40.5,60.03,53.1,245.0,18.3,stable
2026-04-23 04:00:00,4,0.84,94.6,156.0,69.6,59.76,46.2,330.1,21.7,unstable
2026-04-23 05:00:00,5,0.96,99.0,182.2,70.8,59.86,62.8,362.1,24.8,unstable
2026-04-23 06:00:00,6,1.0,83.2,162.9,71.7,59.91,38.9,334.6,25.4,stable
2026-04-23 07:00:00,7,0.98,101.2,193.9,76.2,59.85,15.3,336.0,19.4,stable
2026-04-23 08:00:00,8,0.96,73.6,146.0,51.8,60.04,18.0,259.8,13.9,stable
2026-04-23 09:00:00,9,0.89,99.2,173.4,61.9,59.89,46.0,330.5,22.5,unstable
2026-04-23 10:00:00,10,0.91,59.9,106.7,41.8,59.91,26.7,235.1,19.4,stable
2026-04-23 11:00:00,11,0.92,87.1,158.9,66.2,59.83,77.0,362.3,26.7,unstable
2026-04-23 12:00:00,12,0.98,28.1,51.7,20.9,60.01,36.5,166.4,14.2,stable
2026-04-23 13:00:00,13,0.92,97.5,175.8,72.9,59.83,53.0,327.5,24.4,unstable
2026-04-23 14:00:00,14,0.92,97.0,186.4,81.8,59.84,45.4,368.7,24.8,unstable
2026-04-23 15:00:00,15,0.92,87.9,165.7,68.1,59.77,47.8,335.1,29.9,unstable
2026-04-23 16:00:00,16,0.89,113.3,210.5,82.9,59.86,80.6,427.5,23.0,unstable
2026-04-23 17:00:00,17,0.96,116.3,208.4,89.6,59.75,68.7,394.6,21.4,unstable
2026-04-23 18:00:00,18,0.96,82.8,167.5,70.9,59.88,69.5,369.5,26.5,unstable
2026-04-23 19:00:00,19,0.92,68.4,127.2,55.2,59.72,76.2,297.7,19.3,unstable
2026-04-23 20:00:00,20,0.93,119.7,205.9,86.4,59.93,68.8,392.6,22.2,unstable
2026-04-23 21:00:00,21,0.96,86.1,176.3,79.0,59.94,49.0,371.6,20.6,stable
2026-04-23 22:00:00,22,0.99,36.0,67.4,26.5,59.97,23.6,144.8,11.1,stable
2026-04-23 23:00:00,23,1.0,47.2,100.8,45.3,59.85,51.0,265.9,23.0,stable
2026-04-24 00:00:00,0,0.87,86.6,157.0,59.3,59.89,81.4,343.0,26.5,unstable
2026-04-24 01:00:00,1,1.02,100.1,212.7,87.3,59.89,50.2,382.4,22.0,stable
2026-04-24 02:00:00,2,0.95,79.8,143.6,57.9,59.88,70.8,306.4,25.3,unstable
2026-04-24 03:00:00,3,0.9,66.7,111.1,40.3,59.85,59.1,237.4,22.6,unstable
2026-04-24 04:00:00,4,0.94,74.6,146.5,56.6,59.82,42.5,273.6,23.2,unstable
2026-04-24 05:00:00,5,0.91,112.6,209.6,88.3,59.72,58.7,408.1,19.1,unstable
2026-04-24 06:00:00,6,0.9,118.3,218.5,91.5,59.8,69.1,417.7,20.1,unstable
2026-04-24 07:00:00,7,1.01,97.6,205.7,82.4,59.87,32.0,360.1,21.9,stable
2026-04-24 08:00:00,8,0.93,55.8,99.8,43.6,59.88,53.0,229.2,25.1,stable
2026-04-24 09:00:00,9,0.98,30.6,62.2,23.2,59.83,17.4,171.2,13.8,stable
2026-04-24 10:00:00,10,0.99,96.7,204.3,74.1,59.88,43.4,346.5,24.0,stable
2026-04-24 11:00:00,11,1.01,56.2,108.9,43.4,59.95,42.6,225.8,15.6,stable
2026-04-24 12:00:00,12,0.96,137.4,275.9,122.0,59.91,81.3,546.7,24.0,unstable
2026-04-24 13:00:00,13,0.93,39.3,77.1,30.6,59.84,58.3,219.0,17.9,stable
2026-04-24 14:00:00,14,0.87,112.8,191.8,82.8,59.81,46.4,345.9,29.7,unstable
2026-04-24 15:00:00,15,0.94,59.0,102.9,36.1,60.0,43.3,240.8,25.0,stable
2026-04-24 16:00:00,16,0.94,31.2,61.7,24.5,59.93,19.6,155.1,17.4,stable
2026-04-24 17:00:00,17,0.94,94.3,190.6,85.4,59.98,20.1,327.3,16.3,stable
2026-04-24 18:00:00,18,0.87,97.8,166.0,72.2,59.81,71.0,333.8,31.6,unstable
2026-04-24 19:00:00,19,0.9,94.0,174.5,66.4,59.72,86.3,349.5,22.4,unstable
2026-04-24 20:00:00,20,1.01,75.5,144.9,61.3,59.92,55.0,306.3,22.8,stable
2026-04-24 21:00:00,21,0.96,71.9,146.5,64.4,59.86,34.6,288.2,18.8,stable
2026-04-24 22:00:00,22,0.9,138.1,250.3,103.3,59.83,72.7,478.3,22.9,unstable
2026-04-24 23:00:00,23,0.93,54.0,104.8,40.3,59.84,31.4,242.1,11.9,stable
2026-04-25 00:00:00,0,0.84,77.9,129.6,57.4,59.83,88.6,314.7,19.1,unstable
2026-04-25 01:00:00,1,0.87,77.6,143.3,50.9,59.83,62.7,284.9,30.7,unstable
2026-04-25 02:00:00,2,0.91,129.7,241.0,87.1,59.8,76.4,437.3,20.4,unstable
2026-04-25 03:00:00,3,0.86,107.5,182.2,65.6,59.86,46.7,320.5,32.9,unstable
2026-04-25 04:00:00,4,1.02,101.1,206.7,86.8,59.95,32.2,364.0,17.5,stable
2026-04-25 05:00:00,5,0.91,67.3,121.0,48.2,59.92,40.4,264.0,15.1,stable
2026-04-25 06:00:00,6,0.99,105.0,199.0,75.9,59.9,52.4,370.0,14.9,stable
2026-04-25 07:00:00,7,1.0,48.9,92.0,38.5,60.01,39.7,197.3,15.2,stable
2026-04-25 08:00:00,8,0.98,38.7,80.2,34.1,60.0,49.2,216.5,26.0,stable
2026-04-25 09:00:00,9,0.93,112.9,198.0,80.4,59.88,80.8,392.5,25.3,unstable
2026-04-25 10:00:00,10,0.84,126.9,211.5,80.2,59.8,66.8,402.5,19.1,unstable
2026-04-25 11:00:00,11,0.96,117.0,212.9,85.8,59.72,83.8,404.8,32.4,unstable
2026-04-25 12:00:00,12,0.85,72.0,131.3,54.5,59.91,65.2,285.4,26.3,unstable
2026-04-25 13:00:00,13,0.85,117.6,208.2,86.2,59.89,70.5,433.1,19.6,unstable
2026-04-25 14:00:00,14,0.94,41.5,74.7,27.3,59.91,46.1,172.0,21.6,stable
2026-04-25 15:00:00,15,0.93,49.6,97.7,36.0,59.9,30.7,218.7,21.7,stable
2026-04-25 16:00:00,16,0.96,63.6,114.0,47.9,59.78,65.4,283.8,21.1,unstable
2026-04-25 17:00:00,17,0.92,112.8,198.8,74.9,59.84,69.8,385.5,28.3,unstable
2026-04-25 18:00:00,18,0.94,75.8,146.9,58.3,59.8,50.8,311.4,22.0,unstable
2026-04-25 19:00:00,19,0.95,115.9,234.8,101.7,59.95,84.5,490.6,26.1,unstable
2026-04-25 20:00:00,20,1.0,48.0,89.4,36.6,59.94,27.7,192.3,24.4,stable
2026-04-25 21:00:00,21,0.95,110.3,206.7,79.7,59.91,52.0,363.5,25.7,unstable
2026-04-25 22:00:00,22,0.94,52.6,106.3,42.6,59.97,31.6,201.7,11.8,stable
2026-04-25 23:00:00,23,1.01,82.0,172.1,70.1,59.99,17.0,323.8,20.9,stable
2026-04-26 00:00:00,0,0.87,112.4,205.3,72.4,59.92,37.1,334.9,23.9,unstable
2026-04-26 01:00:00,1,0.95,104.0,190.7,82.3,59.93,67.4,365.8,23.6,unstable
2026-04-26 02:00:00,2,0.92,104.0,183.3,69.5,59.73,68.8,370.1,29.4,unstable
2026-04-26 03:00:00,3,0.93,83.0,149.9,53.3,60.04,51.3,293.2,12.3,stable
2026-04-26 04:00:00,4,0.92,28.5,49.3,18.9,59.95,45.6,172.5,14.0,stable
2026-04-26 05:00:00,5,0.86,139.5,246.8,89.9,59.71,69.6,456.0,29.1,unstable
2026-04-26 06:00:00,6,0.89,107.2,198.6,83.9,59.85,43.5,350.2,19.5,unstable
2026-04-26 07:00:00,7,0.95,141.7,258.9,106.7,59.89,51.0,442.3,25.8,unstable
2026-04-26 08:00:00,8,0.84,102.0,178.5,70.7,59.88,71.0,389.4,31.3,unstable
2026-04-26 09:00:00,9,0.85,64.8,110.2,44.7,59.95,67.2,254.1,23.3,unstable
2026-04-26 10:00:00,10,1.0,57.5,118.4,51.8,59.89,23.4,222.1,23.3,stable
2026-04-26 11:00:00,11,0.85,105.1,191.1,67.6,59.75,90.4,415.5,24.0,unstable
2026-04-26 12:00:00,12,0.95,137.9,262.7,101.9,59.72,48.0,466.0,23.2,unstable
2026-04-26 13:00:00,13,0.98,34.8,71.9,28.0,59.98,41.4,195.3,17.8,stable
2026-04-26 14:00:00,14,0.87,87.0,158.8,56.6,59.8,51.0,330.8,19.7,unstable
2026-04-26 15:00:00,15,0.84,102.7,167.7,69.8,59.85,64.0,346.7,27.0,unstable
2026-04-26 16:00:00,16,0.94,94.1,178.3,66.3,59.88,83.6,394.0,31.9,unstable
2026-04-26 17:00:00,17,0.84,120.4,216.4,77.7,59.79,87.8,404.9,27.9,unstable
2026-04-26 18:00:00,18,1.02,32.0,63.7,22.6,59.94,21.1,172.6,14.7,stable
2026-04-26 19:00:00,19,0.99,32.2,63.7,27.9,59.84,39.3,191.4,24.3,stable
2026-04-26 20:00:00,20,0.86,98.0,167.5,73.9,59.87,53.0,319.5,24.9,unstable
2026-04-26 21:00:00,21,0.9,112.8,205.9,76.5,59.88,88.8,413.8,30.1,unstable
2026-04-26 22:00:00,22,1.01,74.6,140.4,51.3,60.03,36.3,250.9,11.3,stable
2026-04-26 23:00:00,23,0.88,105.3,178.9,79.7,59.86,69.8,352.7,25.6,unstable
2026-04-27 00:00:00,0,0.94,36.4,71.1,26.8,59.94,13.5,159.5,17.4,stable
2026-04-27 01:00:00,1,0.89,130.6,220.7,98.3,59.93,65.4,414.5,22.3,unstable
2026-04-27 02:00:00,2,0.95,56.3,114.4,51.2,60.04,27.6,248.5,20.6,stable
2026-04-27 03:00:00,3,0.97,94.2,184.3,74.9,59.99,34.3,357.9,20.3,stable
2026-04-27 04:00:00,4,0.86,79.4,139.4,60.7,59.82,64.4,292.8,31.6,unstable
2026-04-27 05:00:00,5,0.98,76.8,151.9,67.1,59.84,57.6,297.0,12.2,stable
2026-04-27 06:00:00,6,0.96,76.3,135.9,51.7,59.9,12.6,245.5,22.3,stable
2026-04-27 07:00:00,7,0.87,136.9,253.3,112.0,59.91,85.1,490.8,26.3,unstable
2026-04-27 08:00:00,8,0.85,137.8,220.0,80.2,59.82,67.8,411.2,28.3,unstable
2026-04-27 09:00:00,9,0.95,37.3,74.5,26.1,60.01,40.9,170.9,20.0,stable
2026-04-27 10:00:00,10,0.96,65.9,132.9,59.1,59.75,66.4,305.3,26.4,unstable
2026-04-27 11:00:00,11,0.99,99.5,202.7,79.1,59.89,43.4,350.9,17.2,stable
2026-04-27 12:00:00,12,1.0,45.6,89.3,33.6,59.98,57.8,203.2,11.4,stable
2026-04-27 13:00:00,13,0.92,141.2,267.3,116.1,59.92,81.4,508.2,25.6,unstable
2026-04-27 14:00:00,14,0.96,68.5,129.1,52.6,59.91,43.8,290.9,21.9,stable
2026-04-27 15:00:00,15,0.93,80.1,145.9,62.8,59.87,30.7,299.4,11.4,stable
2026-04-27 16:00:00,16,0.9,80.3,143.5,55.0,59.85,65.9,318.2,19.2,unstable
2026-04-27 17:00:00,17,0.95,47.4,84.9,35.2,59.83,41.7,219.5,12.1,stable
2026-04-27 18:00:00,18,0.9,137.7,251.0,112.3,59.94,53.9,461.1,30.3,unstable
2026-04-27 19:00:00,19,1.0,89.3,176.0,78.2,59.93,23.1,322.3,12.8,stable
2026-04-27 20:00:00,20,0.98,58.1,108.1,42.3,59.86,45.3,220.5,25.6,stable
2026-04-27 21:00:00,21,0.88,81.2,153.5,58.7,59.84,49.5,316.2,29.9,unstable
2026-04-27 22:00:00,22,0.96,126.4,242.6,92.0,59.87,39.7,407.5,27.4,unstable
2026-04-27 23:00:00,23,0.99,71.7,144.5,55.1,59.84,18.5,260.2,13.1,stable
2026-04-28 00:00:00,0,0.92,139.1,246.5,98.8,59.82,56.4,449.3,29.4,unstable
2026-04-28 01:00:00,1,0.9,63.5,118.4,44.8,59.78,48.9,252.4,28.8,unstable
2026-04-28 02:00:00,2,0.87,110.9,201.1,74.6,59.9,48.3,360.7,22.6,unstable
2026-04-28 03:00:00,3,0.97,97.3,179.5,73.9,59.93,21.0,337.9,22.1,stable
2026-04-28 04:00:00,4,0.93,73.7,138.6,51.1,59.91,75.8,291.9,31.9,unstable
2026-04-28 05:00:00,5,0.85,68.5,115.8,47.1,59.83,49.3,267.4,25.2,unstable
2026-04-28 06:00:00,6,0.85,96.4,156.3,69.4,59.72,39.3,309.3,29.4,unstable
2026-04-28 07:00:00,7,0.94,111.0,217.5,84.4,59.88,88.4,452.2,24.9,unstable
2026-04-28 08:00:00,8,0.87,79.8,143.0,62.8,59.87,49.6,309.1,23.3,unstable
2026-04-28 09:00:00,9,0.97,35.7,66.4,26.4,59.84,37.7,183.8,15.9,stable
2026-04-28 10:00:00,10,0.94,121.1,232.4,101.2,59.89,91.2,473.7,23.1,unstable
2026-04-28 11:00:00,11,0.95,32.3,65.1,27.3,59.95,59.3,180.9,23.0,stable
2026-04-28 12:00:00,12,0.95,83.8,162.5,64.7,59.81,67.9,350.0,24.9,unstable
2026-04-28 13:00:00,13,0.93,61.6,112.4,46.7,59.9,58.1,258.2,16.5,stable
2026-04-28 14:00:00,14,1.01,77.6,162.1,62.6,59.94,12.9,268.5,21.4,stable
2026-04-28 15:00:00,15,0.96,30.6,57.5,23.6,59.97,30.7,142.2,23.3,stable
2026-04-28 16:00:00,16,0.96,134.3,271.8,95.2,59.85,86.6,520.3,32.2,unstable
2026-04-28 17:00:00,17,0.84,90.6,141.4,56.2,59.72,71.1,310.8,24.6,unstable
2026-04-28 18:00:00,18,0.94,47.7,89.2,34.2,59.88,25.2,187.3,20.0,stable
2026-04-28 19:00:00,19,0.96,127.6,263.6,112.2,59.77,76.0,505.8,19.1,unstable
2026-04-28 20:00:00,20,0.91,65.8,113.3,48.6,59.77,83.0,302.0,31.6,unstable
2026-04-28 21:00:00,21,0.89,123.0,221.0,94.2,59.81,83.1,457.6,20.3,unstable
2026-04-28 22:00:00,22,0.9,88.2,149.5,65.2,59.92,60.4,310.6,30.3,unstable
2026-04-28 23:00:00,23,0.87,70.3,129.6,52.1,59.73,75.1,299.8,22.0,unstable
2026-04-29 00:00:00,0,0.93,73.2,126.7,51.1,59.82,85.4,315.5,25.0,unstable
2026-04-29 01:00:00,1,0.94,114.4,207.5,84.6,59.87,60.1,387.8,32.5,unstable
2026-04-29 02:00:00,2,0.91,90.4,167.4,70.3,59.84,31.7,299.5,16.1,stable
2026-04-29 03:00:00,3,0.96,93.8,173.1,64.2,59.85,81.1,358.1,26.4,unstable
2026-04-29 04:00:00,4,0.91,96.8,169.0,69.4,59.88,16.1,293.6,20.4,stable
2026-04-29 05:00:00,5,0.91,116.7,213.3,88.2,59.87,72.0,428.0,26.0,unstable
2026-04-29 06:00:00,6,0.98,44.2,89.6,36.3,59.86,23.0,181.6,24.8,stable
2026-04-29 07:00:00,7,0.95,71.7,133.0,56.4,59.92,80.8,320.9,25.3,unstable
2026-04-29 08:00:00,8,0.91,52.6,93.0,36.7,59.9,26.5,194.5,18.5,stable
2026-04-29 09:00:00,9,0.98,44.2,81.4,30.6,59.97,26.3,161.5,11.3,stable
2026-04-29 10:00:00,10,1.02,91.2,191.0,84.1,59.85,15.9,316.7,21.0,stable
2026-04-29 11:00:00,11,0.85,135.0,229.8,100.7,59.81,80.0,453.0,29.1,unstable
2026-04-29 12:00:00,12,0.94,67.2,129.0,48.5,59.78,43.9,277.8,27.5,unstable
2026-04-29 13:00:00,13,1.02,88.0,173.7,69.1,59.95,47.7,311.4,14.9,stable
2026-04-29 14:00:00,14,0.9,73.0,137.4,55.6,59.74,62.5,299.2,29.2,unstable
2026-04-29 15:00:00,15,0.86,125.6,222.6,82.2,59.75,62.6,412.9,30.1,unstable
2026-04-29 16:00:00,16,0.89,140.6,232.6,84.7,59.84,81.7,423.2,31.7,unstable
2026-04-29 17:00:00,17,0.89,102.6,173.8,75.7,59.86,86.7,380.3,32.2,unstable
2026-04-29 18:00:00,18,0.94,132.7,267.2,107.3,59.73,73.9,473.1,31.3,unstable
2026-04-29 19:00:00,19,0.88,127.4,230.3,84.6,59.73,53.3,412.0,32.7,unstable
2026-04-29 20:00:00,20,0.9,65.5,122.8,53.0,59.84,74.7,282.1,25.8,unstable
2026-04-29 21:00:00,21,0.93,98.3,176.3,67.5,59.94,51.3,336.3,21.2,unstable
2026-04-29 22:00:00,22,0.94,56.7,113.8,45.6,59.84,52.8,246.0,18.5,stable
2026-04-29 23:00:00,23,0.93,110.7,190.9,82.1,59.84,78.5,398.1,29.2,unstable
2026-04-30 00:00:00,0,0.9,74.8,132.4,47.5,59.86,60.0,267.8,23.7,unstable
2026-04-30 01:00:00,1,0.88,79.3,146.1,51.9,59.92,59.9,287.7,23.4,unstable
2026-04-30 02:00:00,2,0.96,74.0,134.6,57.8,59.85,52.0,289.2,21.3,unstable
2026-04-30 03:00:00,3,0.94,47.8,85.6,35.3,59.95,25.4,208.9,20.8,stable
2026-04-30 04:00:00,4,0.95,90.6,161.9,69.6,59.73,70.6,370.8,26.8,unstable
2026-04-30 05:00:00,5,0.95,136.9,243.4,106.7,59.84,46.7,450.4,30.1,unstable
2026-04-30 06:00:00,6,0.86,110.7,199.6,76.6,59.91,56.8,357.5,25.2,unstable
2026-04-30 07:00:00,7,0.95,43.7,84.9,37.2,59.9,54.9,198.8,14.3,stable
2026-04-30 08:00:00,8,0.95,56.7,100.4,44.7,59.97,44.8,210.7,14.8,stable
2026-04-30 09:00:00,9,0.93,91.3,169.0,65.3,59.91,20.3,307.7,24.0,stable
2026-04-30 10:00:00,10,0.88,87.5,161.0,64.4,59.89,48.0,319.8,30.3,unstable
2026-04-30 11:00:00,11,0.97,104.6,213.8,89.5,59.92,17.4,384.8,19.9,stable
2026-04-30 12:00:00,12,0.87,94.1,170.2,68.9,59.91,76.0,348.5,21.1,unstable
2026-04-30 13:00:00,13,0.93,113.4,217.8,82.8,59.71,66.8,401.3,22.1,unstable
2026-04-30 14:00:00,14,0.92,74.2,142.2,56.1,59.93,58.8,312.5,19.9,unstable
2026-04-30 15:00:00,15,0.94,137.5,270.3,110.8,59.84,41.3,443.6,26.2,unstable
2026-04-30 16:00:00,16,0.94,65.4,121.1,47.7,59.88,37.1,252.6,22.5,stable
2026-04-30 17:00:00,17,0.95,98.9,178.1,66.7,59.91,37.0,309.5,31.6,unstable
2026-04-30 18:00:00,18,0.94,138.5,278.9,120.7,59.85,49.7,505.7,25.8,unstable
2026-04-30 19:00:00,19,0.94,104.9,202.9,84.4,59.79,70.5,381.2,27.5,unstable
2026-04-30 20:00:00,20,0.92,87.7,173.5,65.7,59.78,43.9,329.5,24.9,unstable
2026-04-30 21:00:00,21,0.91,57.8,99.2,37.9,60.02,53.5,227.8,11.6,stable
2026-04-30 22:00:00,22,0.91,38.1,69.1,25.6,59.96,51.2,197.6,22.7,stable
2026-04-30 23:00:00,23,0.86,141.3,244.4,109.9,59.86,86.0,487.7,27.3,unstable
2026-05-01 00:00:00,0,0.95,70.7,132.2,51.9,59.77,71.9,303.4,20.3,unstable
2026-05-01 01:00:00,1,0.93,38.2,70.9,26.6,59.91,40.4,188.9,21.9,stable
2026-05-01 02:00:00,2,0.93,61.5,117.9,51.7,59.92,59.1,285.5,23.7,stable
2026-05-01 03:00:00,3,0.91,85.5,152.2,58.1,59.93,39.2,282.5,13.6,stable
2026-05-01 04:00:00,4,0.9,121.6,216.6,83.3,59.92,82.9,405.8,31.4,unstable
2026-05-01 05:00:00,5,0.91,57.1,109.2,41.3,59.99,57.4,242.9,17.3,stable
2026-05-01 06:00:00,6,1.02,100.1,203.2,79.0,59.94,49.3,361.1,22.9,stable
2026-05-01 07:00:00,7,1.02,50.8,96.9,42.1,59.99,22.3,199.1,25.8,stable
2026-05-01 08:00:00,8,0.94,91.0,178.2,75.9,59.73,89.4,366.4,28.8,unstable
2026-05-01 09:00:00,9,0.9,95.5,175.7,61.5,59.8,80.0,340.4,19.2,unstable
2026-05-01 10:00:00,10,0.94,106.8,202.1,89.2,59.74,74.3,411.2,22.2,unstable
2026-05-01 11:00:00,11,0.92,65.1,112.9,42.4,59.85,42.0,240.0,21.2,unstable
2026-05-01 12:00:00,12,0.95,132.2,250.0,108.1,59.86,66.0,453.8,20.3,unstable
2026-05-01 13:00:00,13,0.88,87.2,157.3,61.1,59.8,44.4,314.4,22.5,unstable
2026-05-01 14:00:00,14,0.97,68.2,133.8,49.3,59.88,11.2,227.1,17.5,stable
2026-05-01 15:00:00,15,0.84,140.3,242.4,100.6,59.79,56.5,466.9,25.4,unstable
2026-05-01 16:00:00,16,1.0,45.8,93.3,41.8,60.03,40.9,200.9,24.3,stable
2026-05-01 17:00:00,17,0.96,121.4,248.9,96.6,59.8,38.7,405.2,28.7,unstable
2026-05-01 18:00:00,18,0.95,71.4,142.2,51.5,59.88,40.0,268.7,30.3,unstable
2026-05-01 19:00:00,19,0.97,65.0,134.3,52.4,60.03,43.8,262.0,18.6,stable
2026-05-01 20:00:00,20,0.95,91.0,159.3,60.2,59.83,66.9,336.8,20.9,unstable
2026-05-01 21:00:00,21,1.0,59.7,112.0,40.6,60.02,47.0,242.1,12.1,stable
2026-05-01 22:00:00,22,0.87,91.3,151.4,54.1,59.87,67.7,305.0,24.8,unstable
2026-05-01 23:00:00,23,0.92,89.8,157.6,57.1,59.9,58.3,318.0,30.4,unstable
2026-05-02 00:00:00,0,0.98,32.4,65.7,28.7,59.98,31.4,159.9,14.6,stable
2026-05-02 01:00:00,1,0.87,88.5,151.3,56.3,59.73,66.6,302.5,32.6,unstable
2026-05-02 02:00:00,2,0.86,67.8,117.4,45.3,59.89,91.9,309.1,26.3,unstable
2026-05-02 03:00:00,3,0.88,136.1,233.6,83.8,59.77,53.0,399.7,25.1,unstable
2026-05-02 04:00:00,4,0.93,124.8,233.1,98.9,59.81,76.0,459.6,21.7,unstable
2026-05-02 05:00:00,5,0.99,84.3,161.1,69.9,59.84,23.6,298.7,19.6,stable
2026-05-02 06:00:00,6,1.0,84.4,171.8,70.6,60.02,17.4,325.9,23.8,stable
2026-05-02 07:00:00,7,0.87,122.3,210.4,86.5,59.83,61.6,419.6,27.9,unstable
2026-05-02 08:00:00,8,0.93,98.3,190.1,72.8,59.9,54.8,355.5,19.2,unstable
2026-05-02 09:00:00,9,0.9,124.0,230.5,87.5,59.88,58.6,401.4,28.3,unstable
2026-05-02 10:00:00,10,0.99,32.5,67.5,30.2,59.97,50.9,216.5,19.5,stable
2026-05-02 11:00:00,11,0.91,33.8,62.2,22.0,60.02,52.6,195.4,15.2,stable
2026-05-02 12:00:00,12,0.89,117.9,195.1,81.4,59.91,37.3,382.4,24.6,unstable
2026-05-02 13:00:00,13,0.93,103.2,189.5,80.9,59.9,21.2,354.9,19.4,stable
2026-05-02 14:00:00,14,0.92,85.0,148.4,64.0,59.84,52.0,287.8,26.5,unstable
2026-05-02 15:00:00,15,0.88,100.6,188.9,80.4,59.74,59.0,357.3,29.1,unstable
2026-05-02 16:00:00,16,0.95,60.5,112.2,45.8,59.93,24.0,214.0,24.4,stable
2026-05-02 17:00:00,17,1.0,80.5,163.0,66.4,59.89,45.2,298.8,19.4,stable
2026-05-02 18:00:00,18,0.96,94.2,170.9,60.4,59.92,11.2,276.2,14.8,stable
2026-05-02 19:00:00,19,0.94,37.1,67.4,29.3,59.97,40.1,206.7,25.8,stable
2026-05-02 20:00:00,20,0.94,93.1,170.6,64.5,59.97,18.6,316.7,17.8,stable
2026-05-02 21:00:00,21,0.88,80.3,139.3,52.9,59.85,49.6,264.5,26.3,unstable
2026-05-02 22:00:00,22,1.0,46.1,91.3,40.5,60.01,40.0,236.8,23.8,stable
2026-05-02 23:00:00,23,0.87,78.5,127.2,52.1,59.75,86.9,314.4,32.0,unstable
2026-05-03 00:00:00,0,0.92,76.5,137.4,52.7,59.94,43.6,275.2,19.5,unstable
2026-05-03 01:00:00,1,1.0,53.5,102.2,39.0,59.91,51.3,253.8,23.7,stable
2026-05-03 02:00:00,2,0.88,77.8,141.7,61.5,59.82,46.9,319.0,24.9,unstable
2026-05-03 03:00:00,3,0.86,105.7,176.5,69.3,59.89,55.0,329.7,21.9,unstable
2026-05-03 04:00:00,4,0.92,92.8,174.8,64.9,60.04,31.2,307.8,22.1,stable
2026-05-03 05:00:00,5,0.98,64.4,125.2,50.6,59.94,32.2,272.4,18.5,stable
2026-05-03 06:00:00,6,0.99,77.5,165.3,58.4,59.96,38.9,302.3,11.4,stable
2026-05-03 07:00:00,7,0.85,96.6,157.9,59.2,59.9,81.1,348.9,22.8,unstable
2026-05-03 08:00:00,8,0.96,103.0,194.8,70.1,59.91,15.8,314.2,18.3,stable
2026-05-03 09:00:00,9,0.95,127.4,249.1,109.8,59.86,65.7,449.1,27.4,unstable
2026-05-03 10:00:00,10,0.93,140.5,245.6,109.2,59.94,72.1,468.6,21.7,unstable
2026-05-03 11:00:00,11,0.96,120.6,225.2,82.2,59.74,71.4,429.0,20.2,unstable
2026-05-03 12:00:00,12,0.84,90.6,143.7,64.6,59.94,51.2,294.3,22.1,unstable
2026-05-03 13:00:00,13,0.95,92.1,167.6,69.4,59.86,86.4,389.6,29.5,unstable
2026-05-03 14:00:00,14,0.93,117.5,221.8,83.8,59.94,42.6,416.1,22.4,unstable
2026-05-03 15:00:00,15,0.89,104.4,189.5,82.8,59.88,58.0,384.6,20.1,unstable
2026-05-03 16:00:00,16,0.85,137.4,230.9,92.4,59.91,58.4,443.5,29.2,unstable
2026-05-03 17:00:00,17,0.9,89.8,164.7,62.3,59.76,72.4,353.0,19.4,unstable
2026-05-03 18:00:00,18,0.93,139.7,241.6,100.4,59.86,87.1,479.3,23.0,unstable
2026-05-03 19:00:00,19,0.85,135.0,225.8,80.0,59.85,86.9,436.2,21.1,unstable
2026-05-03 20:00:00,20,1.0,35.4,67.9,25.9,59.93,29.1,180.2,25.0,stable
2026-05-03 21:00:00,21,1.01,67.6,142.7,61.8,59.91,33.4,264.6,24.9,stable
2026-05-03 22:00:00,22,0.96,32.6,65.9,27.9,59.83,43.9,158.8,16.6,stable
2026-05-03 23:00:00,23,0.93,76.1,147.8,63.3,59.92,53.6,305.5,17.8,stable
2026-05-04 00:00:00,0,0.99,96.6,204.9,75.4,59.84,48.5,394.4,14.7,stable
2026-05-04 01:00:00,1,0.93,121.2,212.8,92.9,59.82,45.6,386.1,22.8,unstable
2026-05-04 02:00:00,2,1.0,36.2,75.2,31.8,60.02,54.7,182.1,14.0,stable
2026-05-04 03:00:00,3,0.9,135.6,242.3,108.2,59.81,56.8,464.1,32.1,unstable
2026-05-04 04:00:00,4,0.92,39.0,74.0,26.2,59.95,24.9,171.6,20.4,stable
2026-05-04 05:00:00,5,0.91,83.0,153.5,66.5,59.94,12.7,263.5,22.4,stable
2026-05-04 06:00:00,6,0.92,43.4,73.8,25.9,59.91,53.8,188.1,21.6,stable
2026-05-04 07:00:00,7,0.92,137.4,233.3,90.0,59.87,89.4,458.4,28.2,unstable
2026-05-04 08:00:00,8,0.91,132.9,255.0,110.3,59.94,43.0,442.0,22.7,unstable
2026-05-04 09:00:00,9,0.99,43.5,81.5,34.3,59.93,54.4,227.3,21.2,stable
2026-05-04 10:00:00,10,0.93,39.8,73.3,29.1,60.04,40.0,207.0,20.9,stable
2026-05-04 11:00:00,11,0.96,28.6,57.3,25.6,59.86,16.2,120.9,25.3,stable
2026-05-04 12:00:00,12,0.91,57.3,100.9,42.0,59.99,14.8,210.6,19.5,stable
2026-05-04 13:00:00,13,1.02,63.8,121.7,52.8,59.91,50.2,247.3,19.7,stable
2026-05-04 14:00:00,14,0.85,65.0,106.2,38.5,59.73,40.0,237.7,25.2,unstable
2026-05-04 15:00:00,15,0.84,87.5,150.3,61.9,59.81,54.5,333.6,25.2,unstable
2026-05-04 16:00:00,16,0.96,86.2,163.8,68.1,59.87,17.0,314.8,18.4,stable
2026-05-04 17:00:00,17,0.93,90.5,172.7,70.9,59.88,35.9,348.0,17.8,stable
2026-05-04 18:00:00,18,0.96,90.3,185.7,76.5,59.94,40.6,341.9,20.7,stable
2026-05-04 19:00:00,19,0.98,64.0,131.2,51.8,59.83,47.1,299.4,18.5,stable
2026-05-04 20:00:00,20,0.85,105.8,183.8,71.3,59.81,56.2,362.9,22.4,unstable
2026-05-04 21:00:00,21,1.0,71.7,151.0,58.1,59.91,32.5,266.2,24.1,stable
2026-05-04 22:00:00,22,0.88,114.9,216.1,89.7,59.85,55.2,389.0,28.3,unstable
2026-05-04 23:00:00,23,0.97,55.0,107.0,45.2,60.01,31.1,205.4,20.0,stable
2026-05-05 00:00:00,0,0.92,78.9,149.6,62.1,59.9,17.9,254.1,15.6,stable
2026-05-05 01:00:00,1,0.92,63.4,111.1,47.5,59.88,15.5,235.6,25.9,stable
2026-05-05 02:00:00,2,0.96,101.7,181.8,74.9,60.01,18.6,324.4,18.2,stable
2026-05-05 03:00:00,3,0.94,126.7,222.8,83.6,59.72,38.5,401.0,28.2,unstable
2026-05-05 04:00:00,4,0.9,66.9,113.9,41.2,59.93,81.6,306.4,19.9,unstable
2026-05-05 05:00:00,5,0.95,93.3,174.7,64.0,59.95,71.7,352.1,29.9,unstable
2026-05-05 06:00:00,6,1.0,41.5,85.8,30.4,59.88,56.0,234.1,11.7,stable
2026-05-05 07:00:00,7,0.94,65.0,125.3,46.5,59.85,24.9,234.6,17.3,stable
2026-05-05 08:00:00,8,0.98,79.2,149.4,52.3,59.9,48.3,310.1,19.9,stable
2026-05-05 09:00:00,9,0.99,73.1,137.9,56.4,59.85,51.1,306.7,16.8,stable
2026-05-05 10:00:00,10,0.91,110.6,190.7,71.2,59.86,72.8,385.6,27.8,unstable
2026-05-05 11:00:00,11,0.92,81.9,144.9,57.4,59.87,69.9,337.7,26.5,unstable
2026-05-05 12:00:00,12,0.92,69.1,123.9,46.2,59.72,41.5,269.0,29.9,unstable
2026-05-05 13:00:00,13,0.87,89.2,152.2,66.4,59.81,69.2,352.0,23.7,unstable
2026-05-05 14:00:00,14,1.01,77.8,158.1,57.1,59.95,37.9,313.5,22.8,stable
2026-05-05 15:00:00,15,1.0,48.9,92.8,36.0,59.87,24.8,182.7,18.6,stable
2026-05-05 16:00:00,16,0.93,64.8,112.7,47.4,59.92,68.1,284.9,19.5,unstable
2026-05-05 17:00:00,17,0.96,40.8,82.1,30.6,60.01,22.5,163.0,13.0,stable
2026-05-05 18:00:00,18,0.91,36.2,66.8,24.8,59.84,10.0,133.3,21.5,stable
2026-05-05 19:00:00,19,0.97,62.9,122.5,44.5,59.98,21.9,229.2,25.6,stable
2026-05-05 20:00:00,20,0.86,132.6,237.8,88.2,59.93,48.0,423.5,23.9,unstable
2026-05-05 21:00:00,21,0.98,82.4,171.3,60.3,59.98,58.2,324.3,16.2,stable
2026-05-05 22:00:00,22,0.92,129.8,246.5,107.5,59.73,72.6,479.6,19.4,unstable
2026-05-05 23:00:00,23,0.95,92.9,185.5,69.6,59.89,55.1,335.3,25.7,unstable
2026-05-06 00:00:00,0,0.91,51.5,99.3,42.2,60.02,35.4,243.1,13.0,stable
2026-05-06 01:00:00,1,0.93,65.5,119.3,50.2,59.89,40.4,277.9,24.9,stable
2026-05-06 02:00:00,2,0.95,120.9,212.7,95.1,59.81,53.1,421.6,23.7,unstable
2026-05-06 03:00:00,3,0.96,130.4,258.1,93.1,59.86,40.7,436.4,24.5,unstable
2026-05-06 04:00:00,4,0.86,139.4,241.9,100.9,59.78,52.9,452.0,22.0,unstable
2026-05-06 05:00:00,5,0.91,87.6,148.6,57.9,59.91,55.2,285.5,20.0,stable
2026-05-06 06:00:00,6,0.91,60.1,109.1,46.0,59.87,33.1,226.7,17.1,stable
2026-05-06 07:00:00,7,0.94,75.3,143.0,61.5,59.9,34.5,281.2,21.8,stable
2026-05-06 08:00:00,8,0.92,93.5,170.8,70.0,59.76,71.4,380.5,19.4,unstable
2026-05-06 09:00:00,9,0.94,32.3,57.3,21.5,59.94,22.0,168.1,22.6,stable
2026-05-06 10:00:00,10,1.0,85.7,169.8,64.7,60.01,16.0,312.3,18.7,stable
2026-05-06 11:00:00,11,0.84,81.1,137.9,55.2,59.78,85.8,331.4,28.1,unstable
2026-05-06 12:00:00,12,0.97,103.2,213.6,83.4,60.03,59.8,419.7,21.0,stable
2026-05-06 13:00:00,13,1.01,59.3,125.0,46.7,60.0,17.9,233.6,16.0,stable
2026-05-06 14:00:00,14,0.98,78.9,162.0,61.0,60.03,49.3,302.8,19.7,stable
2026-05-06 15:00:00,15,0.99,64.0,119.3,47.2,59.97,28.8,238.0,19.3,stable
2026-05-06 16:00:00,16,0.98,78.2,156.4,55.8,60.03,54.2,293.1,19.3,stable
2026-05-06 17:00:00,17,0.95,69.8,126.0,49.1,60.0,54.1,282.4,25.6,stable
2026-05-06 18:00:00,18,0.87,140.4,242.2,97.8,59.91,79.6,462.7,26.3,unstable
2026-05-06 19:00:00,19,0.93,86.1,154.9,55.5,60.02,44.0,315.7,25.2,stable
2026-05-06 20:00:00,20,0.97,88.1,166.0,73.3,59.84,13.7,295.5,19.1,stable
2026-05-06 21:00:00,21,0.94,100.9,186.7,79.8,59.91,20.1,313.1,19.7,stable
2026-05-06 22:00:00,22,0.93,67.6,116.0,47.7,59.81,75.8,305.5,26.0,unstable
2026-05-06 23:00:00,23,0.91,68.6,130.5,47.8,59.88,38.2,278.4,25.5,unstable
2026-05-07 00:00:00,0,0.94,102.3,197.0,71.7,59.94,20.8,311.7,18.5,stable
2026-05-07 01:00:00,1,0.88,126.5,219.7,77.5,59.73,91.9,415.7,19.9,unstable
2026-05-07 02:00:00,2,0.89,94.3,154.6,68.0,59.94,64.3,310.9,22.4,unstable
2026-05-07 03:00:00,3,0.92,105.0,201.4,71.1,59.96,16.9,343.9,17.4,stable
2026-05-07 04:00:00,4,0.87,134.7,236.3,90.9,59.75,46.9,414.3,19.6,unstable
2026-05-07 05:00:00,5,0.93,91.8,178.3,68.0,59.85,46.4,314.0,27.3,unstable
2026-05-07 06:00:00,6,0.92,64.1,115.1,44.9,59.95,53.8,279.9,19.9,unstable
2026-05-07 07:00:00,7,0.94,127.1,253.8,90.9,59.8,65.2,459.9,19.5,unstable
2026-05-07 08:00:00,8,0.91,91.5,161.7,67.9,59.95,59.3,344.3,21.9,stable
2026-05-07 09:00:00,9,1.01,36.3,72.9,32.5,59.85,42.0,214.3,25.3,stable
2026-05-07 10:00:00,10,1.01,91.1,174.7,63.5,60.02,44.7,304.0,11.4,stable
2026-05-07 11:00:00,11,0.95,87.7,158.4,69.4,59.87,80.6,345.4,25.8,unstable
2026-05-07 12:00:00,12,0.94,90.9,159.8,64.5,59.94,17.8,307.9,25.7,stable
2026-05-07 13:00:00,13,0.93,83.8,163.3,66.3,59.86,12.1,271.0,18.3,stable
2026-05-07 14:00:00,14,0.95,120.0,220.7,89.0,59.86,55.5,399.3,21.6,unstable
2026-05-07 15:00:00,15,0.99,40.7,74.6,26.6,59.98,47.5,201.0,21.1,stable
2026-05-07 16:00:00,16,0.85,75.6,129.6,57.6,59.72,89.7,327.8,29.2,unstable
2026-05-07 17:00:00,17,0.94,39.0,70.2,25.1,59.95,30.2,164.9,11.5,stable
2026-05-07 18:00:00,18,0.95,78.6,158.8,56.4,60.0,35.5,305.1,14.6,stable
2026-05-07 19:00:00,19,0.96,61.2,124.9,47.6,59.88,53.6,265.5,23.6,stable
2026-05-07 20:00:00,20,0.96,94.9,183.6,67.5,59.79,86.9,383.0,26.4,unstable
2026-05-07 21:00:00,21,0.97,30.4,55.0,22.6,59.88,26.8,150.7,19.6,stable
2026-05-07 22:00:00,22,0.91,68.1,117.4,47.5,59.99,28.5,229.5,25.5,stable
2026-05-07 23:00:00,23,0.97,78.9,143.9,54.6,59.85,41.7,292.7,22.5,stable
2026-05-08 00:00:00,0,0.92,89.5,168.7,73.7,59.72,83.6,381.5,29.8,unstable
2026-05-08 01:00:00,1,1.02,74.3,147.3,51.7,59.98,30.4,259.3,24.5,stable
2026-05-08 02:00:00,2,0.88,114.5,200.8,80.6,59.91,46.3,365.8,30.0,unstable
2026-05-08 03:00:00,3,0.94,51.3,92.3,33.3,59.85,45.8,224.4,20.9,stable
2026-05-08 04:00:00,4,0.95,103.3,181.5,76.5,60.01,20.3,319.0,19.7,stable
2026-05-08 05:00:00,5,0.93,71.8,136.4,58.6,59.9,39.3,281.6,23.7,unstable
2026-05-08 06:00:00,6,1.0,75.1,144.3,54.3,59.94,35.8,260.8,24.2,stable
2026-05-08 07:00:00,7,0.95,103.6,187.1,82.2,59.9,56.3,362.0,25.6,stable
2026-05-08 08:00:00,8,0.89,71.5,124.4,47.9,59.83,66.6,275.9,30.5,unstable
2026-05-08 09:00:00,9,0.91,48.4,87.0,34.0,59.92,54.7,240.0,12.4,stable
2026-05-08 10:00:00,10,0.92,138.4,251.7,96.7,59.74,69.6,448.7,27.8,unstable
2026-05-08 11:00:00,11,1.02,96.0,191.4,74.2,59.91,17.4,326.2,25.0,stable
2026-05-08 12:00:00,12,0.99,68.3,132.3,53.7,59.93,11.5,245.4,15.6,stable
2026-05-08 13:00:00,13,0.99,87.3,162.7,68.8,59.88,11.0,288.9,21.7,stable
2026-05-08 14:00:00,14,0.92,80.7,146.5,55.1,59.72,70.9,318.4,30.9,unstable
2026-05-08 15:00:00,15,0.96,68.3,129.6,54.4,60.01,11.8,226.7,14.3,stable
2026-05-08 16:00:00,16,0.94,29.5,53.0,23.5,59.94,54.2,166.6,22.8,stable
2026-05-08 17:00:00,17,1.0,98.7,188.5,71.7,59.99,53.2,365.3,25.9,stable
2026-05-08 18:00:00,18,0.97,92.8,172.5,60.7,59.85,58.0,323.1,17.1,stable
2026-05-08 19:00:00,19,1.01,70.6,144.7,61.0,59.85,44.8,312.4,15.1,stable
2026-05-08 20:00:00,20,0.93,79.8,138.5,52.4,59.78,47.3,290.8,24.0,unstable
2026-05-08 21:00:00,21,0.91,71.9,135.5,47.6,59.89,25.9,242.8,17.3,stable
2026-05-08 22:00:00,22,0.85,92.7,147.2,55.1,59.94,66.0,329.9,29.3,unstable
2026-05-08 23:00:00,23,0.95,86.3,157.9,61.4,59.91,24.8,266.7,12.8,stable
2026-05-09 00:00:00,0,0.93,68.7,119.4,42.5,59.83,61.2,261.7,28.9,unstable
2026-05-09 01:00:00,1,0.96,85.7,154.9,57.9,59.85,75.8,340.7,24.2,unstable
2026-05-09 02:00:00,2,0.87,78.9,141.8,58.8,59.76,74.6,340.9,30.6,unstable
2026-05-09 03:00:00,3,0.86,92.4,150.0,60.2,59.81,60.0,336.6,21.9,unstable
2026-05-09 04:00:00,4,0.84,86.0,149.4,64.5,59.88,50.5,313.9,23.5,unstable
2026-05-09 05:00:00,5,0.88,136.7,245.2,96.8,59.74,72.1,482.7,19.4,unstable
2026-05-09 06:00:00,6,0.93,65.4,121.9,43.0,59.98,19.4,236.6,21.5,stable
2026-05-09 07:00:00,7,0.92,73.1,125.3,45.1,59.9,16.9,213.2,23.8,stable
2026-05-09 08:00:00,8,0.98,50.2,95.1,33.7,59.91,50.5,200.0,12.0,stable
2026-05-09 09:00:00,9,0.86,127.9,225.8,86.4,59.77,46.0,405.5,29.9,unstable
2026-05-09 10:00:00,10,0.85,108.0,172.4,63.9,59.93,85.4,348.9,30.5,unstable
2026-05-09 11:00:00,11,1.01,36.0,77.3,28.6,59.94,16.8,143.3,23.2,stable
2026-05-09 12:00:00,12,0.84,101.8,166.9,62.1,59.91,72.3,359.9,24.8,unstable
2026-05-09 13:00:00,13,0.95,28.1,53.4,21.0,59.9,13.2,149.0,20.3,stable
2026-05-09 14:00:00,14,0.95,91.2,177.3,69.6,59.86,38.8,346.3,12.4,stable
2026-05-09 15:00:00,15,0.98,32.4,63.2,25.9,59.98,38.0,192.0,22.3,stable
2026-05-09 16:00:00,16,0.85,128.0,227.9,95.7,59.88,83.8,431.8,28.0,unstable
2026-05-09 17:00:00,17,0.93,58.4,102.8,39.0,59.88,25.7,188.6,15.8,stable
2026-05-09 18:00:00,18,0.93,127.8,231.4,82.3,59.92,59.9,427.4,29.2,unstable
2026-05-09 19:00:00,19,1.0,40.1,84.0,35.9,59.96,52.7,207.4,20.4,stable
2026-05-09 20:00:00,20,0.86,82.2,149.0,62.8,59.73,62.3,295.3,31.7,unstable
2026-05-09 21:00:00,21,0.92,126.3,240.5,87.7,59.74,87.3,470.1,24.0,unstable
2026-05-09 22:00:00,22,0.85,119.2,209.1,89.4,59.88,72.3,439.1,25.7,unstable
2026-05-09 23:00:00,23,1.0,72.2,151.4,65.2,59.98,16.0,283.3,13.5,stable
2026-05-10 00:00:00,0,0.84,96.2,151.9,61.0,59.79,63.7,315.0,32.0,unstable
2026-05-10 01:00:00,1,1.01,105.0,213.5,79.6,59.92,35.7,380.6,13.5,stable
2026-05-10 02:00:00,2,1.0,50.9,95.4,38.2,59.89,13.5,202.5,15.3,stable
2026-05-10 03:00:00,3,0.91,50.2,88.8,36.7,59.9,15.2,204.9,16.4,stable
2026-05-10 04:00:00,4,0.93,133.7,234.5,89.3,59.75,45.4,416.9,21.7,unstable
2026-05-10 05:00:00,5,1.0,72.3,149.8,61.0,59.91,41.2,305.4,23.3,stable
2026-05-10 06:00:00,6,0.92,81.0,160.0,59.4,59.87,52.5,312.8,17.1,stable
2026-05-10 07:00:00,7,0.96,100.2,201.8,76.8,59.78,47.3,386.4,26.3,unstable
2026-05-10 08:00:00,8,0.91,47.7,89.8,35.0,59.99,18.8,165.5,20.0,stable
2026-05-10 09:00:00,9,0.99,66.3,132.0,53.0,59.89,11.4,226.8,16.1,stable
2026-05-10 10:00:00,10,0.94,48.9,93.9,36.8,59.95,31.3,182.8,14.1,stable
2026-05-10 11:00:00,11,0.9,109.2,209.1,84.2,59.75,59.5,412.1,28.2,unstable
2026-05-10 12:00:00,12,1.02,91.7,181.1,80.6,59.87,55.3,368.3,16.9,stable
2026-05-10 13:00:00,13,0.94,76.9,151.4,59.9,59.78,66.9,338.9,26.9,unstable
2026-05-10 14:00:00,14,0.91,93.5,178.0,67.3,59.76,84.2,351.2,22.0,unstable
2026-05-10 15:00:00,15,0.93,114.7,212.9,83.1,59.77,75.5,438.9,23.8,unstable
2026-05-10 16:00:00,16,0.86,115.9,210.5,79.7,59.8,75.4,408.3,31.9,unstable
2026-05-10 17:00:00,17,1.01,62.2,125.9,55.5,59.9,55.0,296.5,16.4,stable
2026-05-10 18:00:00,18,0.88,135.1,236.5,83.0,59.79,91.9,466.3,29.8,unstable
2026-05-10 19:00:00,19,0.92,101.0,191.2,74.7,59.86,88.9,410.5,19.3,unstable
2026-05-10 20:00:00,20,0.91,42.6,74.1,29.5,59.89,18.3,154.3,21.9,stable
2026-05-10 21:00:00,21,0.99,74.4,152.3,58.2,59.9,51.2,287.8,12.4,stable
2026-05-10 22:00:00,22,0.93,31.3,59.1,25.0,60.0,14.9,132.0,18.8,stable
2026-05-10 23:00:00,23,1.02,86.6,171.9,61.7,59.93,36.2,339.2,12.0,stable
2026-05-11 00:00:00,0,0.92,114.6,198.1,87.1,59.78,48.6,395.7,30.0,unstable
2026-05-11 01:00:00,1,0.91,94.2,173.1,65.3,59.87,16.1,285.6,13.3,stable
2026-05-11 02:00:00,2,0.95,69.2,123.6,50.9,59.86,29.4,245.7,22.0,stable
2026-05-11 03:00:00,3,0.87,130.0,240.0,97.6,59.72,55.0,432.4,28.5,unstable
2026-05-11 04:00:00,4,0.96,115.6,228.1,86.3,59.87,60.4,424.9,30.8,unstable
2026-05-11 05:00:00,5,0.84,72.7,118.7,47.2,59.9,65.0,300.8,23.7,unstable
2026-05-11 06:00:00,6,0.86,81.7,130.2,51.2,59.86,42.8,265.5,19.7,unstable
2026-05-11 07:00:00,7,0.94,135.3,271.2,103.3,59.74,69.3,486.2,19.4,unstable
2026-05-11 08:00:00,8,0.93,73.5,131.2,47.7,59.83,42.7,266.6,29.2,unstable
2026-05-11 09:00:00,9,0.94,92.2,184.9,80.3,59.89,17.4,305.6,20.3,stable
2026-05-11 10:00:00,10,0.85,140.9,252.8,94.4,59.94,49.9,426.5,28.4,unstable
2026-05-11 11:00:00,11,0.89,134.3,235.4,100.8,59.93,44.0,430.8,21.9,unstable
2026-05-11 12:00:00,12,0.98,64.8,126.8,48.1,59.85,59.6,281.6,12.3,stable
2026-05-11 13:00:00,13,0.97,58.0,117.9,44.3,60.01,35.8,258.9,11.2,stable
2026-05-11 14:00:00,14,0.84,140.9,222.2,84.7,59.75,54.6,383.3,20.5,unstable
2026-05-11 15:00:00,15,0.93,38.8,67.5,26.3,59.94,31.5,160.5,20.0,stable
2026-05-11 16:00:00,16,0.91,112.8,197.2,79.7,59.85,45.7,365.6,23.0,unstable
2026-05-11 17:00:00,17,0.94,140.0,257.3,112.3,59.73,43.4,436.7,29.8,unstable
2026-05-11 18:00:00,18,0.88,140.9,248.8,90.9,59.95,47.4,415.6,27.8,unstable
2026-05-11 19:00:00,19,0.96,44.5,83.3,33.0,59.86,23.4,168.1,18.7,stable
2026-05-11 20:00:00,20,0.84,78.7,132.4,50.2,59.92,78.6,316.0,23.9,unstable
2026-05-11 21:00:00,21,0.94,80.5,142.0,58.5,59.88,19.8,265.9,20.6,stable
2026-05-11 22:00:00,22,0.92,80.2,138.4,61.7,59.82,56.4,309.7,25.9,unstable
2026-05-11 23:00:00,23,0.94,110.1,214.5,86.9,59.79,52.2,385.6,29.3,unstable
2026-05-12 00:00:00,0,0.88,89.7,154.7,57.8,59.74,74.6,348.7,30.6,unstable
2026-05-12 01:00:00,1,0.95,81.5,157.8,64.5,59.84,49.2,310.4,11.3,stable
2026-05-12 02:00:00,2,0.96,67.8,134.3,60.1,59.97,22.4,255.9,20.1,stable
2026-05-12 03:00:00,3,0.96,137.8,250.9,108.8,59.86,42.7,466.4,23.8,unstable
2026-05-12 04:00:00,4,0.93,73.3,132.0,51.5,59.86,35.3,239.8,21.4,stable
2026-05-12 05:00:00,5,0.96,77.4,157.0,55.2,60.02,29.9,278.5,15.0,stable
2026-05-12 06:00:00,6,0.98,43.7,82.7,30.5,59.94,51.7,192.8,14.1,stable
2026-05-12 07:00:00,7,0.98,101.5,201.3,80.7,59.96,21.5,347.4,11.1,stable
2026-05-12 08:00:00,8,0.89,84.7,148.1,56.4,59.78,49.2,322.7,23.7,unstable
2026-05-12 09:00:00,9,0.97,104.3,217.2,89.2,60.04,27.8,364.9,17.7,stable
2026-05-12 10:00:00,10,0.93,45.5,89.5,34.0,59.9,22.2,170.0,11.1,stable
2026-05-12 11:00:00,11,0.91,74.5,136.4,51.8,59.95,42.5,265.7,25.1,unstable
2026-05-12 12:00:00,12,0.88,66.3,122.0,44.1,59.93,49.9,284.6,30.3,unstable
2026-05-12 13:00:00,13,0.94,50.9,96.6,41.8,59.93,17.5,194.0,15.4,stable
2026-05-12 14:00:00,14,0.9,122.4,215.6,90.9,59.86,55.0,389.7,27.2,unstable
2026-05-12 15:00:00,15,0.89,108.3,191.7,75.1,59.92,90.1,406.9,20.4,unstable
2026-05-12 16:00:00,16,1.01,77.4,163.5,72.3,59.97,57.5,337.8,16.8,stable
2026-05-12 17:00:00,17,0.95,73.2,146.8,52.6,59.86,19.8,240.8,17.9,stable
2026-05-12 18:00:00,18,0.94,59.2,118.6,44.1,59.92,14.3,218.4,11.1,stable
2026-05-12 19:00:00,19,1.0,67.2,140.2,55.5,59.85,46.5,270.9,21.5,stable
2026-05-12 20:00:00,20,0.92,68.6,119.5,45.3,59.86,40.6,263.8,32.5,unstable
2026-05-12 21:00:00,21,0.86,107.9,179.4,74.6,59.82,61.9,341.5,31.9,unstable
2026-05-12 22:00:00,22,0.93,109.6,204.8,85.5,59.76,45.4,361.5,20.4,unstable
2026-05-12 23:00:00,23,0.93,43.6,84.9,33.9,59.86,18.5,176.8,12.4,stable
2026-05-13 00:00:00,0,0.95,49.1,90.3,36.3,59.87,21.9,202.0,18.5,stable
2026-05-13 01:00:00,1,0.99,36.9,68.6,27.6,59.87,37.1,169.7,14.0,stable
2026-05-13 02:00:00,2,0.94,86.4,164.4,69.0,60.04,12.9,291.2,18.6,stable
2026-05-13 03:00:00,3,0.88,137.7,231.1,100.7,59.78,54.5,435.6,19.9,unstable
2026-05-13 04:00:00,4,1.0,70.4,142.6,55.2,60.0,18.9,264.6,13.2,stable
2026-05-13 05:00:00,5,0.91,65.6,122.5,49.6,59.72,76.7,317.9,21.7,unstable
2026-05-13 06:00:00,6,0.95,37.0,72.0,28.7,59.96,29.3,158.8,22.0,stable
2026-05-13 07:00:00,7,0.94,75.1,135.2,59.3,60.0,28.6,284.1,11.6,stable
2026-05-13 08:00:00,8,0.96,63.9,129.0,54.2,59.97,42.2,262.0,15.6,stable
2026-05-13 09:00:00,9,0.96,34.0,68.5,28.5,59.87,45.0,169.0,24.0,stable
2026-05-13 10:00:00,10,0.88,139.0,247.3,87.3,59.92,50.3,432.0,29.7,unstable
2026-05-13 11:00:00,11,0.94,46.2,91.0,35.7,60.02,13.8,200.4,13.4,stable
2026-05-13 12:00:00,12,0.96,60.6,119.1,50.0,60.0,50.1,284.2,12.5,stable
2026-05-13 13:00:00,13,0.91,93.2,179.0,76.1,59.81,42.9,337.0,20.9,unstable
2026-05-13 14:00:00,14,0.91,94.8,179.9,70.7,59.96,51.9,364.5,16.6,stable
2026-05-13 15:00:00,15,1.0,73.4,150.7,66.6,59.85,37.5,314.1,20.1,stable
2026-05-13 16:00:00,16,0.94,112.2,222.5,95.6,59.74,85.6,448.8,20.4,unstable
2026-05-13 17:00:00,17,0.89,78.9,134.2,57.2,59.94,68.9,295.4,20.2,unstable
2026-05-13 18:00:00,18,0.97,30.8,59.8,23.3,59.94,57.8,181.7,13.6,stable
2026-05-13 19:00:00,19,0.98,66.5,124.3,47.4,59.86,49.5,251.9,17.6,stable
2026-05-13 20:00:00,20,0.88,68.7,130.0,56.3,59.84,70.2,289.8,32.9,unstable
2026-05-13 21:00:00,21,0.94,79.2,157.0,67.2,59.72,66.9,348.9,21.5,unstable
2026-05-13 22:00:00,22,0.93,55.4,106.3,47.5,59.98,43.3,219.4,12.8,stable
2026-05-13 23:00:00,23,0.85,86.0,146.0,61.6,59.81,81.4,327.0,25.6,unstable
2026-05-14 00:00:00,0,0.93,64.1,117.1,44.4,59.9,44.9,259.8,22.0,unstable
2026-05-14 01:00:00,1,0.93,56.3,110.7,40.9,59.95,35.3,211.2,20.3,stable
2026-05-14 02:00:00,2,0.95,37.0,75.8,29.6,59.86,37.9,173.9,15.5,stable
2026-05-14 03:00:00,3,0.93,65.2,116.6,51.3,59.93,32.7,260.2,22.9,stable
2026-05-14 04:00:00,4,0.86,89.3,162.8,58.6,59.78,67.6,323.0,19.6,unstable
2026-05-14 05:00:00,5,0.87,111.6,202.6,86.2,59.91,49.5,400.6,31.2,unstable
2026-05-14 06:00:00,6,0.97,45.2,88.5,39.1,59.91,37.9,203.4,24.3,stable
2026-05-14 07:00:00,7,0.98,77.7,163.6,58.0,59.97,21.1,286.1,13.2,stable
2026-05-14 08:00:00,8,0.88,121.9,217.0,95.3,59.9,86.8,468.8,24.5,unstable
2026-05-14 09:00:00,9,0.99,29.8,61.2,23.1,59.86,51.3,187.6,23.6,stable
2026-05-14 10:00:00,10,0.89,135.2,236.5,98.5,59.8,49.9,433.1,27.1,unstable
2026-05-14 11:00:00,11,0.92,87.0,159.7,66.3,59.88,28.4,276.7,13.5,stable
2026-05-14 12:00:00,12,0.94,65.8,118.1,51.1,59.83,52.5,275.6,27.9,unstable
2026-05-14 13:00:00,13,0.95,81.6,151.8,58.3,59.8,73.4,323.4,27.0,unstable
2026-05-14 14:00:00,14,0.93,97.8,175.5,62.9,59.87,58.9,330.8,24.1,unstable
2026-05-14 15:00:00,15,0.91,94.3,183.3,80.2,59.9,89.0,403.3,30.6,unstable
2026-05-14 16:00:00,16,0.92,74.2,135.5,54.5,59.98,35.3,265.3,21.4,stable
2026-05-14 17:00:00,17,1.01,88.5,172.8,75.8,60.01,10.7,289.2,24.7,stable
2026-05-14 18:00:00,18,0.93,95.9,172.7,71.6,59.86,74.3,348.9,26.7,unstable
2026-05-14 19:00:00,19,0.91,58.9,108.9,48.6,59.95,25.2,244.4,18.7,stable
2026-05-14 20:00:00,20,0.96,30.5,57.7,22.9,59.91,28.0,142.1,23.7,stable
2026-05-14 21:00:00,21,0.84,98.4,173.3,73.7,59.86,70.3,375.9,26.7,unstable
2026-05-14 22:00:00,22,0.88,67.3,120.6,42.3,59.93,45.4,264.3,24.9,unstable
2026-05-14 23:00:00,23,0.96,68.0,126.9,53.4,59.92,18.1,247.8,12.6,stable
2026-05-15 00:00:00,0,0.91,87.3,161.1,67.6,59.84,42.4,314.2,31.6,unstable
2026-05-15 01:00:00,1,0.98,96.5,176.6,74.6,59.84,25.3,331.7,13.1,stable
2026-05-15 02:00:00,2,1.01,71.2,140.5,62.6,59.9,41.0,271.5,25.7,stable
2026-05-15 03:00:00,3,0.98,30.2,60.1,24.7,60.0,13.9,164.0,12.0,stable
2026-05-15 04:00:00,4,0.84,63.6,115.4,45.2,59.76,79.7,261.3,30.4,unstable
2026-05-15 05:00:00,5,0.91,71.2,133.0,49.9,59.94,43.7,287.2,28.8,unstable
2026-05-15 06:00:00,6,0.96,69.4,133.2,55.8,59.76,55.7,289.2,21.6,unstable
2026-05-15 07:00:00,7,0.95,103.0,194.0,80.2,59.84,51.0,354.7,12.1,stable
2026-05-15 08:00:00,8,0.97,38.9,72.4,30.7,59.87,47.9,207.9,15.8,stable
2026-05-15 09:00:00,9,0.95,90.3,163.9,65.0,59.88,60.5,342.1,29.2,unstable
2026-05-15 10:00:00,10,0.98,43.3,88.3,36.7,59.94,30.5,196.9,19.0,stable
2026-05-15 11:00:00,11,0.92,54.3,92.8,34.1,59.87,21.4,183.0,20.4,stable
2026-05-15 12:00:00,12,1.01,42.0,82.5,35.5,60.0,38.3,199.1,11.5,stable
2026-05-15 13:00:00,13,0.89,94.1,178.8,72.6,59.76,63.8,377.4,23.9,unstable
2026-05-15 14:00:00,14,0.98,28.2,52.3,20.6,59.93,40.7,170.3,16.3,stable
2026-05-15 15:00:00,15,0.95,93.5,171.9,75.6,59.94,26.7,302.2,13.1,stable
2026-05-15 16:00:00,16,0.9,137.1,233.0,85.2,59.91,60.4,446.1,32.0,unstable
2026-05-15 17:00:00,17,0.93,88.3,165.5,72.3,59.93,51.3,334.6,24.0,stable
2026-05-15 18:00:00,18,1.0,33.7,64.0,23.3,59.92,27.5,149.5,20.4,stable
2026-05-15 19:00:00,19,0.93,72.8,125.9,47.0,59.77,75.5,315.6,30.8,unstable
2026-05-15 20:00:00,20,0.96,80.2,162.7,72.9,59.78,48.8,352.1,20.2,unstable
2026-05-15 21:00:00,21,1.01,91.6,188.3,82.4,59.97,20.4,344.2,16.8,stable
2026-05-15 22:00:00,22,0.96,103.5,199.7,82.7,59.98,17.7,364.0,24.9,stable
2026-05-15 23:00:00,23,0.89,64.5,122.1,43.8,59.84,64.3,273.2,23.1,unstable
2026-05-16 00:00:00,0,1.01,73.4,139.5,59.8,59.98,24.0,259.6,16.5,stable
2026-05-16 01:00:00,1,0.95,70.7,132.1,47.9,59.93,50.1,253.9,14.2,stable
2026-05-16 02:00:00,2,0.93,97.1,168.0,60.8,59.84,36.7,309.2,13.0,stable
2026-05-16 03:00:00,3,0.98,76.8,157.6,60.4,59.86,30.2,275.6,18.0,stable
2026-05-16 04:00:00,4,0.93,82.4,146.1,56.3,59.89,44.2,272.8,23.0,stable
2026-05-16 05:00:00,5,0.94,28.0,56.3,24.7,59.97,13.0,163.7,17.5,stable
2026-05-16 06:00:00,6,0.84,116.4,182.7,72.6,59.78,44.4,330.3,23.2,unstable
2026-05-16 07:00:00,7,0.89,105.5,195.6,69.0,59.79,78.2,384.9,20.6,unstable
2026-05-16 08:00:00,8,1.02,40.2,81.8,30.2,59.95,35.9,192.9,16.9,stable
2026-05-16 09:00:00,9,0.93,69.2,125.4,44.5,59.85,85.9,307.4,27.6,unstable
2026-05-16 10:00:00,10,0.95,66.1,117.0,49.3,59.72,89.2,286.7,32.5,unstable
2026-05-16 11:00:00,11,1.01,46.4,87.0,37.4,59.85,11.2,170.6,11.7,stable
2026-05-16 12:00:00,12,0.94,96.9,171.5,73.1,59.83,37.6,315.1,27.0,unstable
2026-05-16 13:00:00,13,0.98,48.6,88.4,32.6,59.96,23.4,194.9,23.9,stable
2026-05-16 14:00:00,14,0.95,70.9,140.8,63.2,59.97,13.2,238.7,20.3,stable
2026-05-16 15:00:00,15,0.95,75.3,138.6,53.5,59.83,16.1,252.9,16.7,stable
2026-05-16 16:00:00,16,0.91,113.2,205.5,85.3,59.77,84.0,423.0,22.1,unstable
2026-05-16 17:00:00,17,0.92,92.2,169.6,70.5,59.72,66.3,364.3,19.3,unstable
2026-05-16 18:00:00,18,0.96,91.7,186.9,75.1,59.86,50.7,365.8,27.0,unstable
2026-05-16 19:00:00,19,0.89,118.7,206.2,89.8,59.78,56.8,409.6,21.7,unstable
2026-05-16 20:00:00,20,0.95,66.9,119.7,49.8,59.73,44.0,263.5,20.6,unstable
2026-05-16 21:00:00,21,0.99,44.0,92.6,34.6,59.99,41.1,191.2,19.7,stable
2026-05-16 22:00:00,22,0.99,72.0,134.7,48.0,59.89,13.0,217.9,25.4,stable
2026-05-16 23:00:00,23,0.85,134.0,211.6,82.2,59.89,51.3,379.8,27.8,unstable
2026-05-17 00:00:00,0,0.92,131.0,256.4,113.9,59.74,73.6,491.5,29.0,unstable
2026-05-17 01:00:00,1,0.88,105.5,180.1,68.7,59.88,88.3,397.5,22.3,unstable
2026-05-17 02:00:00,2,0.89,68.8,115.0,46.1,59.81,59.6,288.6,26.2,unstable
2026-05-17 03:00:00,3,0.97,50.0,96.2,33.7,59.94,59.9,227.2,15.1,stable
2026-05-17 04:00:00,4,0.93,108.2,186.6,71.5,59.84,52.8,363.9,30.4,unstable
2026-05-17 05:00:00,5,0.93,69.4,128.1,47.2,59.94,53.7,250.1,11.8,stable
2026-05-17 06:00:00,6,0.96,136.9,269.4,97.3,59.76,48.3,464.2,32.0,unstable
2026-05-17 07:00:00,7,0.88,96.4,166.2,73.5,59.82,73.5,380.2,29.8,unstable
2026-05-17 08:00:00,8,0.84,109.7,188.5,77.3,59.81,52.3,346.4,22.6,unstable
2026-05-17 09:00:00,9,0.99,80.6,151.2,53.6,59.91,15.6,257.3,18.0,stable
2026-05-17 10:00:00,10,0.92,74.7,126.9,48.8,59.87,38.4,258.8,30.1,unstable
2026-05-17 11:00:00,11,1.01,47.0,90.5,36.6,59.98,46.0,227.1,14.7,stable
2026-05-17 12:00:00,12,0.84,130.9,232.1,98.1,59.9,70.2,449.4,25.0,unstable
2026-05-17 13:00:00,13,0.86,85.7,140.1,60.3,59.81,55.7,283.4,26.2,unstable
2026-05-17 14:00:00,14,0.93,91.5,183.1,75.7,59.83,63.1,381.6,30.9,unstable
2026-05-17 15:00:00,15,0.95,108.4,199.3,86.7,59.94,78.5,414.4,26.2,unstable
2026-05-17 16:00:00,16,0.98,84.4,178.0,72.2,60.01,20.6,337.6,18.0,stable
2026-05-17 17:00:00,17,0.98,51.4,105.9,45.1,59.9,42.2,228.7,17.5,stable
2026-05-17 18:00:00,18,0.96,59.8,111.7,43.0,59.9,54.8,240.2,16.4,stable
2026-05-17 19:00:00,19,0.92,45.4,89.7,35.5,60.0,39.9,226.2,12.9,stable
2026-05-17 20:00:00,20,0.99,35.7,73.8,32.9,60.0,43.9,215.7,15.0,stable
2026-05-17 21:00:00,21,0.88,72.7,137.8,56.1,59.8,42.4,287.4,24.4,unstable
2026-05-17 22:00:00,22,0.92,109.5,216.6,84.2,59.94,40.6,391.1,25.9,unstable
2026-05-17 23:00:00,23,0.85,86.7,158.4,56.8,59.92,53.8,329.9,24.4,unstable
2026-05-18 00:00:00,0,0.95,90.5,177.9,64.8,59.95,44.1,319.8,21.0,unstable
2026-05-18 01:00:00,1,0.88,130.7,234.2,97.0,59.73,84.3,473.0,24.8,unstable
2026-05-18 02:00:00,2,0.97,82.1,153.2,62.0,59.96,27.3,280.6,16.0,stable
2026-05-18 03:00:00,3,0.95,33.6,63.0,24.7,60.01,38.6,186.4,19.6,stable
2026-05-18 04:00:00,4,0.95,114.4,217.8,97.3,59.93,79.5,428.7,27.6,unstable
2026-05-18 05:00:00,5,0.87,77.6,142.6,53.4,59.86,87.0,318.6,24.8,unstable
2026-05-18 06:00:00,6,0.87,137.7,236.7,83.9,59.83,58.4,424.2,28.0,unstable
2026-05-18 07:00:00,7,0.95,92.9,181.9,78.6,59.89,72.2,393.8,20.6,unstable
2026-05-18 08:00:00,8,0.87,139.5,252.6,111.7,59.84,87.6,485.0,24.0,unstable
2026-05-18 09:00:00,9,0.94,43.3,81.5,29.5,59.9,35.4,179.0,23.6,stable
2026-05-18 10:00:00,10,0.97,33.9,66.3,28.0,59.95,47.7,207.6,24.6,stable
2026-05-18 11:00:00,11,0.99,48.1,91.9,40.4,59.98,39.1,222.4,23.6,stable
2026-05-18 12:00:00,12,0.92,129.2,237.1,98.6,59.81,63.5,469.1,31.6,unstable
2026-05-18 13:00:00,13,0.93,129.3,253.9,90.7,59.74,69.8,441.3,32.1,unstable
2026-05-18 14:00:00,14,0.97,38.0,77.5,33.4,59.87,38.2,208.4,11.7,stable
2026-05-18 15:00:00,15,0.84,141.6,225.1,94.0,59.84,55.8,427.2,23.8,unstable
2026-05-18 16:00:00,16,0.9,102.0,187.8,77.3,59.87,74.1,401.9,30.4,unstable
2026-05-18 17:00:00,17,0.95,91.0,160.8,71.1,59.87,20.7,302.0,24.9,stable
2026-05-18 18:00:00,18,0.95,45.5,92.5,36.6,60.04,23.2,206.0,11.8,stable
2026-05-18 19:00:00,19,1.01,71.3,137.2,49.5,59.97,45.5,256.0,22.3,stable
2026-05-18 20:00:00,20,0.9,138.7,250.7,93.3,59.86,55.2,450.0,29.7,unstable
2026-05-18 21:00:00,21,0.92,32.0,61.8,26.2,59.94,26.1,157.2,20.3,stable
2026-05-18 22:00:00,22,0.94,64.5,128.7,47.8,59.99,54.9,284.9,23.0,stable
2026-05-18 23:00:00,23,0.99,28.9,60.4,26.2,59.94,23.1,135.0,15.8,stable
2026-05-19 00:00:00,0,0.93,44.6,80.8,33.8,59.92,53.0,196.8,22.2,stable
2026-05-19 01:00:00,1,0.88,132.2,224.7,79.1,59.77,74.3,415.5,22.9,unstable
2026-05-19 02:00:00,2,0.94,59.7,108.1,42.1,59.98,25.8,215.1,25.1,stable
2026-05-19 03:00:00,3,0.86,131.3,225.2,90.3,59.78,79.2,428.0,28.5,unstable
2026-05-19 04:00:00,4,0.88,67.5,116.2,45.2,59.83,41.9,229.2,22.7,unstable
2026-05-19 05:00:00,5,0.87,88.8,151.6,58.0,59.73,41.0,277.0,28.8,unstable
2026-05-19 06:00:00,6,0.87,129.0,215.0,77.5,59.95,37.8,385.7,27.6,unstable
2026-05-19 07:00:00,7,0.89,106.8,198.5,76.5,59.86,90.8,386.3,30.0,unstable
2026-05-19 08:00:00,8,1.02,103.9,202.4,80.5,59.92,17.1,359.8,15.4,stable
2026-05-19 09:00:00,9,0.95,99.8,197.9,74.1,59.84,80.3,386.3,20.4,unstable
2026-05-19 10:00:00,10,1.01,78.0,165.8,64.9,59.95,48.8,308.3,14.9,stable
2026-05-19 11:00:00,11,0.87,85.3,149.7,62.1,59.76,47.0,296.0,28.3,unstable
2026-05-19 12:00:00,12,0.92,49.2,94.5,41.5,59.95,36.4,229.6,15.9,stable
2026-05-19 13:00:00,13,0.87,97.5,181.4,80.3,59.93,88.8,403.4,24.5,unstable
2026-05-19 14:00:00,14,0.89,132.9,247.7,101.0,59.93,47.3,458.4,24.6,unstable
2026-05-19 15:00:00,15,1.01,39.2,79.2,28.2,59.85,14.1,157.6,25.0,stable
2026-05-19 16:00:00,16,0.94,117.5,211.5,87.3,59.89,38.2,360.1,31.7,unstable
2026-05-19 17:00:00,17,0.84,112.7,198.5,71.5,59.85,39.8,340.5,23.1,unstable
2026-05-19 18:00:00,18,0.94,141.8,252.6,105.6,59.77,56.5,446.9,24.4,unstable
2026-05-19 19:00:00,19,0.93,94.0,177.9,73.5,59.91,46.9,322.9,13.3,stable
2026-05-19 20:00:00,20,0.87,124.4,208.7,92.9,59.82,45.7,404.7,20.7,unstable
2026-05-19 21:00:00,21,0.89,113.4,192.7,78.8,59.77,62.3,388.8,32.5,unstable
2026-05-19 22:00:00,22,0.95,51.3,104.6,44.1,59.97,31.8,219.2,24.4,stable
2026-05-19 23:00:00,23,0.91,78.9,142.0,55.8,59.85,24.6,276.2,25.3,stable
2026-05-20 00:00:00,0,0.96,87.5,171.8,61.7,59.87,26.0,328.0,13.6,stable
2026-05-20 01:00:00,1,1.02,102.8,195.6,77.6,59.9,17.3,314.6,11.6,stable
2026-05-20 02:00:00,2,0.94,76.9,147.1,64.9,59.9,18.2,268.4,22.5,stable
2026-05-20 03:00:00,3,0.97,30.1,54.7,22.3,60.03,46.4,183.5,23.2,stable
2026-05-20 04:00:00,4,0.91,32.7,56.4,21.3,59.98,50.9,180.2,11.6,stable
2026-05-20 05:00:00,5,0.92,56.4,100.9,41.0,59.86,51.8,226.7,18.0,stable
2026-05-20 06:00:00,6,0.88,136.0,239.1,86.7,59.9,78.8,461.8,25.1,unstable
2026-05-20 07:00:00,7,1.01,86.5,179.7,79.5,59.87,44.2,369.4,15.0,stable
2026-05-20 08:00:00,8,0.91,78.6,135.0,47.9,60.01,25.5,266.2,13.8,stable
2026-05-20 09:00:00,9,0.84,101.1,161.6,67.5,59.81,46.3,299.6,19.6,unstable
2026-05-20 10:00:00,10,0.92,58.3,105.1,40.2,59.87,15.0,217.8,13.6,stable
2026-05-20 11:00:00,11,0.95,123.5,222.8,80.7,59.91,54.0,379.8,30.5,unstable
2026-05-20 12:00:00,12,0.94,49.0,98.2,39.2,60.02,55.4,256.1,24.6,stable
2026-05-20 13:00:00,13,0.94,83.4,147.4,59.3,59.92,25.0,257.8,22.3,stable
2026-05-20 14:00:00,14,0.87,78.3,136.0,50.8,59.91,81.5,299.6,30.1,unstable
2026-05-20 15:00:00,15,0.84,138.3,247.2,107.8,59.84,45.5,463.1,27.0,unstable
2026-05-20 16:00:00,16,0.94,100.5,186.9,71.7,60.02,34.8,324.0,16.3,stable
2026-05-20 17:00:00,17,0.97,35.4,64.8,26.7,59.93,49.8,181.3,13.6,stable
2026-05-20 18:00:00,18,0.88,111.6,200.6,88.0,59.9,57.0,397.9,21.7,unstable
2026-05-20 19:00:00,19,0.97,97.0,185.8,81.8,59.98,48.7,367.4,24.6,stable
2026-05-20 20:00:00,20,0.91,93.3,178.0,67.4,59.97,18.7,304.4,20.9,stable
2026-05-20 21:00:00,21,0.97,35.6,66.2,28.1,59.84,15.0,158.0,14.9,stable
2026-05-20 22:00:00,22,0.91,52.9,102.0,36.2,59.93,52.5,246.8,21.6,stable
2026-05-20 23:00:00,23,1.0,69.6,135.0,47.5,59.94,12.6,218.4,21.0,stable
2026-05-21 00:00:00,0,0.95,101.9,204.3,77.4,60.01,57.2,366.5,24.2,stable
2026-05-21 01:00:00,1,0.96,80.2,157.0,64.0,59.85,38.1,301.2,23.9,stable
2026-05-21 02:00:00,2,0.96,98.3,182.3,69.1,59.74,73.1,356.1,25.1,unstable
2026-05-21 03:00:00,3,0.95,82.0,164.9,64.4,59.83,58.1,356.5,20.5,unstable
2026-05-21 04:00:00,4,0.94,69.0,126.6,49.9,59.77,38.7,276.2,27.5,unstable
2026-05-21 05:00:00,5,0.88,101.9,175.7,64.4,59.91,82.5,388.4,24.2,unstable
2026-05-21 06:00:00,6,1.02,91.0,195.5,71.9,59.91,30.7,329.1,17.8,stable
2026-05-21 07:00:00,7,0.94,91.3,164.7,67.9,59.8,91.9,384.6,24.4,unstable
2026-05-21 08:00:00,8,0.92,104.6,190.5,84.4,59.72,51.1,381.6,23.3,unstable
2026-05-21 09:00:00,9,0.98,48.5,102.3,37.4,59.83,55.3,229.8,20.7,stable
2026-05-21 10:00:00,10,0.88,98.0,161.2,67.8,59.77,72.3,344.3,23.4,unstable
2026-05-21 11:00:00,11,0.96,71.0,132.1,50.9,60.02,56.2,285.3,18.7,stable
2026-05-21 12:00:00,12,0.99,78.7,155.1,69.7,59.88,48.9,313.9,21.1,stable
2026-05-21 13:00:00,13,0.94,119.3,213.3,82.7,59.76,46.8,368.2,19.2,unstable
2026-05-21 14:00:00,14,0.93,127.6,251.6,101.3,59.89,83.3,479.6,24.9,unstable
2026-05-21 15:00:00,15,0.93,61.1,108.0,47.4,60.0,16.4,241.3,12.8,stable
2026-05-21 16:00:00,16,0.87,128.1,229.2,100.8,59.76,48.5,426.2,31.9,unstable
2026-05-21 17:00:00,17,0.98,92.4,192.4,85.2,60.0,39.5,370.3,20.5,stable
2026-05-21 18:00:00,18,0.85,69.7,120.1,48.9,59.92,48.7,252.2,22.2,unstable
2026-05-21 19:00:00,19,0.93,67.2,131.3,56.3,59.93,44.3,287.9,28.0,unstable
2026-05-21 20:00:00,20,0.93,75.4,150.1,64.5,59.85,51.1,320.8,19.7,stable
2026-05-21 21:00:00,21,0.85,78.7,141.4,52.6,59.9,38.6,291.6,31.8,unstable
2026-05-21 22:00:00,22,0.87,123.3,205.8,92.6,59.86,37.6,389.5,23.6,unstable
2026-05-21 23:00:00,23,0.84,113.7,206.0,81.1,59.85,81.9,403.8,23.0,unstable
2026-05-22 00:00:00,0,0.9,121.1,207.1,82.9,59.93,68.7,415.1,21.3,unstable
2026-05-22 01:00:00,1,0.93,57.6,104.5,40.0,59.85,55.9,227.0,19.2,stable
2026-05-22 02:00:00,2,0.94,102.6,199.9,71.4,59.94,46.2,380.0,28.6,unstable
2026-05-22 03:00:00,3,0.96,82.9,150.5,55.1,59.95,43.8,307.2,11.2,stable
2026-05-22 04:00:00,4,0.91,89.9,159.9,61.3,59.9,78.2,367.7,25.2,unstable
2026-05-22 05:00:00,5,0.91,87.7,154.6,63.8,60.03,17.5,286.6,12.1,stable
2026-05-22 06:00:00,6,0.89,67.0,120.4,53.5,59.76,65.4,266.6,23.9,unstable
2026-05-22 07:00:00,7,0.84,118.8,196.5,74.8,59.82,68.9,379.1,25.9,unstable
2026-05-22 08:00:00,8,0.93,72.3,143.0,50.4,59.99,23.5,246.8,18.5,stable
2026-05-22 09:00:00,9,0.92,136.6,244.3,105.8,59.76,72.3,461.4,31.3,unstable
2026-05-22 10:00:00,10,0.95,137.5,263.8,112.3,59.73,62.2,458.6,32.9,unstable
2026-05-22 11:00:00,11,0.93,75.5,132.2,52.1,59.9,60.0,304.7,24.9,unstable
2026-05-22 12:00:00,12,0.89,65.5,121.3,51.2,59.94,69.5,298.3,29.4,unstable
2026-05-22 13:00:00,13,0.9,70.4,131.5,51.4,59.9,37.7,287.6,30.4,unstable
2026-05-22 14:00:00,14,1.02,65.1,139.1,59.6,60.03,47.7,274.1,21.0,stable
2026-05-22 15:00:00,15,0.87,127.0,231.8,88.4,59.91,64.2,406.9,27.1,unstable
2026-05-22 16:00:00,16,0.95,92.0,184.2,76.7,59.9,40.6,342.8,27.9,unstable
2026-05-22 17:00:00,17,0.95,80.7,157.6,65.0,59.78,81.9,340.5,32.7,unstable
2026-05-22 18:00:00,18,0.86,75.0,129.3,51.9,59.85,85.6,317.0,21.6,unstable
2026-05-22 19:00:00,19,0.95,118.3,228.6,92.6,59.82,72.0,458.1,20.6,unstable
2026-05-22 20:00:00,20,0.92,50.7,96.0,39.4,59.85,59.3,247.1,11.3,stable
2026-05-22 21:00:00,21,0.86,70.6,123.4,48.1,59.81,41.1,247.2,20.2,unstable
2026-05-22 22:00:00,22,0.86,79.0,145.4,52.2,59.81,75.4,340.2,20.7,unstable
2026-05-22 23:00:00,23,0.99,38.7,73.5,28.0,60.02,18.8,169.1,14.8,stable
2026-05-23 00:00:00,0,0.88,110.9,194.1,75.1,59.77,91.2,419.6,26.2,unstable
2026-05-23 01:00:00,1,0.96,87.8,172.1,60.5,59.81,90.6,380.6,32.1,unstable
2026-05-23 02:00:00,2,0.89,104.4,197.0,72.8,59.75,78.0,371.0,22.8,unstable
2026-05-23 03:00:00,3,1.01,87.1,186.4,68.3,60.03,20.0,322.6,25.7,stable
2026-05-23 04:00:00,4,0.96,32.6,62.7,26.8,60.04,41.4,163.2,14.1,stable
2026-05-23 05:00:00,5,0.96,108.2,216.1,93.3,59.89,49.2,390.8,25.0,unstable
2026-05-23 06:00:00,6,0.92,70.2,133.2,53.2,59.83,21.2,267.5,12.2,stable
2026-05-23 07:00:00,7,0.99,48.3,100.4,40.4,59.89,40.0,212.1,14.0,stable
2026-05-23 08:00:00,8,1.02,36.4,69.1,26.6,59.85,52.2,191.2,12.6,stable
2026-05-23 09:00:00,9,0.97,87.2,157.9,70.4,60.02,59.2,307.7,18.1,stable
2026-05-23 10:00:00,10,0.91,100.2,174.7,69.7,59.99,29.5,302.4,14.6,stable
2026-05-23 11:00:00,11,0.95,63.5,124.3,54.5,59.9,37.1,249.9,13.1,stable
2026-05-23 12:00:00,12,0.93,66.3,117.7,52.7,59.75,71.1,276.0,22.4,unstable
2026-05-23 13:00:00,13,0.93,66.7,130.8,47.9,60.0,13.9,248.9,22.0,stable
2026-05-23 14:00:00,14,0.93,65.1,129.4,49.7,59.88,46.8,277.4,25.6,unstable
2026-05-23 15:00:00,15,0.93,119.5,213.8,96.1,59.85,86.8,424.4,21.1,unstable
2026-05-23 16:00:00,16,0.99,45.5,86.0,35.8,59.97,20.8,187.2,21.0,stable
2026-05-23 17:00:00,17,0.87,103.1,184.5,82.2,59.94,67.9,359.9,32.3,unstable
2026-05-23 18:00:00,18,0.95,93.9,183.5,66.0,60.0,23.6,330.9,17.1,stable
2026-05-23 19:00:00,19,0.95,108.5,204.0,81.3,59.78,43.4,348.7,22.8,unstable
2026-05-23 20:00:00,20,0.91,64.2,118.3,47.7,59.99,36.2,230.4,14.1,stable
2026-05-23 21:00:00,21,0.84,64.1,105.2,40.4,59.73,49.1,221.3,28.5,unstable
2026-05-23 22:00:00,22,0.95,85.1,161.2,60.5,59.97,39.2,326.1,15.1,stable
2026-05-23 23:00:00,23,0.96,70.1,136.1,59.3,60.03,26.4,285.2,12.4,stable
2026-05-24 00:00:00,0,0.95,86.7,169.6,74.2,59.97,30.6,333.9,18.1,stable
2026-05-24 01:00:00,1,0.85,128.9,232.7,102.7,59.91,58.4,453.0,27.2,unstable
2026-05-24 02:00:00,2,0.93,133.6,252.6,108.0,59.73,45.2,453.5,28.3,unstable
2026-05-24 03:00:00,3,0.93,88.3,168.8,68.0,59.8,91.5,386.9,27.3,unstable
2026-05-24 04:00:00,4,0.98,63.4,122.4,48.5,60.04,45.3,284.7,23.0,stable
2026-05-24 05:00:00,5,0.88,63.1,106.9,46.2,59.83,86.5,273.4,23.0,unstable
2026-05-24 06:00:00,6,1.0,88.2,171.9,60.8,60.0,14.4,292.2,12.2,stable
2026-05-24 07:00:00,7,0.91,101.4,188.1,78.5,59.78,55.4,383.5,21.7,unstable
2026-05-24 08:00:00,8,0.99,32.4,61.5,23.7,59.97,15.5,127.9,23.2,stable
2026-05-24 09:00:00,9,0.94,98.5,190.6,73.6,59.77,45.3,368.8,28.5,unstable
2026-05-24 10:00:00,10,0.92,139.5,248.9,90.2,59.89,49.8,417.4,20.3,unstable
2026-05-24 11:00:00,11,0.89,78.5,147.4,65.3,59.93,90.4,360.9,30.3,unstable
2026-05-24 12:00:00,12,0.96,99.8,198.7,80.9,59.94,28.9,369.2,11.6,stable
2026-05-24 13:00:00,13,0.92,134.4,230.9,81.4,59.77,43.0,387.1,30.8,unstable
2026-05-24 14:00:00,14,0.92,97.5,166.6,64.2,59.74,48.2,330.6,31.0,unstable
2026-05-24 15:00:00,15,1.01,32.8,70.3,26.8,60.02,52.0,214.7,22.7,stable
2026-05-24 16:00:00,16,0.92,96.8,185.4,76.6,59.81,67.1,383.6,24.0,unstable
2026-05-24 17:00:00,17,0.96,78.6,141.1,56.8,59.87,78.3,323.9,21.4,unstable
2026-05-24 18:00:00,18,0.88,85.5,146.1,61.1,59.94,45.6,284.3,32.9,unstable
2026-05-24 19:00:00,19,0.95,61.3,125.2,45.1,60.03,39.2,271.3,25.2,stable
2026-05-24 20:00:00,20,0.91,94.7,174.0,64.2,59.8,45.7,331.0,27.0,unstable
2026-05-24 21:00:00,21,0.99,98.5,196.6,72.4,59.93,38.8,366.2,13.0,stable
2026-05-24 22:00:00,22,0.95,60.5,116.7,41.6,59.92,24.3,244.5,22.9,stable
2026-05-24 23:00:00,23,0.96,111.7,224.7,89.4,59.8,41.3,420.6,23.8,unstable
2026-05-25 00:00:00,0,1.02,62.9,122.6,53.5,60.04,38.3,264.0,23.5,stable
2026-05-25 01:00:00,1,0.91,51.9,91.8,40.9,59.99,50.3,241.2,18.6,stable
2026-05-25 02:00:00,2,0.95,75.1,138.0,60.9,59.97,44.4,284.5,11.6,stable
2026-05-25 03:00:00,3,0.93,81.7,161.4,65.3,60.04,48.8,329.5,17.0,stable
2026-05-25 04:00:00,4,0.92,77.1,150.4,67.4,59.92,77.6,333.2,19.4,unstable
2026-05-25 05:00:00,5,0.92,101.1,172.7,61.3,59.72,51.9,306.8,25.6,unstable
2026-05-25 06:00:00,6,0.97,77.8,158.8,66.1,59.88,54.2,300.8,15.2,stable
2026-05-25 07:00:00,7,0.9,85.7,151.5,54.5,59.89,91.1,326.1,28.6,unstable
2026-05-25 08:00:00,8,0.9,120.4,200.9,78.3,59.89,48.1,385.5,27.3,unstable
2026-05-25 09:00:00,9,0.94,111.0,194.0,79.6,59.94,45.0,379.7,24.3,unstable
2026-05-25 10:00:00,10,1.0,93.5,191.3,72.5,60.0,23.3,356.4,24.1,stable
2026-05-25 11:00:00,11,0.97,48.1,94.0,37.6,60.01,30.8,193.1,13.8,stable
2026-05-25 12:00:00,12,0.92,57.6,102.1,39.2,59.84,30.5,200.0,15.8,stable
2026-05-25 13:00:00,13,0.95,117.1,217.1,96.3,59.76,44.8,399.6,24.0,unstable
2026-05-25 14:00:00,14,0.98,100.3,190.3,73.0,59.86,27.3,315.2,11.7,stable
2026-05-25 15:00:00,15,0.95,28.5,55.3,23.3,59.96,59.1,166.3,13.6,stable
2026-05-25 16:00:00,16,0.85,76.3,131.2,46.5,59.77,74.1,314.8,24.9,unstable
2026-05-25 17:00:00,17,0.88,73.8,133.6,54.1,59.73,73.6,329.0,28.7,unstable
2026-05-25 18:00:00,18,0.96,35.6,68.5,25.4,59.88,37.4,193.3,15.7,stable
2026-05-25 19:00:00,19,0.94,95.2,186.6,69.6,60.01,59.8,367.2,16.1,stable
2026-05-25 20:00:00,20,0.99,93.4,186.8,81.5,59.87,31.0,367.6,14.2,stable
2026-05-25 21:00:00,21,0.91,33.9,59.9,21.6,59.86,15.1,160.7,16.7,stable
2026-05-25 22:00:00,22,1.0,59.6,121.2,48.4,59.91,25.9,257.4,17.6,stable
2026-05-25 23:00:00,23,0.96,100.8,200.9,71.8,59.88,46.8,342.9,20.6,stable
2026-05-26 00:00:00,0,0.85,75.4,126.3,45.1,59.81,84.0,305.0,27.1,unstable
2026-05-26 01:00:00,1,0.93,106.0,191.8,71.4,59.9,45.2,351.9,30.0,unstable
2026-05-26 02:00:00,2,0.94,32.1,57.6,22.0,60.02,14.2,120.6,21.5,stable
2026-05-26 03:00:00,3,0.87,118.5,212.5,89.1,59.89,89.5,455.3,29.1,unstable
2026-05-26 04:00:00,4,0.87,81.1,137.5,58.8,59.89,87.2,319.0,26.5,unstable
2026-05-26 05:00:00,5,1.02,36.7,79.2,29.2,59.97,23.2,156.7,18.7,stable
2026-05-26 06:00:00,6,0.9,66.3,125.4,54.0,59.92,48.7,287.3,28.7,unstable
2026-05-26 07:00:00,7,0.89,141.1,267.2,105.5,59.95,70.1,469.7,28.9,unstable
2026-05-26 08:00:00,8,1.02,89.9,174.2,78.1,59.98,31.1,328.1,12.4,stable
2026-05-26 09:00:00,9,0.96,129.1,251.9,113.3,59.83,67.2,454.1,20.4,unstable
2026-05-26 10:00:00,10,0.93,56.7,105.0,45.3,59.91,54.9,227.7,18.6,stable
2026-05-26 11:00:00,11,0.84,104.5,167.8,72.3,59.88,85.2,360.0,26.0,unstable
2026-05-26 12:00:00,12,0.94,66.0,123.3,45.8,59.87,12.5,202.1,11.5,stable
2026-05-26 13:00:00,13,0.9,73.7,135.7,52.8,59.8,68.9,284.3,28.9,unstable
2026-05-26 14:00:00,14,0.95,78.5,154.6,59.0,59.82,42.1,290.5,32.2,unstable
2026-05-26 15:00:00,15,0.93,82.9,147.4,64.9,59.94,29.8,288.2,11.6,stable
2026-05-26 16:00:00,16,0.97,98.0,193.4,80.7,60.03,34.1,353.1,15.8,stable
2026-05-26 17:00:00,17,0.93,80.9,160.3,66.1,59.9,22.3,316.3,17.6,stable
2026-05-26 18:00:00,18,0.99,39.0,83.1,31.3,59.95,36.0,181.9,14.8,stable
2026-05-26 19:00:00,19,0.97,38.0,69.5,27.6,59.83,50.6,180.3,18.3,stable
2026-05-26 20:00:00,20,0.96,66.7,123.2,48.2,59.8,90.4,324.9,30.1,unstable
2026-05-26 21:00:00,21,0.91,94.7,159.8,68.9,59.84,72.2,326.5,25.6,unstable
2026-05-26 22:00:00,22,0.91,95.5,177.8,76.9,59.88,77.5,396.6,20.8,unstable
2026-05-26 23:00:00,23,0.94,54.6,109.9,48.3,59.86,37.0,216.9,13.9,stable
2026-05-27 00:00:00,0,1.0,68.3,139.0,62.5,59.88,30.3,270.0,13.9,stable
2026-05-27 01:00:00,1,0.94,94.6,169.3,60.9,60.01,18.9,301.7,24.5,stable
2026-05-27 02:00:00,2,0.9,67.2,117.2,41.6,59.87,53.1,236.2,25.5,unstable
2026-05-27 03:00:00,3,1.01,47.2,92.9,40.4,59.86,42.6,221.2,25.3,stable
2026-05-27 04:00:00,4,0.92,62.0,114.7,49.4,60.03,57.6,277.8,17.9,stable
2026-05-27 05:00:00,5,0.96,101.0,203.5,84.5,60.0,10.5,358.6,19.8,stable
2026-05-27 06:00:00,6,1.0,102.3,190.9,71.4,59.98,53.2,363.4,23.2,stable
2026-05-27 07:00:00,7,0.94,52.0,103.9,40.3,59.85,48.6,231.3,24.2,stable
2026-05-27 08:00:00,8,0.88,91.3,154.7,54.6,59.87,38.1,291.0,25.1,unstable
2026-05-27 09:00:00,9,0.89,110.7,202.2,89.4,59.78,91.5,421.8,26.7,unstable
2026-05-27 10:00:00,10,0.87,114.0,186.1,81.9,59.81,37.3,372.7,30.9,unstable
2026-05-27 11:00:00,11,1.0,82.4,160.6,61.4,59.86,20.2,308.1,24.5,stable
2026-05-27 12:00:00,12,0.86,118.4,215.2,77.9,59.81,72.6,411.9,28.4,unstable
2026-05-27 13:00:00,13,0.98,29.3,56.2,20.3,59.92,13.0,130.8,12.8,stable
2026-05-27 14:00:00,14,0.94,93.8,176.6,79.4,59.92,65.1,348.1,32.3,unstable
2026-05-27 15:00:00,15,0.96,102.9,212.0,77.2,59.83,58.3,401.4,16.7,stable
2026-05-27 16:00:00,16,0.87,92.8,154.4,64.6,59.9,37.4,286.1,24.8,unstable
2026-05-27 17:00:00,17,0.94,50.9,95.2,36.5,59.91,42.2,238.1,12.5,stable
2026-05-27 18:00:00,18,0.94,70.0,132.4,59.4,59.75,48.1,261.7,20.4,unstable
2026-05-27 19:00:00,19,0.89,89.2,164.5,61.7,59.79,86.2,351.6,19.3,unstable
2026-05-27 20:00:00,20,0.87,72.0,119.1,50.5,59.73,53.4,257.5,30.5,unstable
2026-05-27 21:00:00,21,0.96,103.9,200.8,77.8,59.87,18.8,365.0,19.5,stable
2026-05-27 22:00:00,22,1.0,63.2,124.7,46.0,60.03,14.9,229.7,22.5,stable
2026-05-27 23:00:00,23,0.93,60.2,119.3,45.2,60.01,16.8,216.5,23.7,stable
2026-05-28 00:00:00,0,0.94,80.7,148.0,64.7,59.71,75.8,354.4,24.7,unstable
2026-05-28 01:00:00,1,0.94,84.7,147.6,62.1,60.02,17.7,284.2,20.2,stable
2026-05-28 02:00:00,2,0.93,41.8,72.6,26.8,59.96,57.3,209.9,21.1,stable
2026-05-28 03:00:00,3,0.93,115.0,228.7,94.4,59.78,46.7,392.4,26.6,unstable
2026-05-28 04:00:00,4,0.92,69.0,121.3,52.9,59.98,24.7,262.6,13.7,stable
2026-05-28 05:00:00,5,0.85,101.5,168.7,67.9,59.92,61.1,348.0,24.7,unstable
2026-05-28 06:00:00,6,0.95,108.7,194.5,71.7,59.79,53.5,379.8,29.5,unstable
2026-05-28 07:00:00,7,0.92,104.3,200.4,77.2,59.94,47.3,381.1,23.5,unstable
2026-05-28 08:00:00,8,0.97,52.4,96.1,36.3,59.99,35.8,220.8,21.3,stable
2026-05-28 09:00:00,9,0.96,65.1,122.1,47.6,60.0,54.1,277.1,22.0,stable
2026-05-28 10:00:00,10,0.93,37.1,64.5,26.8,59.94,24.0,180.3,21.3,stable
2026-05-28 11:00:00,11,0.93,99.3,196.6,72.8,59.99,14.6,350.6,17.2,stable
2026-05-28 12:00:00,12,0.92,53.1,97.2,38.7,59.92,24.1,184.4,19.1,stable
2026-05-28 13:00:00,13,0.96,91.5,187.0,79.7,60.0,25.9,318.0,11.1,stable
2026-05-28 14:00:00,14,0.91,68.5,131.6,54.6,59.84,14.8,224.2,25.5,stable
2026-05-28 15:00:00,15,0.88,76.3,143.9,63.8,59.83,68.8,324.8,25.1,unstable
2026-05-28 16:00:00,16,0.92,97.4,181.3,80.4,59.88,45.0,344.0,13.8,stable
2026-05-28 17:00:00,17,0.96,96.0,193.3,75.4,59.82,51.7,342.0,31.5,unstable
2026-05-28 18:00:00,18,0.86,94.1,150.5,58.7,59.74,42.4,279.8,32.4,unstable
2026-05-28 19:00:00,19,0.91,87.5,150.5,54.0,59.94,57.5,318.5,21.5,stable
2026-05-28 20:00:00,20,0.89,127.8,232.3,98.6,59.94,83.6,452.4,31.1,unstable
2026-05-28 21:00:00,21,0.94,49.7,91.3,37.3,59.95,15.6,192.1,19.5,stable
2026-05-28 22:00:00,22,0.92,90.5,166.4,72.6,59.92,25.8,317.5,17.7,stable
2026-05-28 23:00:00,23,0.95,122.5,231.5,98.1,59.91,62.6,456.2,29.6,unstable
2026-05-29 00:00:00,0,0.96,35.8,70.3,25.7,60.01,15.1,154.7,19.2,stable
2026-05-29 01:00:00,1,0.91,121.3,226.9,97.9,59.92,57.8,436.1,32.9,unstable
2026-05-29 02:00:00,2,1.0,56.2,115.1,44.2,59.94,44.1,244.9,19.9,stable
2026-05-29 03:00:00,3,1.01,37.1,69.2,25.8,59.99,22.3,177.2,11.4,stable
2026-05-29 04:00:00,4,0.95,82.4,146.4,54.9,59.95,57.6,281.4,24.7,stable
2026-05-29 05:00:00,5,0.99,93.7,171.8,62.0,59.89,32.6,301.5,26.0,stable
2026-05-29 06:00:00,6,0.94,122.2,240.6,107.1,59.72,39.9,428.3,22.5,unstable
2026-05-29 07:00:00,7,0.98,89.8,180.2,70.1,59.92,24.8,301.9,15.0,stable
2026-05-29 08:00:00,8,0.94,95.5,184.8,81.5,59.87,86.3,414.5,24.8,unstable
2026-05-29 09:00:00,9,0.99,77.8,146.9,52.0,59.92,22.9,271.2,17.5,stable
2026-05-29 10:00:00,10,0.91,63.4,107.5,43.2,59.87,43.3,255.0,13.6,stable
2026-05-29 11:00:00,11,0.88,73.3,137.9,52.2,59.87,50.0,284.5,26.5,unstable
2026-05-29 12:00:00,12,0.95,107.7,211.1,81.9,59.73,83.5,417.2,32.8,unstable
2026-05-29 13:00:00,13,0.91,127.7,247.9,109.6,59.89,59.9,472.7,29.0,unstable
2026-05-29 14:00:00,14,0.97,37.5,73.5,30.5,59.87,34.3,184.6,13.4,stable
2026-05-29 15:00:00,15,0.84,75.1,122.7,43.6,59.74,91.4,309.4,23.8,unstable
2026-05-29 16:00:00,16,0.93,89.6,165.0,63.5,60.02,21.5,310.9,18.3,stable
2026-05-29 17:00:00,17,0.89,100.0,167.3,68.9,59.81,84.4,349.2,22.1,unstable
2026-05-29 18:00:00,18,0.89,91.5,164.5,58.0,59.76,51.3,342.1,20.3,unstable
2026-05-29 19:00:00,19,0.93,85.0,151.3,68.0,59.9,78.2,318.5,30.7,unstable
2026-05-29 20:00:00,20,0.94,118.2,220.4,98.6,59.76,84.1,443.6,32.4,unstable
2026-05-29 21:00:00,21,0.9,99.2,179.5,79.9,59.87,68.2,372.7,24.8,unstable
2026-05-29 22:00:00,22,0.93,127.5,223.6,80.2,59.79,40.1,396.8,23.7,unstable
2026-05-29 23:00:00,23,0.95,86.3,171.1,70.9,59.83,76.6,347.0,27.7,unstable
2026-05-30 00:00:00,0,0.95,99.0,184.6,66.3,59.93,28.0,321.6,20.2,stable
2026-05-30 01:00:00,1,0.95,91.2,182.1,80.5,59.91,11.5,314.6,15.4,stable
2026-05-30 02:00:00,2,0.93,93.2,161.6,58.0,59.88,55.2,307.9,14.3,stable
2026-05-30 03:00:00,3,0.97,73.0,145.1,64.3,59.93,54.5,294.6,12.4,stable
2026-05-30 04:00:00,4,0.99,45.8,91.0,34.0,59.83,40.3,219.0,18.5,stable
2026-05-30 05:00:00,5,0.89,116.1,196.4,70.9,59.8,42.0,339.6,21.9,unstable
2026-05-30 06:00:00,6,0.99,64.6,121.9,50.8,59.97,12.6,250.9,25.4,stable
2026-05-30 07:00:00,7,0.93,30.3,58.4,20.5,59.9,40.6,180.4,20.2,stable
2026-05-30 08:00:00,8,0.92,77.2,133.5,57.1,59.9,34.8,253.2,12.7,stable
2026-05-30 09:00:00,9,0.94,110.8,212.1,94.8,59.86,63.4,401.4,27.0,unstable
2026-05-30 10:00:00,10,0.84,106.4,170.6,65.4,59.87,43.1,346.6,24.1,unstable
2026-05-30 11:00:00,11,0.91,28.8,56.0,23.7,59.88,45.7,171.4,18.0,stable
2026-05-30 12:00:00,12,0.99,68.8,129.7,48.3,59.88,37.8,249.8,17.8,stable
2026-05-30 13:00:00,13,0.95,117.5,240.4,93.4,59.87,68.5,457.9,28.7,unstable
2026-05-30 14:00:00,14,0.95,134.3,240.1,94.9,59.92,37.3,417.1,23.2,unstable
2026-05-30 15:00:00,15,0.93,130.5,246.8,101.3,59.77,46.8,418.9,24.1,unstable
2026-05-30 16:00:00,16,0.98,94.8,194.9,86.9,60.01,37.3,381.6,24.7,stable
2026-05-30 17:00:00,17,0.96,98.1,184.2,77.1,59.87,46.1,351.3,15.2,stable
2026-05-30 18:00:00,18,0.85,89.0,157.6,57.8,59.89,64.9,305.2,29.7,unstable
2026-05-30 19:00:00,19,0.99,56.6,111.8,40.0,59.86,53.5,238.3,25.2,stable
2026-05-30 20:00:00,20,0.87,109.1,192.3,78.8,59.83,43.7,384.2,31.5,unstable
2026-05-30 21:00:00,21,1.02,46.5,90.6,38.1,59.89,35.8,186.0,18.6,stable
2026-05-30 22:00:00,22,0.96,64.7,133.3,47.5,59.97,58.9,293.8,16.0,stable
2026-05-30 23:00:00,23,0.94,126.2,227.6,80.2,59.9,42.2,380.9,30.5,unstable
2026-05-31 00:00:00,0,0.93,71.9,136.0,57.0,59.76,72.5,313.6,32.8,unstable
2026-05-31 01:00:00,1,1.02,60.1,116.0,47.3,59.94,53.0,276.0,25.5,stable
2026-05-31 02:00:00,2,0.95,48.8,95.0,41.6,59.97,27.5,224.4,25.9,stable
2026-05-31 03:00:00,3,1.01,77.1,147.3,55.6,59.89,39.5,276.8,20.3,stable
2026-05-31 04:00:00,4,1.02,45.5,91.6,39.7,60.03,25.2,222.3,11.5,stable
2026-05-31 05:00:00,5,0.87,90.7,164.4,67.1,59.76,81.3,345.7,28.1,unstable
2026-05-31 06:00:00,6,0.84,129.9,225.8,80.1,59.9,79.3,410.4,20.0,unstable
2026-05-31 07:00:00,7,0.9,116.7,202.6,73.4,59.91,45.4,355.8,22.2,unstable
2026-05-31 08:00:00,8,0.93,64.2,123.6,49.6,60.01,26.1,219.8,17.2,stable
2026-05-31 09:00:00,9,0.91,30.2,55.1,19.7,60.03,48.5,155.3,19.0,stable
2026-05-31 10:00:00,10,1.01,55.2,108.0,38.4,59.94,13.0,212.7,21.2,stable
2026-05-31 11:00:00,11,0.84,118.2,192.2,69.0,59.74,40.5,359.7,31.1,unstable
2026-05-31 12:00:00,12,0.94,29.6,57.6,23.8,59.92,43.1,177.1,16.5,stable
2026-05-31 13:00:00,13,0.98,58.0,118.3,44.3,59.92,16.0,241.7,22.7,stable
2026-05-31 14:00:00,14,0.96,57.5,110.0,49.4,59.83,42.0,257.2,12.3,stable
2026-05-31 15:00:00,15,0.97,101.7,185.3,68.7,59.84,56.4,339.6,21.2,stable
2026-05-31 16:00:00,16,0.93,70.0,124.1,53.7,59.98,10.9,226.4,22.2,stable
2026-05-31 17:00:00,17,0.84,111.3,191.9,72.6,59.95,60.3,394.1,20.4,unstable
2026-05-31 18:00:00,18,0.99,36.1,67.2,30.0,60.03,24.0,144.2,14.8,stable
2026-05-31 19:00:00,19,1.0,29.4,58.7,23.2,59.91,10.3,141.5,14.1,stable
2026-05-31 20:00:00,20,0.95,89.6,177.0,78.5,59.86,26.6,347.9,15.3,stable
2026-05-31 21:00:00,21,0.9,138.9,264.8,118.3,59.73,48.8,486.8,21.8,unstable
2026-05-31 22:00:00,22,0.9,108.2,205.0,82.6,59.91,44.3,387.2,21.4,unstable
2026-05-31 23:00:00,23,0.9,89.0,151.9,65.1,59.94,74.1,353.3,21.4,unstable
2026-06-01 00:00:00,0,0.92,98.2,175.6,77.9,59.88,24.4,343.7,23.3,stable
2026-06-01 01:00:00,1,0.94,80.0,145.7,59.4,59.75,62.3,295.9,27.1,unstable
2026-06-01 02:00:00,2,0.91,117.5,212.3,74.5,59.83,72.7,411.1,31.6,unstable
2026-06-01 03:00:00,3,0.97,52.9,98.5,39.0,59.97,17.4,199.5,21.0,stable
2026-06-01 04:00:00,4,0.91,141.2,245.8,88.0,59.72,76.4,463.8,25.0,unstable
2026-06-01 05:00:00,5,0.86,109.8,200.3,74.5,59.8,73.9,400.6,28.0,unstable
2026-06-01 06:00:00,6,0.91,80.1,137.5,54.1,59.85,58.5,316.8,30.6,unstable
2026-06-01 07:00:00,7,0.99,43.7,90.0,32.0,60.0,20.9,179.0,22.4,stable
2026-06-01 08:00:00,8,0.94,136.1,263.1,102.4,59.81,91.8,480.7,29.9,unstable
2026-06-01 09:00:00,9,0.95,81.0,151.2,55.2,59.9,33.2,282.7,22.3,stable
2026-06-01 10:00:00,10,1.0,58.1,112.1,42.2,59.87,56.4,259.2,12.9,stable
2026-06-01 11:00:00,11,0.85,70.8,119.6,42.7,59.86,70.4,284.6,26.1,unstable
2026-06-01 12:00:00,12,0.89,110.9,189.3,79.1,59.85,37.8,355.0,20.8,unstable
2026-06-01 13:00:00,13,0.99,57.0,108.9,43.1,60.01,27.3,209.0,23.5,stable
2026-06-01 14:00:00,14,0.95,81.3,152.0,63.3,59.87,22.2,274.8,25.2,stable
2026-06-01 15:00:00,15,1.01,93.3,192.6,84.1,60.0,15.1,346.0,24.9,stable
2026-06-01 16:00:00,16,0.91,118.0,231.2,101.8,59.73,59.5,457.1,21.1,unstable
2026-06-01 17:00:00,17,0.99,36.2,74.1,32.8,59.97,55.0,209.6,24.2,stable
2026-06-01 18:00:00,18,0.96,113.7,225.6,93.1,59.82,57.5,422.0,27.9,unstable
2026-06-01 19:00:00,19,0.92,63.5,124.2,51.7,59.93,44.4,287.8,20.7,unstable
2026-06-01 20:00:00,20,0.96,40.4,75.2,29.1,60.0,29.1,157.3,18.0,stable
2026-06-01 21:00:00,21,0.88,77.4,137.2,56.4,59.9,56.1,313.0,19.9,unstable
2026-06-01 22:00:00,22,0.94,40.0,70.0,25.5,59.86,58.4,198.2,21.1,stable
2026-06-01 23:00:00,23,0.94,111.4,212.1,89.4,59.85,62.5,402.6,22.6,unstable
2026-06-02 00:00:00,0,1.01,70.0,130.6,54.5,59.86,27.4,237.6,21.5,stable
2026-06-02 01:00:00,1,0.93,133.7,256.2,97.9,59.86,65.6,441.6,26.4,unstable
2026-06-02 02:00:00,2,0.87,137.5,256.0,100.7,59.79,81.3,469.3,32.1,unstable
2026-06-02 03:00:00,3,1.01,66.9,133.0,51.2,59.93,16.7,265.3,17.3,stable
2026-06-02 04:00:00,4,0.96,137.7,252.3,104.8,59.71,67.1,488.4,28.8,unstable
2026-06-02 05:00:00,5,0.85,75.8,123.5,51.5,59.78,43.1,281.2,28.5,unstable
2026-06-02 06:00:00,6,0.92,58.3,114.1,48.4,59.95,27.2,216.4,15.8,stable
2026-06-02 07:00:00,7,0.88,140.3,249.5,99.3,59.94,54.6,434.0,23.9,unstable
2026-06-02 08:00:00,8,0.95,57.5,108.9,45.8,59.97,45.0,242.8,21.0,stable
2026-06-02 09:00:00,9,0.86,68.0,109.7,47.4,59.77,76.1,287.3,24.1,unstable
2026-06-02 10:00:00,10,0.87,99.2,173.8,77.6,59.75,85.7,388.9,21.6,unstable
2026-06-02 11:00:00,11,0.93,109.7,213.6,95.1,59.91,85.0,438.7,26.2,unstable
2026-06-02 12:00:00,12,0.98,91.4,186.4,78.3,59.99,11.4,331.7,22.0,stable
2026-06-02 13:00:00,13,0.89,136.8,255.3,108.6,59.91,49.6,464.4,27.1,unstable
2026-06-02 14:00:00,14,0.93,120.1,239.7,102.4,59.9,79.1,470.1,25.0,unstable
2026-06-02 15:00:00,15,1.01,71.4,139.4,55.9,60.0,36.4,280.6,15.9,stable
2026-06-02 16:00:00,16,0.95,104.6,211.2,80.6,59.84,61.0,404.9,19.8,unstable
2026-06-02 17:00:00,17,0.98,42.0,85.4,33.6,59.94,24.0,173.2,18.9,stable
2026-06-02 18:00:00,18,0.92,72.9,134.5,51.2,59.81,74.1,326.4,21.9,unstable
2026-06-02 19:00:00,19,0.89,88.2,147.7,61.0,59.94,72.5,347.0,23.4,unstable
2026-06-02 20:00:00,20,0.92,95.8,172.4,67.9,59.86,70.8,374.3,22.6,unstable
2026-06-02 21:00:00,21,0.92,83.0,151.4,58.0,59.76,72.7,347.6,29.7,unstable
2026-06-02 22:00:00,22,0.93,117.5,211.8,81.6,59.88,88.4,421.4,29.2,unstable
2026-06-02 23:00:00,23,0.95,118.3,227.4,96.1,59.73,77.2,435.8,30.8,unstable
2026-06-03 00:00:00,0,0.95,40.6,80.0,34.0,60.02,25.8,170.3,18.5,stable
2026-06-03 01:00:00,1,0.87,105.6,182.7,81.2,59.83,60.6,357.5,28.3,unstable
2026-06-03 02:00:00,2,0.98,59.7,116.4,45.2,59.89,28.3,218.9,13.6,stable
2026-06-03 03:00:00,3,0.89,73.4,139.2,49.9,59.74,72.6,287.6,28.9,unstable
2026-06-03 04:00:00,4,0.9,94.9,184.1,67.0,59.86,80.9,354.8,28.6,unstable
2026-06-03 05:00:00,5,0.84,87.0,140.2,51.2,59.93,67.4,294.8,23.5,unstable
2026-06-03 06:00:00,6,1.02,69.0,131.4,57.9,59.95,11.8,248.0,23.6,stable
2026-06-03 07:00:00,7,0.89,87.1,158.0,56.7,59.95,51.8,324.8,20.7,unstable
2026-06-03 08:00:00,8,1.02,71.0,151.2,61.0,59.85,14.9,290.7,19.6,stable
2026-06-03 09:00:00,9,0.94,28.6,57.1,22.3,59.96,29.8,161.9,14.6,stable
2026-06-03 10:00:00,10,1.0,50.3,101.8,35.6,59.98,44.3,214.6,19.2,stable
2026-06-03 11:00:00,11,0.94,42.4,80.3,35.5,59.92,16.9,169.0,14.1,stable
2026-06-03 12:00:00,12,0.91,134.9,246.3,105.5,59.8,57.8,457.8,25.9,unstable
2026-06-03 13:00:00,13,0.85,126.3,218.0,87.6,59.94,38.3,364.4,30.5,unstable
2026-06-03 14:00:00,14,0.93,29.2,52.1,19.6,59.98,49.8,149.5,11.3,stable
2026-06-03 15:00:00,15,0.87,108.8,187.2,67.8,59.95,68.2,381.3,22.1,unstable
2026-06-03 16:00:00,16,0.93,141.1,267.0,118.9,59.8,46.4,484.6,19.0,unstable
2026-06-03 17:00:00,17,0.91,63.5,121.8,51.2,59.93,46.2,288.8,30.4,unstable
2026-06-03 18:00:00,18,0.91,118.5,210.3,74.5,59.87,80.6,403.5,31.8,unstable
2026-06-03 19:00:00,19,0.93,44.9,86.5,33.3,60.0,10.5,187.7,18.6,stable
2026-06-03 20:00:00,20,0.86,119.1,205.5,79.1,59.73,58.2,380.3,31.8,unstable
2026-06-03 21:00:00,21,0.91,126.2,216.3,82.1,59.85,48.1,387.9,23.1,unstable
2026-06-03 22:00:00,22,0.98,53.1,100.6,41.1,59.99,17.2,195.9,14.9,stable
2026-06-03 23:00:00,23,1.02,82.3,179.0,66.2,59.9,42.9,345.0,13.9,stable
2026-06-04 00:00:00,0,0.88,131.3,228.4,81.2,59.82,44.7,408.7,19.8,unstable
2026-06-04 01:00:00,1,1.01,98.6,189.5,75.8,59.99,47.4,382.4,25.0,stable
2026-06-04 02:00:00,2,1.01,95.1,178.6,67.1,59.84,44.9,356.4,13.6,stable
2026-06-04 03:00:00,3,1.02,100.1,192.7,86.6,59.92,33.1,349.1,14.1,stable
2026-06-04 04:00:00,4,0.84,133.2,236.9,95.1,59.78,66.4,460.3,27.9,unstable
2026-06-04 05:00:00,5,0.96,120.3,227.5,86.8,59.73,73.3,412.3,21.7,unstable
2026-06-04 06:00:00,6,1.02,70.0,143.6,64.4,59.95,12.0,283.9,13.1,stable
2026-06-04 07:00:00,7,0.91,117.1,197.1,87.6,59.84,74.8,382.9,30.1,unstable
2026-06-04 08:00:00,8,0.95,68.0,121.8,47.8,59.83,49.6,255.7,27.1,unstable
2026-06-04 09:00:00,9,0.92,59.3,110.7,46.2,59.97,39.4,219.8,14.1,stable
2026-06-04 10:00:00,10,1.01,74.4,146.6,65.5,59.84,39.7,299.6,11.2,stable
2026-06-04 11:00:00,11,0.99,34.0,63.3,26.0,59.84,46.1,195.9,19.3,stable
2026-06-04 12:00:00,12,0.93,102.5,200.9,73.6,59.88,54.4,358.7,15.8,stable
2026-06-04 13:00:00,13,0.85,108.7,192.4,69.3,59.92,51.2,365.1,30.9,unstable
2026-06-04 14:00:00,14,0.99,41.0,86.2,32.6,59.98,25.8,165.7,23.7,stable
2026-06-04 15:00:00,15,0.95,54.7,105.0,37.6,59.9,30.8,242.0,16.7,stable
2026-06-04 16:00:00,16,1.02,78.8,150.8,57.6,60.01,21.1,274.6,11.7,stable
2026-06-04 17:00:00,17,0.96,81.5,156.8,59.2,59.94,19.0,301.8,25.0,stable
2026-06-04 18:00:00,18,0.96,85.6,176.3,71.7,59.95,17.7,319.8,24.0,stable
2026-06-04 19:00:00,19,0.95,80.4,153.3,55.3,60.04,31.2,299.6,21.2,stable
2026-06-04 20:00:00,20,1.0,69.5,147.0,64.2,59.86,48.3,291.8,25.8,stable
2026-06-04 21:00:00,21,0.93,36.5,63.8,23.9,59.87,52.9,189.3,12.6,stable
2026-06-04 22:00:00,22,0.96,40.8,76.9,31.5,59.94,23.3,165.9,13.0,stable
2026-06-04 23:00:00,23,1.02,29.4,58.8,22.9,59.86,49.5,197.0,13.9,stable
2026-06-05 00:00:00,0,0.91,43.4,82.9,31.6,59.83,25.9,179.3,18.3,stable
2026-06-05 01:00:00,1,0.84,74.0,123.5,54.8,59.94,52.8,256.2,20.8,unstable
2026-06-05 02:00:00,2,0.84,113.7,202.1,79.0,59.9,75.5,402.3,25.6,unstable
2026-06-05 03:00:00,3,0.97,52.4,103.1,37.3,59.87,14.6,206.5,17.5,stable
2026-06-05 04:00:00,4,0.95,96.8,180.5,75.3,59.88,44.6,349.1,12.6,stable
2026-06-05 05:00:00,5,0.97,52.7,100.8,43.3,60.0,45.4,221.8,25.9,stable
2026-06-05 06:00:00,6,0.96,80.2,156.4,57.7,59.72,63.6,301.2,24.6,unstable
2026-06-05 07:00:00,7,0.9,110.5,207.6,74.5,59.84,67.2,379.1,22.4,unstable
2026-06-05 08:00:00,8,0.94,53.2,107.3,41.4,59.93,35.3,235.3,16.2,stable
2026-06-05 09:00:00,9,0.98,71.8,131.5,57.7,59.95,34.8,273.3,23.1,stable
2026-06-05 10:00:00,10,0.91,37.3,69.4,28.6,60.01,46.1,172.2,17.2,stable
2026-06-05 11:00:00,11,0.94,84.8,162.0,61.5,59.95,14.1,305.2,18.7,stable
2026-06-05 12:00:00,12,0.93,69.7,120.1,48.9,59.85,28.8,247.7,13.9,stable
2026-06-05 13:00:00,13,0.91,140.3,245.1,89.6,59.94,85.9,462.8,30.3,unstable
2026-06-05 14:00:00,14,1.01,64.9,129.9,48.4,59.88,42.4,290.0,17.7,stable
2026-06-05 15:00:00,15,0.9,103.6,181.1,63.4,59.76,51.0,344.1,21.8,unstable
2026-06-05 16:00:00,16,0.95,66.4,117.0,43.0,59.72,85.7,306.9,20.8,unstable
2026-06-05 17:00:00,17,0.95,67.1,132.8,48.7,59.97,55.2,276.4,11.8,stable
2026-06-05 18:00:00,18,0.93,106.3,205.1,76.7,59.87,75.4,398.6,28.0,unstable
2026-06-05 19:00:00,19,0.89,117.6,214.7,83.0,59.88,76.0,440.9,23.3,unstable
2026-06-05 20:00:00,20,0.91,134.6,243.3,93.0,59.89,61.1,450.1,24.0,unstable
2026-06-05 21:00:00,21,0.92,97.1,188.5,83.0,59.95,15.0,332.2,18.4,stable
2026-06-05 22:00:00,22,0.85,72.8,128.2,55.7,59.85,45.2,254.4,29.8,unstable
2026-06-05 23:00:00,23,0.94,126.7,239.7,91.3,59.88,91.4,471.0,31.1,unstable
2026-06-06 00:00:00,0,0.95,35.1,66.4,29.0,59.99,49.0,168.7,11.5,stable
2026-06-06 01:00:00,1,0.92,92.1,176.2,64.9,60.02,56.7,333.0,24.1,stable
2026-06-06 02:00:00,2,0.91,80.9,140.0,58.7,59.9,44.1,291.5,25.8,unstable
2026-06-06 03:00:00,3,0.91,28.0,47.6,17.1,60.03,26.3,114.8,21.2,stable
2026-06-06 04:00:00,4,1.01,74.5,140.0,61.4,59.95,27.3,253.9,11.3,stable
2026-06-06 05:00:00,5,0.92,101.1,182.7,69.5,59.97,28.1,310.5,22.0,stable
2026-06-06 06:00:00,6,0.94,104.9,210.8,81.6,59.89,26.4,357.1,17.3,stable
2026-06-06 07:00:00,7,0.94,60.6,112.0,43.1,59.88,45.0,232.4,11.6,stable
2026-06-06 08:00:00,8,0.94,66.8,119.4,42.5,59.96,20.9,233.7,15.0,stable
2026-06-06 09:00:00,9,0.92,103.6,198.4,70.3,59.96,13.7,341.4,18.4,stable
2026-06-06 10:00:00,10,0.92,57.2,97.9,39.4,60.0,17.2,175.5,18.4,stable
2026-06-06 11:00:00,11,0.96,43.1,86.0,31.8,59.93,28.1,196.7,13.7,stable
2026-06-06 12:00:00,12,0.92,96.5,186.1,78.7,59.84,74.0,385.9,24.8,unstable
2026-06-06 13:00:00,13,1.0,33.3,67.2,27.9,59.94,38.3,185.7,16.3,stable
2026-06-06 14:00:00,14,0.99,42.8,87.7,31.8,59.85,41.5,190.6,17.1,stable
2026-06-06 15:00:00,15,0.97,59.4,107.8,43.9,59.89,11.7,226.6,11.6,stable
2026-06-06 16:00:00,16,0.84,130.6,208.0,75.0,59.88,44.6,380.0,24.4,unstable
2026-06-06 17:00:00,17,0.99,61.4,114.3,48.0,60.04,54.9,255.8,14.1,stable
2026-06-06 18:00:00,18,0.92,108.2,194.0,78.3,59.79,53.5,346.9,30.0,unstable
2026-06-06 19:00:00,19,0.98,44.6,88.0,33.2,59.87,23.1,199.0,19.6,stable
2026-06-06 20:00:00,20,0.91,73.7,128.3,45.7,59.92,39.3,261.8,11.3,stable
2026-06-06 21:00:00,21,0.92,53.4,99.4,42.6,59.9,51.0,254.5,13.9,stable
2026-06-06 22:00:00,22,0.94,85.1,149.3,62.6,60.0,45.2,324.3,12.0,stable
2026-06-06 23:00:00,23,1.0,51.5,106.1,47.2,59.94,43.9,235.6,21.7,stable
2026-06-07 00:00:00,0,0.95,118.1,236.3,90.5,59.75,85.0,471.5,23.3,unstable
2026-06-07 01:00:00,1,0.92,101.8,194.0,86.5,59.87,74.8,397.7,31.9,unstable
2026-06-07 02:00:00,2,0.94,32.2,59.4,26.2,60.04,27.9,151.9,15.5,stable
2026-06-07 03:00:00,3,0.96,68.2,128.8,48.4,60.01,25.6,237.3,17.7,stable
2026-06-07 04:00:00,4,0.88,93.5,161.3,63.9,59.86,76.2,329.7,32.8,unstable
2026-06-07 05:00:00,5,0.93,77.4,146.5,65.3,59.76,57.7,334.8,30.5,unstable
2026-06-07 06:00:00,6,0.84,104.2,165.4,58.7,59.81,65.4,351.9,20.9,unstable
2026-06-07 07:00:00,7,0.92,34.9,61.9,23.5,59.87,53.9,177.4,25.4,stable
2026-06-07 08:00:00,8,0.99,101.2,194.8,75.6,59.94,15.0,340.8,23.0,stable
2026-06-07 09:00:00,9,0.99,85.8,177.3,71.5,59.99,26.0,321.7,22.4,stable
2026-06-07 10:00:00,10,1.0,89.7,185.8,68.5,59.9,50.7,329.7,14.5,stable
2026-06-07 11:00:00,11,1.01,91.6,195.4,85.5,59.84,35.3,374.7,23.9,stable
2026-06-07 12:00:00,12,0.93,46.7,82.3,36.1,59.89,47.1,220.8,13.3,stable
2026-06-07 13:00:00,13,0.92,49.8,90.2,32.4,59.91,10.5,181.3,15.3,stable
2026-06-07 14:00:00,14,0.84,120.6,217.1,95.8,59.88,82.9,443.5,25.8,unstable
2026-06-07 15:00:00,15,0.84,107.6,193.1,84.1,59.88,88.6,433.5,27.3,unstable
2026-06-07 16:00:00,16,0.85,125.1,216.4,78.1,59.9,48.6,388.3,29.7,unstable
2026-06-07 17:00:00,17,0.97,30.2,58.4,22.4,60.0,46.4,179.5,25.2,stable
2026-06-07 18:00:00,18,0.93,40.0,79.1,30.9,59.91,34.8,193.2,19.1,stable
2026-06-07 19:00:00,19,0.94,86.3,162.9,62.8,59.97,26.5,285.6,13.5,stable
2026-06-07 20:00:00,20,0.97,43.0,86.9,33.8,60.01,57.0,222.0,22.9,stable
2026-06-07 21:00:00,21,1.0,34.0,69.0,25.4,60.01,55.2,210.5,25.1,stable
2026-06-07 22:00:00,22,1.0,34.7,74.2,28.2,60.0,40.4,173.1,18.2,stable
2026-06-07 23:00:00,23,0.92,51.1,93.1,41.7,59.97,38.4,199.8,20.2,stable
2026-06-08 00:00:00,0,0.89,95.2,167.5,64.3,59.86,42.3,316.5,32.3,unstable
2026-06-08 01:00:00,1,0.85,76.2,131.6,54.3,59.75,47.9,253.8,24.9,unstable
2026-06-08 02:00:00,2,1.0,55.7,117.2,42.9,60.03,43.2,239.6,13.5,stable
2026-06-08 03:00:00,3,0.91,71.1,136.9,56.0,59.84,60.2,301.7,31.9,unstable
2026-06-08 04:00:00,4,0.86,101.6,165.1,65.0,59.77,77.2,335.5,25.5,unstable
2026-06-08 05:00:00,5,0.92,81.4,152.0,54.0,59.93,21.4,276.8,12.1,stable
2026-06-08 06:00:00,6,0.94,99.5,178.3,75.1,59.93,33.6,339.6,25.9,stable
2026-06-08 07:00:00,7,0.92,38.2,74.3,28.2,59.89,56.7,185.4,17.4,stable
2026-06-08 08:00:00,8,0.91,93.4,175.5,74.3,59.91,87.3,370.9,22.4,unstable
2026-06-08 09:00:00,9,0.88,134.2,244.8,91.6,59.72,89.4,449.6,29.3,unstable
2026-06-08 10:00:00,10,0.97,88.0,178.7,70.7,59.97,30.5,341.2,13.2,stable
2026-06-08 11:00:00,11,0.86,121.8,210.0,85.0,59.75,68.6,395.6,24.7,unstable
2026-06-08 12:00:00,12,0.87,102.5,176.0,66.6,59.8,46.5,359.1,24.5,unstable
2026-06-08 13:00:00,13,0.92,129.3,249.1,93.4,59.75,87.3,456.8,24.6,unstable
2026-06-08 14:00:00,14,0.88,92.5,156.4,55.0,59.81,59.6,315.6,28.9,unstable
2026-06-08 15:00:00,15,0.84,103.3,165.6,58.3,59.74,49.9,316.1,31.3,unstable
2026-06-08 16:00:00,16,0.98,29.3,58.8,24.0,59.9,34.2,150.3,14.1,stable
2026-06-08 17:00:00,17,0.93,129.5,227.9,86.4,59.85,51.3,418.4,28.1,unstable
2026-06-08 18:00:00,18,0.94,80.2,151.5,62.9,60.0,27.4,286.6,24.1,stable
2026-06-08 19:00:00,19,0.95,65.9,122.1,45.0,59.78,85.4,306.2,30.6,unstable
2026-06-08 20:00:00,20,0.89,110.2,201.3,80.3,59.73,38.5,348.9,27.8,unstable
2026-06-08 21:00:00,21,0.88,113.7,205.6,81.1,59.82,37.1,360.9,29.0,unstable
2026-06-08 22:00:00,22,1.0,56.6,111.7,44.3,60.04,55.3,253.3,12.3,stable
2026-06-08 23:00:00,23,0.93,70.5,133.0,52.0,60.01,55.2,285.5,11.0,stable
2026-06-09 00:00:00,0,0.93,82.1,152.8,60.5,59.87,36.1,303.9,14.5,stable
2026-06-09 01:00:00,1,0.91,121.9,216.9,78.1,59.86,85.9,417.8,25.2,unstable
2026-06-09 02:00:00,2,0.94,96.0,189.8,83.1,59.9,51.3,357.5,20.7,unstable
2026-06-09 03:00:00,3,0.94,29.6,51.4,18.5,59.88,38.9,144.5,13.2,stable
2026-06-09 04:00:00,4,0.93,50.2,89.9,32.1,60.02,26.6,183.3,14.3,stable
2026-06-09 05:00:00,5,0.99,36.1,73.6,32.9,60.01,32.8,200.1,14.4,stable
2026-06-09 06:00:00,6,0.88,66.2,112.6,43.9,59.72,41.4,238.1,22.9,unstable
2026-06-09 07:00:00,7,0.92,76.2,148.0,56.7,59.86,38.6,281.6,13.3,stable
2026-06-09 08:00:00,8,0.88,93.7,159.6,67.0,59.84,51.3,315.3,31.7,unstable
2026-06-09 09:00:00,9,0.87,121.2,223.2,98.0,59.89,38.2,404.7,19.8,unstable
2026-06-09 10:00:00,10,0.94,114.6,200.5,82.0,59.74,63.2,393.5,29.4,unstable
2026-06-09 11:00:00,11,0.99,96.3,193.7,84.7,60.01,30.4,332.6,13.1,stable
2026-06-09 12:00:00,12,0.92,80.3,155.6,55.7,59.84,44.1,280.6,20.0,stable
2026-06-09 13:00:00,13,0.97,84.8,171.0,64.7,59.89,54.7,324.8,21.3,stable
2026-06-09 14:00:00,14,0.98,68.4,136.9,48.5,59.88,44.3,264.9,14.3,stable
2026-06-09 15:00:00,15,0.92,95.7,169.0,64.9,59.88,43.7,326.3,18.5,stable
2026-06-09 16:00:00,16,0.9,100.7,193.3,86.6,59.81,42.8,364.0,20.5,unstable
2026-06-09 17:00:00,17,0.98,50.8,101.2,44.8,59.85,25.7,231.2,19.9,stable
2026-06-09 18:00:00,18,1.01,53.6,111.6,43.4,60.0,20.8,238.2,19.6,stable
2026-06-09 19:00:00,19,0.97,92.9,190.2,80.5,59.93,11.2,322.7,12.9,stable
2026-06-09 20:00:00,20,0.95,76.8,154.7,57.0,59.96,19.2,259.5,15.3,stable
2026-06-09 21:00:00,21,0.85,70.9,125.6,51.4,59.92,70.9,287.3,23.8,unstable
2026-06-09 22:00:00,22,0.91,104.2,176.9,62.3,59.95,44.5,305.5,22.1,stable
2026-06-09 23:00:00,23,1.02,50.4,101.1,42.9,59.9,17.3,224.6,15.9,stable
2026-06-10 00:00:00,0,0.98,84.9,161.3,67.4,59.99,33.8,330.5,16.0,stable
2026-06-10 01:00:00,1,1.01,89.2,192.7,78.8,59.83,52.7,356.2,20.5,stable
2026-06-10 02:00:00,2,0.91,68.7,117.5,42.5,59.93,70.2,268.5,29.8,unstable
2026-06-10 03:00:00,3,0.86,73.3,130.1,52.4,59.76,70.6,320.8,28.6,unstable
2026-06-10 04:00:00,4,1.02,95.6,183.5,76.7,59.91,48.1,335.2,16.1,stable
2026-06-10 05:00:00,5,0.9,136.2,238.1,99.7,59.87,69.6,449.4,28.4,unstable
2026-06-10 06:00:00,6,0.95,61.3,113.7,45.2,59.93,50.6,264.8,25.3,stable
2026-06-10 07:00:00,7,0.96,56.4,103.6,36.7,59.85,37.5,232.2,17.3,stable
2026-06-10 08:00:00,8,1.02,92.8,176.0,74.1,59.97,22.8,341.3,20.3,stable
2026-06-10 09:00:00,9,0.97,100.7,188.4,82.5,60.0,20.8,316.6,22.9,stable
2026-06-10 10:00:00,10,0.93,75.5,135.3,58.8,59.75,67.6,322.0,30.7,unstable
2026-06-10 11:00:00,11,0.98,56.3,108.7,41.9,59.84,23.2,230.3,13.3,stable
2026-06-10 12:00:00,12,1.01,32.6,69.0,27.6,59.86,36.7,177.8,11.0,stable
2026-06-10 13:00:00,13,0.88,64.3,107.6,46.1,59.81,41.6,229.0,26.1,unstable
2026-06-10 14:00:00,14,0.87,65.8,110.7,47.6,59.8,44.8,265.2,23.5,unstable
2026-06-10 15:00:00,15,0.85,126.6,212.7,90.0,59.86,90.0,454.1,19.1,unstable
2026-06-10 16:00:00,16,0.92,68.9,131.8,55.9,59.78,63.9,313.7,21.2,unstable
2026-06-10 17:00:00,17,0.84,100.0,168.2,67.7,59.77,75.2,339.3,24.3,unstable
2026-06-10 18:00:00,18,0.96,81.2,160.2,57.5,60.0,15.6,292.9,18.3,stable
2026-06-10 19:00:00,19,0.9,108.1,184.0,75.1,59.94,60.3,364.1,19.1,unstable
2026-06-10 20:00:00,20,0.96,105.4,200.7,77.0,59.79,68.3,411.4,26.4,unstable
2026-06-10 21:00:00,21,0.9,68.3,126.4,54.0,59.87,80.0,324.1,26.2,unstable
2026-06-10 22:00:00,22,0.94,115.2,203.5,77.7,59.77,42.6,345.4,19.3,unstable
2026-06-10 23:00:00,23,0.94,31.5,58.4,21.2,59.98,20.8,170.2,17.1,stable
2026-06-11 00:00:00,0,0.93,132.4,240.0,84.2,59.76,58.3,428.4,31.6,unstable
2026-06-11 01:00:00,1,0.92,88.3,163.2,68.3,59.88,11.8,265.2,18.3,stable
2026-06-11 02:00:00,2,0.91,66.5,114.4,47.7,59.89,55.6,256.4,12.9,stable
2026-06-11 03:00:00,3,1.02,55.2,106.3,42.0,60.04,35.2,222.4,24.6,stable
2026-06-11 04:00:00,4,0.96,93.7,190.8,71.9,59.89,82.6,376.5,25.9,unstable
2026-06-11 05:00:00,5,0.91,74.6,137.8,60.5,59.78,91.7,356.8,31.6,unstable
2026-06-11 06:00:00,6,0.97,71.7,137.6,61.0,60.02,16.3,268.0,16.5,stable
2026-06-11 07:00:00,7,1.0,83.3,173.6,71.4,59.9,19.8,326.0,17.1,stable
2026-06-11 08:00:00,8,0.93,106.1,187.0,72.2,59.76,60.8,373.4,26.8,unstable
2026-06-11 09:00:00,9,0.97,100.7,191.2,77.5,59.94,56.7,350.2,16.4,stable
2026-06-11 10:00:00,10,0.87,113.4,207.7,90.8,59.76,58.1,419.8,21.4,unstable
2026-06-11 11:00:00,11,0.84,84.8,153.3,66.2,59.74,49.1,325.1,31.2,unstable
2026-06-11 12:00:00,12,1.0,74.3,150.1,57.5,60.03,17.7,290.9,13.5,stable
2026-06-11 13:00:00,13,0.99,66.4,128.7,57.6,59.83,31.6,271.4,21.6,stable
2026-06-11 14:00:00,14,1.02,43.2,87.2,31.4,60.04,50.5,220.3,13.4,stable
2026-06-11 15:00:00,15,0.92,111.9,206.8,82.5,59.87,53.2,411.9,30.7,unstable
2026-06-11 16:00:00,16,0.9,72.9,126.5,50.5,59.87,56.5,285.1,30.2,unstable
2026-06-11 17:00:00,17,0.99,58.3,112.2,50.1,60.01,45.3,270.9,22.0,stable
2026-06-11 18:00:00,18,0.92,97.1,183.4,68.3,59.88,84.5,376.6,28.7,unstable
2026-06-11 19:00:00,19,0.93,69.8,134.5,57.1,59.86,53.9,290.0,25.6,unstable
2026-06-11 20:00:00,20,0.87,124.7,223.3,99.7,59.77,46.9,439.9,25.5,unstable
2026-06-11 21:00:00,21,0.99,86.5,170.0,66.6,59.99,53.1,332.7,25.3,stable
2026-06-11 22:00:00,22,1.0,63.1,120.9,45.0,60.01,28.2,249.9,25.8,stable
2026-06-11 23:00:00,23,0.89,76.3,134.6,49.8,59.78,68.9,311.7,24.2,unstable
2026-06-12 00:00:00,0,0.88,97.3,183.2,80.7,59.77,62.5,376.9,26.4,unstable
2026-06-12 01:00:00,1,0.91,119.1,232.4,91.0,59.73,58.5,424.8,30.7,unstable
2026-06-12 02:00:00,2,0.93,61.3,109.1,39.8,60.02,18.3,215.4,22.4,stable
2026-06-12 03:00:00,3,0.97,36.9,76.9,27.3,59.97,33.8,172.9,16.4,stable
2026-06-12 04:00:00,4,1.02,33.9,72.4,25.8,60.0,38.1,166.1,17.0,stable
2026-06-12 05:00:00,5,0.86,127.8,231.1,84.1,59.88,75.7,424.0,25.2,unstable
2026-06-12 06:00:00,6,0.84,94.4,158.3,57.7,59.73,88.9,333.8,31.7,unstable
2026-06-12 07:00:00,7,0.86,116.2,208.8,89.3,59.73,69.0,411.7,23.1,unstable
2026-06-12 08:00:00,8,0.95,82.5,160.7,63.9,59.87,70.6,339.4,24.7,unstable
2026-06-12 09:00:00,9,0.98,33.0,62.5,25.9,59.85,25.3,143.4,17.5,stable
2026-06-12 10:00:00,10,1.0,78.1,165.4,67.9,59.86,58.1,341.0,13.9,stable
2026-06-12 11:00:00,11,0.93,120.0,215.8,78.6,59.82,81.5,403.9,26.3,unstable
2026-06-12 12:00:00,12,0.92,53.7,106.2,45.0,59.91,53.3,267.1,18.2,stable
2026-06-12 13:00:00,13,0.87,99.6,163.3,67.2,59.74,76.5,338.6,21.4,unstable
2026-06-12 14:00:00,14,0.84,105.8,172.1,74.0,59.87,72.6,374.7,22.9,unstable
2026-06-12 15:00:00,15,0.98,93.9,195.7,71.8,59.85,48.5,370.4,19.9,stable
2026-06-12 16:00:00,16,0.94,84.6,148.8,61.8,59.83,10.3,259.8,24.1,stable
2026-06-12 17:00:00,17,0.95,89.9,179.8,75.8,59.89,52.6,360.2,29.3,unstable
2026-06-12 18:00:00,18,0.95,103.9,206.2,87.5,59.89,65.1,421.6,27.0,unstable
2026-06-12 19:00:00,19,0.98,45.9,95.5,33.6,60.01,32.2,192.0,20.3,stable
2026-06-12 20:00:00,20,0.88,109.6,184.9,80.7,59.78,85.7,402.9,27.9,unstable
2026-06-12 21:00:00,21,0.88,121.4,223.9,85.2,59.9,68.7,436.4,21.0,unstable
2026-06-12 22:00:00,22,0.94,38.1,72.6,29.8,59.87,22.1,173.8,13.4,stable
2026-06-12 23:00:00,23,1.0,45.7,86.5,35.9,60.02,39.4,206.2,12.2,stable
2026-06-13 00:00:00,0,0.96,95.1,175.9,79.1,59.86,14.1,309.9,13.8,stable
2026-06-13 01:00:00,1,1.0,92.8,193.3,75.4,59.96,34.3,342.1,25.6,stable
2026-06-13 02:00:00,2,0.99,86.4,165.9,67.3,59.96,38.0,292.1,13.4,stable
2026-06-13 03:00:00,3,0.93,68.1,120.9,52.1,59.75,83.0,308.9,27.6,unstable
2026-06-13 04:00:00,4,0.88,129.0,241.1,84.8,59.75,65.0,414.3,26.8,unstable
2026-06-13 05:00:00,5,0.84,113.1,179.6,80.0,59.87,48.6,362.9,21.1,unstable
2026-06-13 06:00:00,6,0.94,34.9,67.0,27.4,59.92,59.9,199.6,22.3,stable
2026-06-13 07:00:00,7,0.86,68.5,126.0,55.6,59.84,41.1,243.2,26.9,unstable
2026-06-13 08:00:00,8,0.91,138.4,240.8,86.0,59.91,84.3,433.5,28.5,unstable
2026-06-13 09:00:00,9,0.91,82.9,151.2,66.6,59.99,14.0,296.8,24.6,stable
2026-06-13 10:00:00,10,0.88,124.2,210.1,88.0,59.74,64.7,432.3,32.0,unstable
2026-06-13 11:00:00,11,0.91,41.8,73.8,31.6,59.95,11.5,155.6,16.0,stable
2026-06-13 12:00:00,12,0.91,30.3,55.8,25.0,59.83,21.0,139.5,16.6,stable
2026-06-13 13:00:00,13,0.86,118.3,192.3,69.5,59.93,80.5,405.1,20.7,unstable
2026-06-13 14:00:00,14,0.92,106.0,181.4,81.5,59.83,47.7,332.0,27.9,unstable
2026-06-13 15:00:00,15,0.88,83.3,136.9,56.3,59.91,63.0,285.9,19.3,unstable
2026-06-13 16:00:00,16,1.0,38.3,79.7,28.8,60.01,32.8,186.4,25.2,stable
2026-06-13 17:00:00,17,0.96,66.2,118.2,43.7,60.01,15.3,241.8,13.2,stable
2026-06-13 18:00:00,18,0.99,57.8,115.1,45.8,59.96,20.8,251.5,24.9,stable
2026-06-13 19:00:00,19,0.95,81.4,152.3,53.3,59.92,42.2,292.8,32.7,unstable
2026-06-13 20:00:00,20,1.0,98.5,202.8,75.6,60.03,57.0,364.8,11.5,stable
2026-06-13 21:00:00,21,0.96,31.3,56.8,22.6,60.02,50.1,169.3,13.1,stable
2026-06-13 22:00:00,22,0.96,85.9,163.3,67.0,59.87,46.5,310.1,24.9,unstable
2026-06-13 23:00:00,23,0.92,76.0,141.8,58.8,59.95,20.3,265.8,23.4,stable
2026-06-14 00:00:00,0,0.99,46.4,98.4,38.5,59.91,13.6,215.4,13.5,stable
2026-06-14 01:00:00,1,0.89,70.2,133.4,58.0,59.94,69.7,323.9,31.9,unstable
2026-06-14 02:00:00,2,0.93,103.3,194.6,81.6,59.98,36.3,342.9,14.9,stable
2026-06-14 03:00:00,3,0.98,51.6,101.9,39.1,59.96,17.8,193.6,20.4,stable
2026-06-14 04:00:00,4,0.9,123.3,222.5,82.4,59.94,83.8,444.9,26.1,unstable
2026-06-14 05:00:00,5,0.93,71.6,128.5,48.4,59.81,46.5,289.9,30.4,unstable
2026-06-14 06:00:00,6,0.92,49.0,86.9,38.0,59.86,39.7,190.1,22.3,stable
2026-06-14 07:00:00,7,0.96,133.2,255.4,102.6,59.74,75.7,500.3,20.0,unstable
2026-06-14 08:00:00,8,0.89,113.5,217.8,82.1,59.74,48.6,375.6,20.1,unstable
2026-06-14 09:00:00,9,1.0,36.1,74.2,30.3,59.84,14.5,172.2,11.7,stable
2026-06-14 10:00:00,10,1.0,98.7,195.3,76.9,59.94,34.3,369.0,22.9,stable
2026-06-14 11:00:00,11,0.91,122.3,214.2,94.5,59.88,69.5,416.7,25.3,unstable
2026-06-14 12:00:00,12,0.91,54.6,92.4,34.0,59.88,43.6,202.9,15.8,stable
2026-06-14 13:00:00,13,0.86,95.6,163.3,72.3,59.89,59.3,329.9,32.5,unstable
2026-06-14 14:00:00,14,0.89,109.2,193.4,67.8,59.84,50.6,361.5,30.1,unstable
2026-06-14 15:00:00,15,0.94,90.2,179.7,69.3,59.84,58.8,374.9,12.1,stable
2026-06-14 16:00:00,16,1.01,30.2,57.6,22.8,60.0,13.3,161.5,18.9,stable
2026-06-14 17:00:00,17,0.9,112.8,213.5,92.1,59.8,47.7,412.7,22.6,unstable
2026-06-14 18:00:00,18,0.96,57.8,105.3,41.0,59.98,15.0,196.2,16.9,stable
2026-06-14 19:00:00,19,0.95,67.4,131.5,54.9,59.98,56.0,309.9,12.4,stable
2026-06-14 20:00:00,20,0.87,84.0,142.1,52.0,59.75,64.6,292.3,30.7,unstable
2026-06-14 21:00:00,21,0.96,87.4,154.5,63.3,59.92,50.6,334.2,31.7,unstable
2026-06-14 22:00:00,22,0.91,99.0,187.1,81.2,59.88,10.9,323.0,16.9,stable
2026-06-14 23:00:00,23,0.91,83.2,140.6,53.9,59.77,81.4,320.5,21.2,unstable
2026-06-15 00:00:00,0,1.0,76.2,149.6,61.6,59.97,43.3,277.8,15.1,stable
2026-06-15 01:00:00,1,0.89,101.4,191.0,74.1,59.84,76.5,387.9,25.6,unstable
2026-06-15 02:00:00,2,0.88,89.4,146.5,59.1,59.92,50.9,291.7,26.6,unstable
2026-06-15 03:00:00,3,0.94,98.2,191.1,70.4,59.87,68.8,365.3,29.7,unstable
2026-06-15 04:00:00,4,0.86,76.7,128.8,52.9,59.71,81.5,320.1,26.6,unstable
2026-06-15 05:00:00,5,0.9,110.2,195.0,80.6,59.73,56.6,380.9,25.1,unstable
2026-06-15 06:00:00,6,0.84,132.5,209.8,78.1,59.86,79.3,414.2,32.7,unstable
2026-06-15 07:00:00,7,0.84,85.7,138.3,50.2,59.81,51.5,266.2,32.3,unstable
2026-06-15 08:00:00,8,0.99,44.9,95.4,38.6,59.86,47.4,211.0,15.1,stable
2026-06-15 09:00:00,9,0.94,53.2,98.6,34.8,59.89,48.4,243.2,13.6,stable
2026-06-15 10:00:00,10,0.87,118.7,215.5,85.5,59.85,81.7,407.7,23.9,unstable
2026-06-15 11:00:00,11,0.97,100.2,205.3,77.7,59.96,38.0,366.1,11.1,stable
2026-06-15 12:00:00,12,0.87,96.9,165.3,67.3,59.87,71.5,363.0,30.5,unstable
2026-06-15 13:00:00,13,0.97,59.4,118.6,43.0,59.91,31.7,261.6,16.2,stable
2026-06-15 14:00:00,14,0.94,82.8,150.0,53.7,59.84,46.7,316.2,25.5,stable
2026-06-15 15:00:00,15,0.93,123.1,229.8,102.4,59.72,44.0,398.0,28.7,unstable
2026-06-15 16:00:00,16,0.84,109.9,185.2,72.2,59.92,66.4,359.7,20.8,unstable
2026-06-15 17:00:00,17,0.91,91.4,161.3,66.1,59.97,55.4,309.9,22.2,stable
2026-06-15 18:00:00,18,0.92,68.3,120.1,49.4,59.91,42.8,243.1,26.9,unstable
2026-06-15 19:00:00,19,0.91,117.1,224.5,87.0,59.92,82.0,456.2,22.7,unstable
2026-06-15 20:00:00,20,0.87,107.8,181.2,69.5,59.77,41.3,323.7,32.0,unstable
2026-06-15 21:00:00,21,0.93,127.0,228.9,101.0,59.85,39.3,394.6,32.0,unstable
2026-06-15 22:00:00,22,0.97,34.1,66.5,27.3,59.91,40.2,190.6,11.4,stable
2026-06-15 23:00:00,23,0.94,54.3,108.8,48.4,59.9,46.6,267.8,25.0,stable
2026-06-16 00:00:00,0,0.95,86.6,157.5,67.4,60.03,18.4,294.9,11.7,stable
2026-06-16 01:00:00,1,0.93,127.9,225.8,99.5,59.74,80.7,443.1,32.6,unstable
2026-06-16 02:00:00,2,0.9,141.6,244.4,95.3,59.86,70.0,454.9,32.0,unstable
2026-06-16 03:00:00,3,0.96,100.8,179.9,72.8,59.88,78.3,382.3,25.5,unstable
2026-06-16 04:00:00,4,0.91,35.6,62.1,26.4,59.94,17.4,151.7,20.2,stable
2026-06-16 05:00:00,5,0.9,131.2,239.8,107.3,59.71,37.7,447.6,19.1,unstable
2026-06-16 06:00:00,6,0.86,128.0,207.6,75.8,59.86,56.9,388.7,25.1,unstable
2026-06-16 07:00:00,7,0.86,98.1,179.8,63.4,59.77,39.5,334.2,26.0,unstable
2026-06-16 08:00:00,8,0.94,31.3,56.7,24.5,59.86,42.2,180.2,19.3,stable
2026-06-16 09:00:00,9,0.93,116.3,208.6,84.9,59.77,43.5,365.7,28.7,unstable
2026-06-16 10:00:00,10,0.91,42.2,82.5,35.3,59.86,12.1,192.9,22.2,stable
2026-06-16 11:00:00,11,0.85,140.3,225.9,82.5,59.84,73.3,419.8,24.2,unstable
2026-06-16 12:00:00,12,0.91,100.5,169.4,75.8,60.01,54.4,338.0,24.7,stable
2026-06-16 13:00:00,13,0.93,31.4,61.0,24.6,59.92,12.0,143.8,25.1,stable
2026-06-16 14:00:00,14,0.95,65.3,123.1,48.2,59.99,41.9,278.5,25.5,stable
2026-06-16 15:00:00,15,1.02,54.5,115.4,43.1,59.95,22.0,230.9,11.5,stable
2026-06-16 16:00:00,16,1.02,52.4,111.8,48.6,59.83,51.9,254.4,19.0,stable
2026-06-16 17:00:00,17,0.89,92.0,159.2,71.1,59.87,79.6,361.0,31.7,unstable
2026-06-16 18:00:00,18,0.92,52.7,102.1,40.0,59.88,25.1,235.4,13.6,stable
2026-06-16 19:00:00,19,0.92,104.5,205.1,76.6,59.94,38.3,374.4,11.0,stable
2026-06-16 20:00:00,20,0.94,99.5,181.1,65.2,59.89,55.6,329.7,18.7,stable
2026-06-16 21:00:00,21,0.94,63.0,120.3,50.8,59.84,47.3,256.6,24.4,stable
2026-06-16 22:00:00,22,0.93,96.5,183.1,75.8,59.88,66.9,385.1,31.9,unstable
2026-06-16 23:00:00,23,0.9,91.6,158.5,64.3,59.94,53.2,303.7,27.4,unstable
2026-06-17 00:00:00,0,0.98,57.5,112.3,42.1,59.92,22.3,235.8,16.0,stable
2026-06-17 01:00:00,1,0.94,28.0,48.7,18.8,59.85,39.8,175.4,14.2,stable
2026-06-17 02:00:00,2,1.01,33.6,65.8,26.0,59.86,10.6,142.1,25.3,stable
2026-06-17 03:00:00,3,0.94,104.7,197.3,84.9,59.94,32.2,347.7,19.3,stable
2026-06-17 04:00:00,4,0.93,135.2,236.0,99.8,59.81,72.4,462.6,26.9,unstable
2026-06-17 05:00:00,5,0.94,52.8,102.6,40.1,60.03,17.6,227.1,25.8,stable
2026-06-17 06:00:00,6,0.85,77.1,126.7,55.6,59.87,87.4,291.8,30.8,unstable
2026-06-17 07:00:00,7,1.02,55.4,113.0,46.3,60.01,19.1,200.1,14.2,stable
2026-06-17 08:00:00,8,0.94,76.4,150.5,55.6,59.82,89.5,336.7,22.7,unstable
2026-06-17 09:00:00,9,0.9,80.8,139.0,62.4,59.83,65.4,330.1,25.7,unstable
2026-06-17 10:00:00,10,0.99,71.7,141.6,55.2,59.86,51.1,278.4,11.6,stable
2026-06-17 11:00:00,11,0.96,86.7,169.7,74.6,59.88,70.3,362.4,22.5,unstable
2026-06-17 12:00:00,12,0.96,81.5,167.6,72.4,59.94,50.6,349.5,20.9,stable
2026-06-17 13:00:00,13,0.94,71.5,124.7,46.2,59.92,33.1,268.1,23.7,stable
2026-06-17 14:00:00,14,0.86,122.3,202.8,88.7,59.79,67.8,393.5,32.4,unstable
2026-06-17 15:00:00,15,0.9,93.4,177.1,68.8,59.73,56.6,371.6,21.2,unstable
2026-06-17 16:00:00,16,0.93,74.3,140.6,49.7,59.94,50.9,285.3,24.3,stable
2026-06-17 17:00:00,17,0.99,79.9,168.2,61.0,60.01,12.2,267.1,25.5,stable
2026-06-17 18:00:00,18,1.0,38.5,75.0,31.1,59.91,35.5,205.9,16.1,stable
2026-06-17 19:00:00,19,0.99,70.4,135.3,59.8,59.97,25.5,281.9,16.7,stable
2026-06-17 20:00:00,20,1.01,99.4,205.0,86.8,60.02,21.1,346.1,21.8,stable
2026-06-17 21:00:00,21,0.95,89.2,175.9,71.2,60.01,20.6,315.5,13.8,stable
2026-06-17 22:00:00,22,1.01,70.8,138.1,49.8,59.88,51.4,270.9,24.1,stable
2026-06-17 23:00:00,23,0.96,29.0,56.5,23.0,59.92,12.6,117.6,21.0,stable
2026-06-18 00:00:00,0,0.94,132.7,248.9,110.6,59.75,43.7,439.7,21.4,unstable
2026-06-18 01:00:00,1,0.98,47.1,94.6,42.2,59.86,56.5,219.3,13.8,stable
2026-06-18 02:00:00,2,0.86,72.4,128.4,56.8,59.76,72.7,285.3,29.4,unstable
2026-06-18 03:00:00,3,0.88,74.2,139.5,50.6,59.77,63.8,315.1,30.7,unstable
2026-06-18 04:00:00,4,0.95,104.2,197.9,77.1,59.85,42.8,350.1,25.7,stable
2026-06-18 05:00:00,5,0.94,67.5,128.8,49.8,59.83,28.9,247.5,14.9,stable
2026-06-18 06:00:00,6,0.91,79.9,138.3,56.4,59.74,76.4,301.9,23.4,unstable
2026-06-18 07:00:00,7,0.92,121.4,232.0,85.7,59.89,63.5,408.8,25.4,unstable
2026-06-18 08:00:00,8,0.95,47.8,90.1,36.8,59.98,26.2,178.5,24.5,stable
2026-06-18 09:00:00,9,0.84,141.1,249.8,102.3,59.81,85.1,475.6,27.9,unstable
2026-06-18 10:00:00,10,0.92,96.0,166.8,62.1,59.76,82.4,358.9,20.8,unstable
2026-06-18 11:00:00,11,0.9,103.0,185.3,78.6,59.78,52.3,371.2,32.7,unstable
2026-06-18 12:00:00,12,0.87,116.8,187.7,71.8,59.83,62.3,349.3,20.1,unstable
2026-06-18 13:00:00,13,0.93,82.8,146.1,55.1,59.91,50.8,292.9,18.2,stable
2026-06-18 14:00:00,14,0.88,135.2,255.1,106.1,59.74,38.6,437.6,25.2,unstable
2026-06-18 15:00:00,15,0.96,116.8,232.0,104.4,59.71,85.4,473.7,19.4,unstable
2026-06-18 16:00:00,16,0.95,122.2,221.9,79.4,59.84,69.3,396.0,19.5,unstable
2026-06-18 17:00:00,17,0.89,130.6,232.0,87.1,59.75,78.3,441.2,27.0,unstable
2026-06-18 18:00:00,18,1.0,82.6,157.8,63.8,59.85,47.1,313.9,19.4,stable
2026-06-18 19:00:00,19,0.89,77.4,133.7,50.1,59.74,42.4,256.7,22.4,unstable
2026-06-18 20:00:00,20,1.0,51.5,100.1,42.2,59.9,52.2,231.7,20.4,stable
2026-06-18 21:00:00,21,1.02,99.7,202.9,86.9,59.89,26.0,338.9,19.1,stable
2026-06-18 22:00:00,22,1.0,36.1,76.2,29.9,59.93,22.2,176.4,21.2,stable
2026-06-18 23:00:00,23,0.89,114.8,194.6,79.3,59.79,91.2,388.4,30.4,unstable
2026-06-19 00:00:00,0,0.86,116.6,191.4,73.9,59.79,64.5,366.3,32.1,unstable
2026-06-19 01:00:00,1,0.96,137.3,249.6,108.7,59.8,58.5,438.4,21.9,unstable
2026-06-19 02:00:00,2,0.96,75.5,151.4,59.4,59.88,16.6,273.4,12.1,stable
2026-06-19 03:00:00,3,0.84,103.0,181.0,65.4,59.8,79.1,348.7,26.0,unstable
2026-06-19 04:00:00,4,0.94,74.2,146.1,62.2,59.89,38.7,277.2,28.6,unstable
2026-06-19 05:00:00,5,1.0,68.6,146.3,64.6,59.88,25.7,278.9,14.4,stable
2026-06-19 06:00:00,6,0.93,76.3,133.3,54.3,59.77,58.0,266.4,26.4,unstable
2026-06-19 07:00:00,7,1.02,63.9,138.2,50.6,59.98,22.7,254.8,22.2,stable
2026-06-19 08:00:00,8,0.88,138.2,260.1,103.4,59.81,51.2,477.9,25.9,unstable
2026-06-19 09:00:00,9,0.96,140.4,261.6,102.9,59.76,46.7,443.6,25.2,unstable
2026-06-19 10:00:00,10,0.94,38.6,77.9,30.6,59.97,51.2,189.4,19.1,stable
2026-06-19 11:00:00,11,0.93,124.5,246.8,89.0,59.87,41.0,401.6,27.1,unstable
2026-06-19 12:00:00,12,0.94,70.0,135.5,51.0,59.97,59.3,278.9,24.3,stable
2026-06-19 13:00:00,13,0.98,62.6,116.0,49.7,60.0,15.2,235.8,16.0,stable
2026-06-19 14:00:00,14,0.92,118.1,228.9,89.8,59.92,65.1,446.5,23.4,unstable
2026-06-19 15:00:00,15,1.0,85.7,159.8,59.0,60.04,11.7,253.6,14.1,stable
2026-06-19 16:00:00,16,0.91,97.2,169.4,68.3,59.93,47.4,321.0,25.2,stable
2026-06-19 17:00:00,17,0.91,81.4,149.3,56.3,59.72,75.8,321.6,29.8,unstable
2026-06-19 18:00:00,18,0.96,68.2,125.5,55.7,59.92,46.2,285.1,27.1,unstable
2026-06-19 19:00:00,19,0.84,96.5,152.7,63.7,59.9,72.3,331.3,23.0,unstable
2026-06-19 20:00:00,20,0.85,120.3,195.5,75.0,59.85,52.6,380.4,29.3,unstable
2026-06-19 21:00:00,21,0.94,31.3,55.2,20.6,59.86,51.9,170.1,12.1,stable
2026-06-19 22:00:00,22,0.93,35.0,62.5,24.2,59.94,33.2,178.0,13.7,stable
2026-06-19 23:00:00,23,0.95,49.6,101.4,42.0,59.85,35.3,216.1,24.0,stable
2026-06-20 00:00:00,0,0.95,46.8,87.4,36.0,59.96,23.3,206.1,12.1,stable
2026-06-20 01:00:00,1,1.02,66.0,130.4,46.5,59.85,36.1,248.7,23.1,stable
2026-06-20 02:00:00,2,1.01,95.5,200.0,74.4,59.91,11.6,316.0,15.7,stable
2026-06-20 03:00:00,3,0.98,38.4,79.4,29.8,60.04,27.8,174.7,15.7,stable
2026-06-20 04:00:00,4,0.94,68.4,121.8,44.3,59.77,60.9,291.8,24.5,unstable
2026-06-20 05:00:00,5,0.85,138.3,248.3,96.3,59.77,41.7,420.9,30.4,unstable
2026-06-20 06:00:00,6,0.99,92.0,172.0,69.0,59.99,23.4,315.0,21.3,stable
2026-06-20 07:00:00,7,0.84,96.2,168.7,62.0,59.76,85.8,341.8,26.4,unstable
2026-06-20 08:00:00,8,0.88,132.6,215.0,76.0,59.84,60.4,375.6,26.3,unstable
2026-06-20 09:00:00,9,0.96,73.6,144.9,61.8,59.87,37.2,278.2,12.3,stable
2026-06-20 10:00:00,10,0.93,98.2,179.7,67.4,59.99,32.1,299.2,14.7,stable
2026-06-20 11:00:00,11,0.91,83.6,155.9,69.1,59.87,43.3,291.9,12.1,stable
2026-06-20 12:00:00,12,0.93,80.9,160.7,68.6,59.87,46.0,343.5,30.0,unstable
2026-06-20 13:00:00,13,1.02,98.0,190.1,67.1,59.97,18.1,321.2,23.2,stable
2026-06-20 14:00:00,14,0.84,115.7,191.3,71.8,59.95,86.6,378.9,33.0,unstable
2026-06-20 15:00:00,15,0.98,57.8,106.0,46.3,59.93,18.4,193.1,17.6,stable
2026-06-20 16:00:00,16,0.85,87.7,158.0,69.7,59.9,43.2,303.4,26.4,unstable
2026-06-20 17:00:00,17,0.91,66.5,128.6,45.1,59.86,21.4,226.7,23.0,stable
2026-06-20 18:00:00,18,0.91,133.5,252.7,93.6,59.93,72.0,486.6,22.6,unstable
2026-06-20 19:00:00,19,0.91,95.2,180.5,73.9,59.73,71.9,358.9,28.7,unstable
2026-06-20 20:00:00,20,1.0,91.6,177.7,73.0,59.86,58.6,346.4,20.6,stable
2026-06-20 21:00:00,21,0.97,75.6,142.3,53.7,60.03,20.7,256.3,21.9,stable
2026-06-20 22:00:00,22,0.96,124.1,240.9,94.5,59.84,51.2,455.2,29.5,unstable
2026-06-20 23:00:00,23,0.92,86.8,160.7,70.7,59.71,85.9,361.6,29.6,unstable
2026-06-21 00:00:00,0,0.95,52.6,94.1,33.9,59.96,29.3,179.5,25.5,stable
2026-06-21 01:00:00,1,0.89,106.4,202.1,83.3,59.73,69.1,380.1,29.5,unstable
2026-06-21 02:00:00,2,0.94,75.8,143.3,58.5,59.87,50.9,283.3,29.5,unstable
2026-06-21 03:00:00,3,1.0,84.7,168.6,62.9,60.02,38.8,334.4,21.1,stable
2026-06-21 04:00:00,4,0.98,103.8,199.6,88.6,60.04,39.3,361.9,11.5,stable
2026-06-21 05:00:00,5,0.92,67.7,126.1,47.0,59.95,22.8,235.1,25.2,stable
2026-06-21 06:00:00,6,0.94,40.8,72.1,27.4,60.01,23.2,192.7,13.2,stable
2026-06-21 07:00:00,7,0.86,111.9,178.9,74.3,59.78,78.0,382.6,29.5,unstable
2026-06-21 08:00:00,8,0.95,54.5,102.6,38.1,60.0,21.5,212.6,15.7,stable
2026-06-21 09:00:00,9,0.98,89.4,177.2,75.0,59.92,47.4,331.9,16.5,stable
2026-06-21 10:00:00,10,0.85,69.8,124.9,48.2,59.95,46.3,277.8,25.7,unstable
2026-06-21 11:00:00,11,0.98,29.1,60.9,26.1,60.01,56.5,207.4,23.4,stable
2026-06-21 12:00:00,12,0.88,71.6,117.1,50.1,59.79,77.1,309.6,20.9,unstable
2026-06-21 13:00:00,13,1.0,96.4,182.0,78.4,59.96,34.8,347.3,25.8,stable
2026-06-21 14:00:00,14,0.99,94.4,173.8,63.1,60.01,18.8,288.9,14.0,stable
2026-06-21 15:00:00,15,0.96,65.5,131.2,55.9,59.99,37.8,260.2,12.7,stable
2026-06-21 16:00:00,16,0.86,122.0,200.4,71.1,59.91,70.5,364.3,22.3,unstable
2026-06-21 17:00:00,17,0.85,91.3,158.5,65.8,59.84,61.5,318.8,27.3,unstable
2026-06-21 18:00:00,18,1.02,29.3,55.5,19.5,59.9,55.0,190.7,24.9,stable
2026-06-21 19:00:00,19,0.95,131.0,267.7,99.9,59.76,40.8,435.0,22.6,unstable
2026-06-21 20:00:00,20,0.92,52.9,102.8,41.5,59.85,41.8,225.8,21.7,stable
2026-06-21 21:00:00,21,0.95,134.5,255.4,105.5,59.88,90.0,479.2,23.2,unstable
2026-06-21 22:00:00,22,0.95,108.1,194.0,79.8,59.84,67.5,384.8,29.6,unstable
2026-06-21 23:00:00,23,0.97,55.2,108.1,41.7,60.03,58.3,247.0,24.1,stable
2026-06-22 00:00:00,0,0.97,77.0,140.8,50.6,59.91,46.7,269.7,11.3,stable
2026-06-22 01:00:00,1,0.94,64.4,118.2,52.7,59.79,63.6,259.6,33.0,unstable
2026-06-22 02:00:00,2,0.93,123.4,235.7,96.8,59.83,84.5,480.1,22.5,unstable
2026-06-22 03:00:00,3,0.84,138.8,227.1,96.9,59.85,37.8,398.0,22.4,unstable
2026-06-22 04:00:00,4,0.92,76.5,137.4,49.6,59.72,59.4,284.5,24.0,unstable
2026-06-22 05:00:00,5,0.95,40.6,75.5,29.1,59.95,13.5,182.0,24.2,stable
2026-06-22 06:00:00,6,1.0,36.1,69.1,29.8,59.97,57.9,197.3,24.6,stable
2026-06-22 07:00:00,7,0.92,37.7,69.3,28.9,59.94,36.8,198.9,14.7,stable
2026-06-22 08:00:00,8,0.95,129.7,252.7,101.3,59.8,65.2,454.8,31.1,unstable
2026-06-22 09:00:00,9,1.0,40.8,79.1,34.9,59.91,49.0,189.2,25.8,stable
2026-06-22 10:00:00,10,0.99,51.5,108.8,46.4,59.9,42.2,244.4,19.9,stable
2026-06-22 11:00:00,11,0.98,92.8,183.4,72.8,60.01,56.0,356.6,12.0,stable
2026-06-22 12:00:00,12,0.94,99.6,192.5,69.6,59.79,48.0,339.5,22.5,unstable
2026-06-22 13:00:00,13,0.91,94.5,168.1,74.6,59.86,52.3,316.2,16.2,stable
2026-06-22 14:00:00,14,0.98,101.3,202.9,90.7,60.0,27.8,385.9,17.6,stable
2026-06-22 15:00:00,15,1.01,57.0,117.2,51.4,59.85,10.7,230.9,13.7,stable
2026-06-22 16:00:00,16,0.92,63.0,117.0,45.9,59.97,42.6,253.4,15.9,stable
2026-06-22 17:00:00,17,0.89,121.2,219.1,83.6,59.8,75.9,437.7,31.7,unstable
2026-06-22 18:00:00,18,0.86,73.5,131.5,56.4,59.89,46.8,269.4,29.6,unstable
2026-06-22 19:00:00,19,0.99,82.6,168.9,70.8,60.01,39.0,314.3,12.6,stable
2026-06-22 20:00:00,20,0.97,56.3,113.8,42.9,59.95,15.8,192.6,14.3,stable
2026-06-22 21:00:00,21,0.93,99.4,198.1,86.4,59.97,40.0,372.4,23.0,stable
2026-06-22 22:00:00,22,0.9,130.4,233.3,88.9,59.91,83.5,426.0,27.4,unstable
2026-06-22 23:00:00,23,0.94,92.9,161.4,71.6,59.9,12.6,288.4,24.9,stable
2026-06-23 00:00:00,0,0.92,97.6,173.1,74.8,59.93,75.0,357.7,32.7,unstable
2026-06-23 01:00:00,1,0.87,63.4,112.7,46.6,59.82,53.7,262.2,25.2,unstable
2026-06-23 02:00:00,2,0.96,80.1,142.3,53.7,59.8,67.5,324.8,29.5,unstable
2026-06-23 03:00:00,3,0.95,34.9,62.3,23.1,60.03,40.8,177.6,16.1,stable
2026-06-23 04:00:00,4,0.91,125.8,228.3,88.9,59.94,56.0,441.7,20.9,unstable
2026-06-23 05:00:00,5,0.95,98.1,183.5,72.4,59.86,49.7,370.7,18.7,stable
2026-06-23 06:00:00,6,0.94,135.7,236.1,95.8,59.71,64.5,428.7,22.2,unstable
2026-06-23 07:00:00,7,0.94,66.9,124.8,51.0,59.85,38.2,260.4,17.8,stable
2026-06-23 08:00:00,8,0.86,117.8,211.8,81.0,59.74,66.1,407.3,25.0,unstable
2026-06-23 09:00:00,9,0.93,126.4,247.7,95.3,59.88,85.6,465.8,29.6,unstable
2026-06-23 10:00:00,10,1.01,56.2,108.2,44.8,59.95,53.3,228.4,15.9,stable
2026-06-23 11:00:00,11,0.94,136.6,275.5,111.1,59.78,89.6,524.6,30.4,unstable
2026-06-23 12:00:00,12,0.96,75.3,148.9,63.2,59.92,42.9,308.8,22.3,stable
2026-06-23 13:00:00,13,0.85,65.4,114.4,51.1,59.9,91.6,307.7,30.6,unstable
2026-06-23 14:00:00,14,0.91,92.2,167.4,66.6,59.78,62.3,331.4,29.8,unstable
2026-06-23 15:00:00,15,0.93,86.3,157.6,65.2,59.88,27.1,310.6,11.8,stable
2026-06-23 16:00:00,16,0.99,51.0,101.7,42.5,59.92,16.5,192.5,20.4,stable
2026-06-23 17:00:00,17,0.87,76.5,134.6,48.0,59.9,70.5,281.8,19.7,unstable
2026-06-23 18:00:00,18,0.88,128.3,229.3,96.0,59.79,49.4,409.5,20.2,unstable
2026-06-23 19:00:00,19,1.0,68.5,146.5,55.7,59.9,17.3,253.5,11.4,stable
2026-06-23 20:00:00,20,0.99,81.8,151.9,59.4,59.95,45.5,291.6,22.5,stable
2026-06-23 21:00:00,21,0.89,77.1,138.7,60.6,59.86,53.8,312.6,27.9,unstable
2026-06-23 22:00:00,22,0.98,94.3,184.1,69.5,59.98,52.0,369.5,21.8,stable
2026-06-23 23:00:00,23,1.01,52.2,111.3,42.1,59.86,31.2,238.9,23.6,stable
2026-06-24 00:00:00,0,0.89,123.5,220.3,91.4,59.83,86.1,434.1,23.7,unstable
2026-06-24 01:00:00,1,1.01,67.1,139.3,49.9,59.89,21.5,274.3,18.7,stable
2026-06-24 02:00:00,2,1.02,92.0,183.8,80.6,59.84,49.6,359.9,13.0,stable
2026-06-24 03:00:00,3,0.95,100.4,184.5,75.0,59.73,72.9,387.8,27.5,unstable
2026-06-24 04:00:00,4,0.99,92.1,168.9,65.5,59.88,32.5,295.9,25.8,stable
2026-06-24 05:00:00,5,0.93,95.9,189.3,73.1,59.98,20.5,324.6,13.4,stable
2026-06-24 06:00:00,6,0.89,115.6,200.1,80.1,59.77,64.4,377.6,30.0,unstable
2026-06-24 07:00:00,7,0.97,49.0,95.2,36.5,59.87,14.1,214.1,11.4,stable
2026-06-24 08:00:00,8,0.94,80.7,154.3,64.8,59.79,90.3,379.0,30.2,unstable
2026-06-24 09:00:00,9,0.92,79.3,137.0,60.9,59.84,42.9,288.3,22.2,stable
2026-06-24 10:00:00,10,0.91,71.3,138.0,51.4,60.03,38.2,294.1,25.2,stable
2026-06-24 11:00:00,11,0.91,59.8,103.8,45.0,59.88,39.1,250.2,21.5,stable
2026-06-24 12:00:00,12,1.02,45.1,86.6,38.8,60.0,49.9,196.5,25.3,stable
2026-06-24 13:00:00,13,1.0,84.6,173.8,69.4,60.0,36.5,329.5,20.8,stable
2026-06-24 14:00:00,14,0.94,28.7,53.9,20.0,59.94,44.4,139.4,13.9,stable
2026-06-24 15:00:00,15,0.89,79.5,149.9,63.5,59.81,89.1,331.0,19.0,unstable
2026-06-24 16:00:00,16,0.96,73.1,147.2,65.0,59.86,62.2,298.5,25.6,unstable
2026-06-24 17:00:00,17,0.87,107.2,193.6,73.3,59.95,85.4,417.8,25.0,unstable
2026-06-24 18:00:00,18,0.94,117.8,218.4,88.5,59.77,59.3,393.8,19.4,unstable
2026-06-24 19:00:00,19,0.9,97.8,166.8,72.5,59.79,62.3,329.8,21.0,unstable
2026-06-24 20:00:00,20,0.96,33.1,58.5,22.0,60.03,51.5,172.5,18.4,stable
2026-06-24 21:00:00,21,0.88,91.5,168.6,60.4,59.93,60.0,344.2,29.7,unstable
2026-06-24 22:00:00,22,0.85,66.6,111.5,45.5,59.77,56.8,270.4,22.6,unstable
2026-06-24 23:00:00,23,0.99,95.3,181.0,72.4,60.01,53.0,344.4,13.3,stable
2026-06-25 00:00:00,0,0.87,90.4,162.9,63.8,59.94,60.0,311.9,19.1,unstable
2026-06-25 01:00:00,1,1.0,101.8,194.2,81.5,59.98,30.4,326.8,21.8,stable
2026-06-25 02:00:00,2,0.89,99.5,166.5,61.3,59.71,65.8,344.3,27.7,unstable
2026-06-25 03:00:00,3,0.91,88.4,156.5,69.1,59.94,13.5,268.3,17.2,stable
2026-06-25 04:00:00,4,0.95,105.0,209.6,86.6,59.79,38.8,358.1,32.8,unstable
2026-06-25 05:00:00,5,0.91,112.2,196.6,80.2,59.78,69.9,405.5,30.7,unstable
2026-06-25 06:00:00,6,0.94,121.0,223.6,80.1,59.74,88.9,444.6,23.6,unstable
2026-06-25 07:00:00,7,0.91,91.9,166.0,72.6,59.99,55.4,333.9,19.2,stable
2026-06-25 08:00:00,8,0.98,34.7,67.7,29.3,59.91,11.1,148.8,17.4,stable
2026-06-25 09:00:00,9,0.9,70.2,116.5,43.3,59.77,43.2,262.4,23.5,unstable
2026-06-25 10:00:00,10,0.85,112.2,193.8,78.3,59.94,40.3,335.8,19.9,unstable
2026-06-25 11:00:00,11,0.96,97.8,184.2,81.5,59.85,50.8,338.8,20.9,unstable
2026-06-25 12:00:00,12,0.93,31.5,60.0,24.3,59.92,39.2,163.4,18.3,stable
2026-06-25 13:00:00,13,0.91,36.8,63.2,28.0,59.94,31.8,187.4,22.9,stable
2026-06-25 14:00:00,14,0.84,132.6,235.4,93.5,59.9,46.6,435.4,31.8,unstable
2026-06-25 15:00:00,15,0.91,75.6,139.0,60.7,59.79,78.1,308.8,19.0,unstable
2026-06-25 16:00:00,16,0.91,130.0,227.1,80.4,59.77,57.2,393.4,27.1,unstable
2026-06-25 17:00:00,17,0.9,66.5,124.6,51.4,59.85,42.0,243.2,25.8,unstable
2026-06-25 18:00:00,18,1.02,75.4,153.3,68.4,59.9,34.6,286.3,25.1,stable
2026-06-25 19:00:00,19,0.94,120.8,231.0,91.4,59.9,84.3,450.1,28.8,unstable
2026-06-25 20:00:00,20,0.92,74.7,127.0,45.8,59.81,42.9,257.9,31.9,unstable
2026-06-25 21:00:00,21,0.89,73.3,122.5,51.1,59.74,81.0,305.0,29.6,unstable
2026-06-25 22:00:00,22,0.96,79.1,150.1,64.0,59.89,28.6,286.4,14.3,stable
2026-06-25 23:00:00,23,0.94,97.2,171.2,71.8,59.92,57.6,359.7,27.6,unstable
2026-06-26 00:00:00,0,0.86,113.3,191.1,70.2,59.72,51.8,358.6,25.5,unstable
2026-06-26 01:00:00,1,0.92,80.0,152.5,55.2,59.77,81.8,320.7,28.8,unstable
2026-06-26 02:00:00,2,1.01,92.1,196.7,70.0,60.02,12.2,319.6,23.3,stable
2026-06-26 03:00:00,3,0.93,96.2,179.1,70.0,59.94,53.3,355.8,25.1,stable
2026-06-26 04:00:00,4,0.84,85.2,152.5,57.2,59.88,39.7,291.8,19.3,unstable
2026-06-26 05:00:00,5,0.96,70.5,142.7,54.1,59.85,14.4,265.1,12.4,stable
2026-06-26 06:00:00,6,0.93,33.3,59.5,24.8,59.94,27.4,134.3,18.8,stable
2026-06-26 07:00:00,7,0.93,132.1,237.2,105.3,59.81,71.8,464.6,32.4,unstable
2026-06-26 08:00:00,8,1.01,94.4,189.7,69.2,59.95,37.1,343.6,20.0,stable
2026-06-26 09:00:00,9,1.0,77.5,148.6,52.1,59.99,27.4,281.7,13.5,stable
2026-06-26 10:00:00,10,0.94,53.9,97.4,37.4,59.85,24.6,224.7,17.8,stable
2026-06-26 11:00:00,11,0.94,89.7,155.7,55.6,59.86,82.0,350.8,27.3,unstable
2026-06-26 12:00:00,12,0.89,75.4,135.1,51.3,59.74,80.9,333.9,30.6,unstable
2026-06-26 13:00:00,13,1.0,62.7,129.7,53.9,59.83,53.5,264.8,16.1,stable
2026-06-26 14:00:00,14,0.92,104.3,192.6,80.4,59.98,57.9,387.3,23.0,stable
2026-06-26 15:00:00,15,0.85,63.5,103.8,40.4,59.85,87.0,293.8,25.9,unstable
2026-06-26 16:00:00,16,0.92,72.5,127.7,51.5,59.99,39.3,254.5,22.7,stable
2026-06-26 17:00:00,17,0.85,111.6,191.9,84.5,59.74,42.8,370.5,27.0,unstable
2026-06-26 18:00:00,18,0.91,30.0,55.5,21.1,59.98,46.5,151.1,16.8,stable
2026-06-26 19:00:00,19,1.01,98.9,214.3,78.2,59.87,17.0,351.2,22.0,stable
2026-06-26 20:00:00,20,0.89,115.2,205.4,81.1,59.89,90.3,442.7,21.6,unstable
2026-06-26 21:00:00,21,0.96,112.4,218.7,91.0,59.83,56.8,418.9,30.9,unstable
2026-06-26 22:00:00,22,0.84,85.9,141.9,58.1,59.9,83.7,336.0,27.5,unstable
2026-06-26 23:00:00,23,1.0,100.7,193.7,68.3,59.86,30.5,341.2,23.9,stable
2026-06-27 00:00:00,0,0.96,66.7,130.1,52.1,59.74,39.5,259.1,22.0,unstable
2026-06-27 01:00:00,1,0.87,121.9,225.8,99.0,59.75,79.9,449.6,29.9,unstable
2026-06-27 02:00:00,2,0.95,86.3,173.2,65.5,59.86,68.0,374.4,32.9,unstable
2026-06-27 03:00:00,3,0.93,96.0,173.9,72.6,60.02,12.0,324.1,21.0,stable
2026-06-27 04:00:00,4,0.89,140.0,233.2,89.5,59.93,40.4,421.3,31.9,unstable
2026-06-27 05:00:00,5,0.99,38.2,71.1,30.8,59.84,56.8,210.8,12.2,stable
2026-06-27 06:00:00,6,0.86,141.1,233.1,101.0,59.92,39.7,411.1,26.8,unstable
2026-06-27 07:00:00,7,0.97,94.1,178.7,65.7,59.94,33.5,320.7,23.7,stable
2026-06-27 08:00:00,8,0.9,107.6,185.1,67.2,59.9,85.9,401.6,26.2,unstable
2026-06-27 09:00:00,9,0.85,96.5,164.4,64.0,59.73,66.3,353.5,19.3,unstable
2026-06-27 10:00:00,10,0.99,44.6,86.2,38.1,59.93,52.4,245.5,16.1,stable
2026-06-27 11:00:00,11,1.02,82.2,178.1,66.6,60.01,24.7,313.8,25.3,stable
2026-06-27 12:00:00,12,0.96,82.4,160.7,63.0,59.85,53.1,321.8,32.7,unstable
2026-06-27 13:00:00,13,0.84,103.4,163.6,72.7,59.85,56.8,327.7,26.9,unstable
2026-06-27 14:00:00,14,0.86,77.1,127.7,50.2,59.73,59.9,304.3,29.3,unstable
2026-06-27 15:00:00,15,0.94,77.1,153.4,54.5,59.75,62.1,319.8,22.3,unstable
2026-06-27 16:00:00,16,0.91,64.1,113.9,45.4,59.98,46.2,238.5,23.4,stable
2026-06-27 17:00:00,17,0.84,97.8,158.2,55.6,59.94,37.7,290.2,19.1,unstable
2026-06-27 18:00:00,18,0.84,134.6,210.2,89.9,59.87,59.5,382.8,30.7,unstable
2026-06-27 19:00:00,19,1.01,91.2,188.3,74.2,60.0,38.1,320.9,15.0,stable
2026-06-27 20:00:00,20,0.92,112.1,204.0,91.1,59.71,72.9,432.2,21.2,unstable
2026-06-27 21:00:00,21,0.88,65.8,123.8,53.4,59.74,53.4,268.1,32.2,unstable
2026-06-27 22:00:00,22,0.91,96.5,183.7,73.5,59.87,75.0,391.8,29.5,unstable
2026-06-27 23:00:00,23,0.92,84.4,167.3,65.5,59.77,42.0,341.2,21.7,unstable
2026-06-28 00:00:00,0,0.86,90.6,163.4,64.3,59.84,72.4,348.7,24.9,unstable
2026-06-28 01:00:00,1,0.93,94.4,186.5,67.7,59.87,52.2,366.4,27.6,unstable
2026-06-28 02:00:00,2,0.97,74.7,139.1,58.4,60.03,51.5,315.1,18.7,stable
2026-06-28 03:00:00,3,0.93,67.8,120.8,51.5,59.9,38.6,267.4,13.9,stable
2026-06-28 04:00:00,4,1.02,94.2,185.0,69.7,59.89,43.3,353.3,25.4,stable
2026-06-28 05:00:00,5,1.0,57.8,120.5,50.3,59.98,45.9,239.1,23.0,stable
2026-06-28 06:00:00,6,0.96,74.8,135.1,51.0,60.03,40.4,279.4,25.9,stable
2026-06-28 07:00:00,7,0.88,108.8,179.3,72.7,59.92,42.7,323.3,23.4,unstable
2026-06-28 08:00:00,8,0.97,51.2,99.9,44.0,59.84,40.8,222.3,16.0,stable
2026-06-28 09:00:00,9,0.94,69.2,138.7,51.7,59.79,47.0,285.0,32.3,unstable
2026-06-28 10:00:00,10,0.92,66.9,116.3,50.4,59.75,82.4,307.1,23.6,unstable
2026-06-28 11:00:00,11,1.01,37.9,72.0,29.1,59.93,13.1,134.9,15.8,stable
2026-06-28 12:00:00,12,0.86,116.3,214.4,90.4,59.8,56.3,406.8,23.8,unstable
2026-06-28 13:00:00,13,0.98,34.2,62.5,23.7,59.84,42.5,155.2,16.5,stable
2026-06-28 14:00:00,14,0.93,76.2,140.3,55.7,59.86,36.1,291.0,19.6,stable
2026-06-28 15:00:00,15,0.89,78.0,128.4,48.4,59.94,53.2,252.2,21.7,unstable
2026-06-28 16:00:00,16,0.88,122.5,231.8,96.9,59.71,80.8,466.6,24.8,unstable
2026-06-28 17:00:00,17,0.94,81.7,149.7,59.5,59.94,74.8,308.8,29.5,unstable
2026-06-28 18:00:00,18,0.84,112.4,182.7,65.0,59.84,87.4,399.4,26.6,unstable
2026-06-28 19:00:00,19,0.93,101.6,196.9,79.0,59.71,54.9,367.5,19.4,unstable
2026-06-28 20:00:00,20,0.96,100.7,202.3,74.1,59.83,22.8,342.8,23.5,stable
2026-06-28 21:00:00,21,0.88,81.7,144.8,60.5,59.89,43.4,306.7,26.1,unstable
2026-06-28 22:00:00,22,1.01,71.9,143.4,63.9,59.88,28.0,293.8,25.4,stable
2026-06-28 23:00:00,23,0.96,68.5,138.0,59.4,59.92,24.7,263.7,24.6,stable
2026-06-29 00:00:00,0,0.92,131.8,247.2,103.6,59.8,79.9,479.1,21.0,unstable
2026-06-29 01:00:00,1,0.93,87.1,163.1,72.4,59.88,10.9,316.3,22.7,stable
2026-06-29 02:00:00,2,0.95,43.7,87.3,32.8,59.93,15.0,176.1,19.7,stable
2026-06-29 03:00:00,3,1.01,46.2,96.0,39.7,59.86,55.9,230.8,11.6,stable
2026-06-29 04:00:00,4,0.95,81.3,155.5,68.8,59.75,65.2,355.3,24.7,unstable
2026-06-29 05:00:00,5,0.87,136.3,249.1,100.0,59.75,58.9,434.0,25.3,unstable
2026-06-29 06:00:00,6,0.92,114.0,216.4,94.8,59.88,43.6,377.0,23.3,unstable
2026-06-29 07:00:00,7,0.92,75.3,141.0,55.7,59.84,67.2,325.2,32.6,unstable
2026-06-29 08:00:00,8,0.89,102.9,170.7,75.4,59.84,87.7,364.6,23.1,unstable
2026-06-29 09:00:00,9,0.9,105.3,203.8,88.0,59.94,61.6,381.9,27.2,unstable
2026-06-29 10:00:00,10,1.01,78.6,163.8,59.3,59.98,32.0,288.0,20.6,stable
2026-06-29 11:00:00,11,0.94,98.6,197.8,70.8,59.87,82.4,396.4,29.0,unstable
2026-06-29 12:00:00,12,0.93,60.3,112.0,44.0,59.9,49.7,237.1,18.4,stable
2026-06-29 13:00:00,13,0.94,39.5,80.0,30.9,59.95,31.7,170.2,24.6,stable
2026-06-29 14:00:00,14,0.88,102.2,172.7,74.0,59.86,79.3,388.3,28.8,unstable
2026-06-29 15:00:00,15,1.02,73.8,150.6,58.1,59.99,55.3,328.1,20.0,stable
2026-06-29 16:00:00,16,0.9,106.8,184.6,80.4,59.84,72.9,390.7,26.1,unstable
2026-06-29 17:00:00,17,0.94,83.0,144.1,59.0,59.96,29.2,282.9,23.2,stable
2026-06-29 18:00:00,18,0.98,80.7,154.4,61.3,59.87,26.8,293.6,17.8,stable
2026-06-29 19:00:00,19,0.96,65.6,124.7,50.7,59.9,44.4,254.5,16.2,stable
2026-06-29 20:00:00,20,0.85,66.8,111.9,42.2,59.79,69.1,274.7,21.5,unstable
2026-06-29 21:00:00,21,0.98,79.5,146.5,52.7,59.94,11.5,243.8,12.8,stable
2026-06-29 22:00:00,22,0.92,93.8,181.4,78.1,60.03,58.6,383.2,11.6,stable
2026-06-29 23:00:00,23,1.0,33.8,63.2,22.8,59.84,15.9,168.4,24.7,stable
2026-06-30 00:00:00,0,0.95,66.2,134.8,59.0,59.9,38.2,267.6,26.5,unstable
2026-06-30 01:00:00,1,0.89,89.9,158.3,56.6,59.89,45.1,319.5,29.5,unstable
2026-06-30 02:00:00,2,0.96,66.9,131.2,54.6,59.97,42.4,278.8,24.0,stable
2026-06-30 03:00:00,3,0.93,81.4,156.5,54.9,59.9,31.3,296.6,17.1,stable
2026-06-30 04:00:00,4,0.88,76.7,134.3,56.0,59.79,55.4,288.3,24.5,unstable
2026-06-30 05:00:00,5,0.98,49.3,102.5,36.7,59.87,14.0,201.9,25.2,stable
2026-06-30 06:00:00,6,0.99,46.6,96.5,38.9,59.93,24.0,185.4,22.0,stable
2026-06-30 07:00:00,7,1.01,32.4,63.0,22.6,59.86,36.8,190.1,15.3,stable
2026-06-30 08:00:00,8,0.92,80.6,150.2,65.3,60.01,26.3,285.3,24.1,stable
2026-06-30 09:00:00,9,0.94,71.7,127.7,44.8,59.91,57.4,292.4,20.0,stable
2026-06-30 10:00:00,10,0.88,137.7,237.3,101.1,59.9,78.1,481.8,21.4,unstable
2026-06-30 11:00:00,11,0.97,31.6,65.4,22.9,60.0,24.3,148.0,16.6,stable
2026-06-30 12:00:00,12,0.94,84.2,169.3,62.7,59.88,47.3,344.9,18.1,stable
2026-06-30 13:00:00,13,0.95,38.3,68.2,23.9,60.0,16.5,148.1,24.9,stable
2026-06-30 14:00:00,14,0.95,101.1,183.7,69.8,59.93,60.4,338.9,26.5,unstable
2026-06-30 15:00:00,15,0.91,121.4,235.0,104.5,59.93,76.8,482.8,23.3,unstable
2026-06-30 16:00:00,16,0.91,86.3,151.0,60.2,59.86,91.6,338.9,23.1,unstable
2026-06-30 17:00:00,17,0.96,76.2,151.8,60.3,59.92,14.1,294.0,22.4,stable
2026-06-30 18:00:00,18,0.99,79.3,162.2,72.4,60.02,31.6,309.7,11.4,stable
2026-06-30 19:00:00,19,0.9,63.1,114.5,41.5,59.88,85.8,295.4,31.4,unstable
2026-06-30 20:00:00,20,0.9,109.5,206.3,92.8,59.73,54.5,386.4,30.6,unstable
2026-06-30 21:00:00,21,0.89,77.1,128.2,50.6,59.73,69.9,295.1,27.3,unstable
2026-06-30 22:00:00,22,0.95,83.1,166.5,62.9,59.75,45.6,331.2,20.6,unstable
2026-06-30 23:00:00,23,0.92,129.7,236.4,91.0,59.93,40.8,421.8,30.8,unstable
2026-07-01 00:00:00,0,0.92,43.7,80.6,28.7,59.99,29.0,183.7,24.1,stable
2026-07-01 01:00:00,1,0.97,62.3,124.8,53.5,59.87,56.2,259.0,20.9,stable
2026-07-01 02:00:00,2,0.95,43.6,80.5,30.5,59.86,49.1,182.5,13.4,stable
2026-07-01 03:00:00,3,0.93,71.9,138.7,51.7,59.72,76.6,327.3,27.3,unstable
2026-07-01 04:00:00,4,0.91,79.2,136.0,55.7,59.73,79.5,318.6,22.1,unstable
2026-07-01 05:00:00,5,0.98,66.0,131.6,49.6,59.94,56.2,300.9,19.0,stable
2026-07-01 06:00:00,6,0.91,110.7,186.5,72.8,59.8,56.8,377.7,29.0,unstable
2026-07-01 07:00:00,7,0.84,140.1,239.3,89.8,59.83,40.5,410.1,20.0,unstable
2026-07-01 08:00:00,8,0.93,66.8,123.9,50.6,59.98,55.2,287.0,25.6,stable
2026-07-01 09:00:00,9,0.86,97.2,170.5,62.6,59.94,37.1,291.7,30.7,unstable
2026-07-01 10:00:00,10,0.96,87.6,171.2,65.7,59.93,83.0,365.7,25.2,unstable
2026-07-01 11:00:00,11,0.84,86.0,152.0,56.8,59.74,90.7,341.6,32.5,unstable
2026-07-01 12:00:00,12,0.89,105.2,191.7,73.8,59.72,41.0,358.9,30.2,unstable
2026-07-01 13:00:00,13,0.87,126.0,209.2,79.2,59.79,48.6,368.8,26.9,unstable
2026-07-01 14:00:00,14,0.97,44.9,82.0,30.7,59.98,10.5,158.4,21.2,stable
2026-07-01 15:00:00,15,0.98,74.0,139.6,58.3,59.87,45.4,293.9,16.8,stable
2026-07-01 16:00:00,16,0.92,122.5,227.3,90.5,59.83,47.5,404.6,22.6,unstable
2026-07-01 17:00:00,17,0.97,39.8,72.0,26.9,59.98,46.4,166.7,17.9,stable
2026-07-01 18:00:00,18,0.88,131.6,241.6,91.0,59.95,82.4,463.0,26.0,unstable
2026-07-01 19:00:00,19,0.86,107.1,195.2,71.5,59.73,42.4,352.7,29.1,unstable
2026-07-01 20:00:00,20,0.94,96.4,194.1,86.5,60.02,15.2,336.9,11.4,stable
2026-07-01 21:00:00,21,0.92,137.0,242.7,102.0,59.78,80.7,459.9,28.1,unstable
2026-07-01 22:00:00,22,0.9,123.3,220.5,87.5,59.83,84.6,428.9,24.0,unstable
2026-07-01 23:00:00,23,0.97,78.1,148.2,57.0,60.02,20.6,266.2,13.5,stable
2026-07-02 00:00:00,0,0.96,114.6,214.1,83.1,59.74,37.7,379.9,24.7,unstable
2026-07-02 01:00:00,1,0.98,93.0,170.0,75.8,59.96,54.3,367.5,22.1,stable
2026-07-02 02:00:00,2,0.97,86.2,170.0,62.8,59.88,53.9,324.6,21.0,stable
2026-07-02 03:00:00,3,0.91,87.0,165.4,60.3,59.96,26.7,291.0,12.1,stable
2026-07-02 04:00:00,4,1.0,68.8,139.4,56.9,60.01,33.8,271.8,23.7,stable
2026-07-02 05:00:00,5,0.9,90.1,155.9,60.1,59.8,91.7,357.2,23.7,unstable
2026-07-02 06:00:00,6,1.0,94.1,187.0,72.7,60.01,56.0,354.8,14.5,stable
2026-07-02 07:00:00,7,0.95,57.4,114.5,47.0,59.96,25.6,255.7,16.3,stable
2026-07-02 08:00:00,8,0.96,79.9,147.7,59.9,59.88,46.3,286.6,18.0,stable
2026-07-02 09:00:00,9,0.98,44.6,88.8,36.5,59.89,45.8,221.3,21.6,stable
2026-07-02 10:00:00,10,0.96,64.6,121.1,49.8,59.83,56.2,248.2,20.8,unstable
2026-07-02 11:00:00,11,0.98,52.0,94.1,33.2,59.89,33.3,198.5,14.7,stable
2026-07-02 12:00:00,12,0.84,84.7,132.2,56.1,59.92,64.7,279.3,21.5,unstable
2026-07-02 13:00:00,13,0.91,97.5,164.4,73.4,59.71,52.9,336.6,23.5,unstable
2026-07-02 14:00:00,14,0.98,74.8,144.5,62.5,60.0,48.1,318.4,17.7,stable
2026-07-02 15:00:00,15,0.91,69.6,128.8,47.4,59.87,88.1,297.5,26.3,unstable
2026-07-02 16:00:00,16,0.87,128.9,208.7,86.0,59.83,66.4,402.1,22.4,unstable
2026-07-02 17:00:00,17,1.0,28.9,58.5,23.1,60.0,48.9,179.1,13.9,stable
2026-07-02 18:00:00,18,0.89,66.2,123.4,49.0,59.72,73.2,268.4,32.3,unstable
2026-07-02 19:00:00,19,0.86,94.5,164.2,73.1,59.94,83.4,352.2,28.9,unstable
2026-07-02 20:00:00,20,0.95,82.5,144.8,63.9,59.84,48.5,278.2,29.5,unstable
2026-07-02 21:00:00,21,0.98,64.5,131.5,47.5,59.95,52.6,254.1,20.9,stable
2026-07-02 22:00:00,22,0.85,102.0,170.8,75.0,59.87,78.4,390.9,21.7,unstable
2026-07-02 23:00:00,23,1.0,98.4,183.3,81.0,59.97,45.7,357.8,25.3,stable
2026-07-03 00:00:00,0,0.86,103.0,175.4,67.2,59.91,91.1,379.5,20.6,unstable
2026-07-03 01:00:00,1,0.98,34.8,66.7,25.8,59.83,11.8,146.8,24.0,stable
2026-07-03 02:00:00,2,0.91,80.8,141.2,56.8,59.85,58.2,324.9,20.6,stable
2026-07-03 03:00:00,3,0.95,102.5,186.8,75.8,59.91,45.9,346.4,21.3,stable
2026-07-03 04:00:00,4,0.95,85.3,168.4,69.9,59.8,88.2,392.6,21.8,unstable
2026-07-03 05:00:00,5,0.99,66.2,136.7,51.3,59.9,57.2,274.5,11.3,stable
2026-07-03 06:00:00,6,0.84,131.7,223.9,96.5,59.95,65.7,448.3,29.0,unstable
2026-07-03 07:00:00,7,0.89,140.3,264.1,107.8,59.86,74.5,511.1,31.6,unstable
2026-07-03 08:00:00,8,0.88,73.6,128.7,57.1,59.9,53.8,307.5,27.5,unstable
2026-07-03 09:00:00,9,0.97,63.2,127.0,47.5,59.98,19.5,255.7,22.2,stable
2026-07-03 10:00:00,10,0.93,46.0,91.4,34.3,59.97,23.3,215.4,23.7,stable
2026-07-03 11:00:00,11,0.85,82.1,134.3,51.9,59.72,58.2,301.0,32.0,unstable
2026-07-03 12:00:00,12,0.92,78.5,140.6,54.2,59.81,77.4,315.1,19.4,unstable
2026-07-03 13:00:00,13,0.96,73.9,151.6,61.9,59.95,28.7,265.7,25.0,stable
2026-07-03 14:00:00,14,0.86,77.9,142.9,52.8,59.83,75.7,324.5,20.1,unstable
2026-07-03 15:00:00,15,0.93,57.9,103.2,44.7,60.03,58.0,235.6,25.6,stable
2026-07-03 16:00:00,16,0.85,112.9,186.3,83.2,59.75,61.7,353.7,30.1,unstable
2026-07-03 17:00:00,17,0.93,125.8,216.1,86.6,59.92,63.9,410.5,22.8,unstable
2026-07-03 18:00:00,18,0.91,118.4,204.1,73.9,59.88,51.5,388.8,27.2,unstable
2026-07-03 19:00:00,19,1.0,98.4,191.9,69.2,59.86,16.7,312.1,24.1,stable
2026-07-03 20:00:00,20,0.9,88.9,162.9,62.9,59.94,70.7,366.1,31.5,unstable
2026-07-03 21:00:00,21,0.9,63.1,108.2,40.8,59.9,75.6,293.0,22.7,unstable
2026-07-03 22:00:00,22,0.93,56.0,111.6,47.4,59.85,39.6,248.6,24.0,stable
2026-07-03 23:00:00,23,0.84,105.6,166.0,65.2,59.85,83.5,383.2,23.5,unstable
2026-07-04 00:00:00,0,0.91,64.3,118.6,47.8,60.01,28.2,247.5,16.2,stable
2026-07-04 01:00:00,1,0.92,92.8,163.0,57.2,59.88,43.2,298.9,17.7,stable
2026-07-04 02:00:00,2,0.9,85.5,145.0,60.1,59.91,83.6,316.2,28.9,unstable
2026-07-04 03:00:00,3,0.92,71.6,128.5,50.9,59.91,12.5,254.9,13.3,stable
2026-07-04 04:00:00,4,0.88,86.4,158.2,63.4,59.82,71.4,317.4,22.6,unstable
2026-07-04 05:00:00,5,0.97,28.9,53.6,21.9,59.9,20.0,151.2,17.1,stable
2026-07-04 06:00:00,6,0.98,74.9,141.9,51.5,59.97,59.3,297.0,14.9,stable
2026-07-04 07:00:00,7,0.87,138.7,237.3,103.6,59.83,90.0,494.6,29.4,unstable
2026-07-04 08:00:00,8,0.98,35.0,66.6,26.6,59.87,55.7,170.1,11.8,stable
2026-07-04 09:00:00,9,0.94,104.5,195.0,81.2,59.84,25.6,333.8,24.2,stable
2026-07-04 10:00:00,10,0.94,32.7,61.0,25.0,60.03,23.7,162.3,24.4,stable
2026-07-04 11:00:00,11,0.84,84.4,135.8,57.5,59.94,57.9,294.2,28.5,unstable
2026-07-04 12:00:00,12,0.94,92.0,180.4,74.6,59.87,26.3,323.3,17.2,stable
2026-07-04 13:00:00,13,0.93,136.3,251.9,92.8,59.75,45.3,430.1,30.3,unstable
2026-07-04 14:00:00,14,0.85,131.5,207.6,86.3,59.77,42.8,399.6,32.6,unstable
2026-07-04 15:00:00,15,0.92,36.3,65.3,24.9,59.98,27.6,143.7,22.0,stable
2026-07-04 16:00:00,16,0.85,63.9,109.7,46.4,59.92,75.1,283.8,29.8,unstable
2026-07-04 17:00:00,17,0.88,139.8,245.4,98.1,59.94,72.8,474.2,21.8,unstable
2026-07-04 18:00:00,18,0.97,29.9,59.1,21.3,59.97,48.8,155.0,14.2,stable
2026-07-04 19:00:00,19,0.95,91.6,177.8,70.9,59.86,80.3,349.4,27.8,unstable
2026-07-04 20:00:00,20,0.85,82.6,132.8,59.2,59.87,61.8,320.5,23.9,unstable
2026-07-04 21:00:00,21,0.94,124.1,247.7,108.9,59.83,45.3,445.3,20.9,unstable
2026-07-04 22:00:00,22,0.99,53.3,112.7,45.6,59.87,16.8,227.9,22.6,stable
2026-07-04 23:00:00,23,0.93,59.7,107.3,42.6,59.9,39.7,247.2,23.8,stable
2026-07-05 00:00:00,0,0.9,105.6,200.4,76.9,59.74,79.2,386.0,22.3,unstable
2026-07-05 01:00:00,1,0.95,88.9,157.8,60.5,59.73,72.9,352.3,24.0,unstable
2026-07-05 02:00:00,2,0.91,36.1,60.9,26.1,59.95,44.0,154.7,11.1,stable
2026-07-05 03:00:00,3,0.96,75.8,144.3,63.9,59.95,67.8,333.7,26.8,unstable
2026-07-05 04:00:00,4,0.94,65.5,116.0,42.7,59.92,24.9,213.8,12.4,stable
2026-07-05 05:00:00,5,0.87,103.3,180.7,77.5,59.82,54.0,378.4,31.7,unstable
2026-07-05 06:00:00,6,0.89,91.0,152.7,68.6,59.81,37.5,317.4,30.4,unstable
2026-07-05 07:00:00,7,0.92,48.1,87.3,34.5,59.94,22.6,206.5,23.4,stable
2026-07-05 08:00:00,8,0.91,96.6,175.3,69.4,59.85,82.6,372.4,32.2,unstable
2026-07-05 09:00:00,9,0.99,32.9,66.2,28.7,59.88,57.5,187.3,14.9,stable
2026-07-05 10:00:00,10,0.92,32.5,62.2,22.5,60.03,31.9,158.7,19.1,stable
2026-07-05 11:00:00,11,0.88,63.4,117.8,48.6,59.9,78.2,281.2,30.3,unstable
2026-07-05 12:00:00,12,0.96,99.6,203.0,84.9,59.92,88.9,439.7,30.5,unstable
2026-07-05 13:00:00,13,0.92,53.7,100.8,44.3,60.03,32.0,217.1,22.9,stable
2026-07-05 14:00:00,14,0.84,120.2,193.2,82.6,59.82,53.6,352.4,25.5,unstable
2026-07-05 15:00:00,15,0.95,93.7,184.4,76.6,59.84,34.4,351.9,20.0,stable
2026-07-05 16:00:00,16,0.98,46.7,89.2,32.2,59.91,55.1,207.7,25.5,stable
2026-07-05 17:00:00,17,0.93,99.1,196.0,83.1,59.99,58.2,361.6,11.1,stable
2026-07-05 18:00:00,18,0.93,76.0,150.6,67.3,59.94,44.0,293.3,25.6,unstable
2026-07-05 19:00:00,19,0.95,139.8,276.9,98.3,59.89,86.1,522.1,22.0,unstable
2026-07-05 20:00:00,20,1.02,31.9,68.8,29.7,60.03,18.0,184.7,18.3,stable
2026-07-05 21:00:00,21,0.94,45.2,82.3,36.0,59.84,43.8,201.8,24.9,stable
2026-07-05 22:00:00,22,0.9,135.2,256.2,115.2,59.82,62.8,486.6,22.9,unstable
2026-07-05 23:00:00,23,0.87,69.1,119.4,50.1,59.72,87.3,319.4,20.4,unstable
2026-07-06 00:00:00,0,0.89,83.2,137.7,53.8,59.77,53.7,274.5,27.2,unstable
2026-07-06 01:00:00,1,0.97,43.1,79.9,34.1,60.01,50.5,222.6,17.2,stable
2026-07-06 02:00:00,2,1.0,52.8,110.1,44.3,59.86,32.6,254.2,12.9,stable
2026-07-06 03:00:00,3,0.97,39.5,75.5,32.5,59.84,52.5,211.9,25.9,stable
2026-07-06 04:00:00,4,0.93,59.5,111.0,45.8,59.94,37.1,218.0,15.0,stable
2026-07-06 05:00:00,5,0.99,60.8,113.8,47.2,60.01,13.1,196.4,17.9,stable
2026-07-06 06:00:00,6,0.85,138.9,225.7,99.6,59.71,91.8,483.2,26.8,unstable
2026-07-06 07:00:00,7,0.97,34.8,66.9,25.6,59.85,54.8,199.5,24.1,stable
2026-07-06 08:00:00,8,0.99,45.8,95.1,34.4,59.96,23.1,182.0,21.9,stable
2026-07-06 09:00:00,9,0.95,75.3,138.7,56.0,59.95,48.8,269.7,23.1,stable
2026-07-06 10:00:00,10,1.01,40.4,76.3,31.9,59.89,13.5,175.6,19.6,stable
2026-07-06 11:00:00,11,1.01,97.5,194.3,79.6,59.91,11.8,307.4,12.7,stable
2026-07-06 12:00:00,12,0.94,69.1,135.3,53.3,60.02,39.4,271.8,25.2,stable
2026-07-06 13:00:00,13,0.93,52.0,91.2,33.9,59.85,48.9,228.0,14.9,stable
2026-07-06 14:00:00,14,0.99,97.4,205.3,91.9,59.9,32.6,382.9,18.7,stable
2026-07-06 15:00:00,15,0.97,52.3,100.5,44.0,59.89,37.9,223.8,20.1,stable
2026-07-06 16:00:00,16,0.84,128.1,224.2,99.4,59.94,70.9,433.7,30.6,unstable
2026-07-06 17:00:00,17,0.92,103.9,190.3,74.9,60.03,49.5,349.4,17.8,stable
2026-07-06 18:00:00,18,0.91,60.7,107.1,39.9,60.04,56.4,273.1,21.9,stable
2026-07-06 19:00:00,19,0.93,81.7,158.1,66.1,59.84,25.2,293.4,14.3,stable
2026-07-06 20:00:00,20,0.99,42.7,81.7,36.5,60.02,24.8,211.3,12.6,stable
2026-07-06 21:00:00,21,0.97,70.6,138.7,52.2,59.99,10.2,231.2,18.5,stable
2026-07-06 22:00:00,22,0.92,119.9,229.8,92.1,59.75,60.2,421.0,23.9,unstable
2026-07-06 23:00:00,23,0.95,66.8,122.8,44.8,60.01,20.4,212.3,20.2,stable
2026-07-07 00:00:00,0,0.93,131.1,234.1,96.5,59.91,51.9,446.9,28.3,unstable
2026-07-07 01:00:00,1,0.96,123.2,254.8,108.8,59.91,75.0,476.3,29.8,unstable
2026-07-07 02:00:00,2,0.95,97.3,195.3,73.1,60.03,38.4,355.8,22.7,stable
2026-07-07 03:00:00,3,0.94,119.0,209.5,75.8,59.8,59.2,366.1,20.6,unstable
2026-07-07 04:00:00,4,0.99,75.1,145.9,62.1,59.86,39.9,268.8,13.2,stable
2026-07-07 05:00:00,5,0.96,99.7,202.1,77.3,59.89,71.6,395.6,30.8,unstable
2026-07-07 06:00:00,6,0.91,61.3,105.6,37.4,60.03,28.5,225.8,24.6,stable
2026-07-07 07:00:00,7,0.93,93.3,167.3,66.2,59.73,49.9,344.3,29.4,unstable
2026-07-07 08:00:00,8,0.99,72.0,151.2,67.0,59.92,44.5,323.2,24.1,stable
2026-07-07 09:00:00,9,0.93,132.4,252.5,88.6,59.91,87.9,477.6,26.1,unstable
2026-07-07 10:00:00,10,0.96,126.0,249.1,87.9,59.93,40.1,408.9,24.6,unstable
2026-07-07 11:00:00,11,0.92,72.7,143.4,61.0,59.84,57.3,303.6,23.5,stable
2026-07-07 12:00:00,12,0.96,62.5,117.0,46.4,59.9,50.7,279.0,24.8,stable
2026-07-07 13:00:00,13,0.94,92.7,180.5,79.9,59.82,61.6,366.5,24.9,unstable
2026-07-07 14:00:00,14,0.99,73.2,143.1,64.3,59.9,43.3,302.6,11.4,stable
2026-07-07 15:00:00,15,0.87,94.7,161.0,66.1,59.76,47.6,302.1,20.9,unstable
2026-07-07 16:00:00,16,0.84,78.0,127.6,55.3,59.77,66.7,294.7,25.4,unstable
2026-07-07 17:00:00,17,0.87,140.2,244.7,97.4,59.94,51.0,433.7,21.3,unstable
2026-07-07 18:00:00,18,0.93,71.9,138.3,54.5,59.85,56.6,284.1,13.1,stable
2026-07-07 19:00:00,19,0.96,62.1,117.8,42.2,59.95,14.1,223.9,19.9,stable
2026-07-07 20:00:00,20,0.86,66.0,108.2,42.4,59.9,72.6,271.9,32.3,unstable
2026-07-07 21:00:00,21,0.92,74.7,131.5,57.2,59.81,41.9,287.7,29.4,unstable
2026-07-07 22:00:00,22,0.86,110.0,182.3,70.7,59.78,81.5,363.6,19.8,unstable
2026-07-07 23:00:00,23,0.96,67.8,125.9,50.9,59.9,27.8,246.8,16.1,stable
2026-07-08 00:00:00,0,0.84,66.4,109.8,42.0,59.75,60.7,259.4,22.2,unstable
2026-07-08 01:00:00,1,0.96,29.3,52.6,20.1,59.84,20.7,157.8,17.4,stable
2026-07-08 02:00:00,2,0.96,128.7,233.8,85.0,59.92,84.5,428.8,20.1,unstable
2026-07-08 03:00:00,3,0.94,82.3,151.9,57.7,59.77,74.2,346.1,20.4,unstable
2026-07-08 04:00:00,4,0.98,99.5,208.9,83.7,59.86,26.1,364.2,21.6,stable
2026-07-08 05:00:00,5,0.89,73.7,129.0,52.2,59.91,87.5,296.1,28.3,unstable
2026-07-08 06:00:00,6,0.87,135.3,224.1,94.9,59.8,57.2,424.3,26.3,unstable
2026-07-08 07:00:00,7,0.96,115.1,231.4,90.5,59.92,87.7,433.9,26.9,unstable
2026-07-08 08:00:00,8,0.92,40.6,76.2,34.2,59.88,26.9,159.9,15.3,stable
2026-07-08 09:00:00,9,0.92,77.2,138.7,50.9,59.83,53.7,308.5,13.6,stable
2026-07-08 10:00:00,10,0.89,106.7,189.4,77.3,59.92,88.3,386.5,32.0,unstable
2026-07-08 11:00:00,11,0.94,52.1,98.7,36.9,59.99,25.7,188.7,12.6,stable
2026-07-08 12:00:00,12,0.87,93.5,169.2,68.9,59.83,41.2,348.1,26.5,unstable
2026-07-08 13:00:00,13,0.94,104.2,191.1,79.0,59.83,65.6,357.9,23.6,unstable
2026-07-08 14:00:00,14,0.99,44.7,83.3,30.5,59.9,20.7,155.5,12.2,stable
2026-07-08 15:00:00,15,0.87,141.3,247.0,90.1,59.95,47.3,429.6,22.0,unstable
2026-07-08 16:00:00,16,0.88,128.4,238.4,96.3,59.91,91.3,475.6,22.1,unstable
2026-07-08 17:00:00,17,1.02,54.8,117.1,48.7,59.98,34.5,238.5,20.2,stable
2026-07-08 18:00:00,18,0.84,70.0,116.4,50.0,59.93,68.9,295.5,31.2,unstable
2026-07-08 19:00:00,19,0.89,96.4,162.3,63.5,59.88,67.0,314.2,27.3,unstable
2026-07-08 20:00:00,20,0.9,74.6,142.9,55.6,59.85,78.6,304.5,24.2,unstable
2026-07-08 21:00:00,21,0.97,55.4,100.2,40.1,59.91,17.5,222.7,16.1,stable
2026-07-08 22:00:00,22,0.91,62.8,111.1,41.7,60.02,19.5,200.4,22.3,stable
2026-07-08 23:00:00,23,0.85,100.2,177.8,71.0,59.9,61.6,352.4,19.0,unstable
2026-07-09 00:00:00,0,0.91,72.3,128.0,48.7,59.91,33.0,279.3,13.7,stable
2026-07-09 01:00:00,1,0.86,96.3,168.3,68.8,59.91,61.4,320.3,26.7,unstable
2026-07-09 02:00:00,2,0.93,41.4,79.7,33.1,59.89,48.4,186.4,19.8,stable
2026-07-09 03:00:00,3,0.9,79.4,139.7,59.6,59.78,84.8,335.5,29.5,unstable
2026-07-09 04:00:00,4,0.88,80.2,141.6,61.6,59.78,50.8,284.7,32.2,unstable
2026-07-09 05:00:00,5,0.95,133.7,251.0,91.7,59.83,40.5,437.4,31.8,unstable
2026-07-09 06:00:00,6,0.91,81.7,146.4,54.5,60.04,26.1,271.6,13.3,stable
2026-07-09 07:00:00,7,0.98,37.2,70.7,29.3,59.92,57.9,216.4,15.1,stable
2026-07-09 08:00:00,8,1.02,61.5,116.6,43.1,60.02,18.3,198.1,19.8,stable
2026-07-09 09:00:00,9,0.9,92.2,176.1,69.5,59.8,82.7,361.9,28.4,unstable
2026-07-09 10:00:00,10,0.92,77.5,135.4,56.1,59.91,85.3,322.8,26.4,unstable
2026-07-09 11:00:00,11,0.89,106.9,182.1,68.3,59.9,52.5,340.7,32.0,unstable
2026-07-09 12:00:00,12,0.97,103.2,207.9,88.3,59.97,49.2,377.1,13.6,stable
2026-07-09 13:00:00,13,0.93,79.4,138.0,54.4,59.77,75.7,318.4,31.3,unstable
2026-07-09 14:00:00,14,1.02,75.8,145.3,59.0,59.97,59.5,301.7,11.9,stable
2026-07-09 15:00:00,15,0.87,132.6,224.9,93.7,59.87,42.2,408.2,26.6,unstable
2026-07-09 16:00:00,16,0.91,42.8,82.7,32.3,59.93,36.8,212.4,23.8,stable
2026-07-09 17:00:00,17,0.84,72.4,118.9,42.5,59.92,38.0,260.1,24.0,unstable
2026-07-09 18:00:00,18,0.9,103.4,199.0,78.1,59.77,79.2,425.8,31.7,unstable
2026-07-09 19:00:00,19,0.84,77.1,134.5,48.5,59.89,39.9,281.7,31.9,unstable
2026-07-09 20:00:00,20,1.01,82.2,170.2,68.9,59.94,48.1,331.2,21.3,stable
2026-07-09 21:00:00,21,0.95,86.9,154.4,63.6,59.85,20.7,305.9,19.0,stable
2026-07-09 22:00:00,22,0.93,51.6,103.2,36.8,60.03,31.8,226.7,18.5,stable
2026-07-09 23:00:00,23,0.85,109.6,192.5,83.3,59.93,78.4,395.9,22.4,unstable
2026-07-10 00:00:00,0,1.02,62.3,118.1,48.3,60.01,43.2,278.9,22.8,stable
2026-07-10 01:00:00,1,1.0,104.5,215.6,93.9,59.85,40.5,375.6,14.3,stable
2026-07-10 02:00:00,2,1.02,97.3,191.5,74.2,59.83,57.3,360.5,11.6,stable
2026-07-10 03:00:00,3,0.95,104.6,200.1,81.6,60.03,25.8,346.2,18.6,stable
2026-07-10 04:00:00,4,0.84,134.2,230.2,82.3,59.74,52.4,388.4,20.1,unstable
2026-07-10 05:00:00,5,0.98,63.5,128.3,48.5,59.84,31.8,250.2,19.2,stable
2026-07-10 06:00:00,6,1.02,64.8,138.9,60.3,60.02,36.0,270.8,18.9,stable
2026-07-10 07:00:00,7,0.88,138.1,258.9,92.9,59.78,51.6,436.4,21.5,unstable
2026-07-10 08:00:00,8,0.91,102.2,183.9,80.0,59.79,47.9,352.6,27.0,unstable
2026-07-10 09:00:00,9,0.91,75.4,141.3,50.8,59.74,80.5,333.7,22.8,unstable
2026-07-10 10:00:00,10,0.95,62.1,120.7,50.1,59.94,54.7,264.6,11.1,stable
2026-07-10 11:00:00,11,0.87,68.2,114.0,45.7,59.9,68.0,292.6,23.3,unstable
2026-07-10 12:00:00,12,1.0,81.7,163.4,66.2,59.96,31.6,307.5,24.9,stable
2026-07-10 13:00:00,13,0.87,119.7,220.2,89.5,59.73,52.9,387.5,24.4,unstable
2026-07-10 14:00:00,14,0.94,67.3,120.4,43.3,59.95,21.9,219.4,12.7,stable
2026-07-10 15:00:00,15,0.95,70.3,129.5,51.9,60.01,43.3,288.8,13.3,stable
2026-07-10 16:00:00,16,0.9,99.1,168.9,61.9,59.72,71.6,345.9,29.4,unstable
2026-07-10 17:00:00,17,0.95,61.3,111.9,47.0,59.92,14.0,216.7,22.6,stable
2026-07-10 18:00:00,18,0.91,46.8,85.8,32.9,60.02,43.5,231.1,23.0,stable
2026-07-10 19:00:00,19,0.96,93.7,173.2,62.1,59.75,44.6,349.3,19.0,unstable
2026-07-10 20:00:00,20,0.91,79.6,144.3,59.9,59.88,29.9,283.9,23.5,stable
2026-07-10 21:00:00,21,0.93,31.9,61.8,22.9,59.91,39.4,166.0,17.9,stable
2026-07-10 22:00:00,22,0.91,123.5,235.1,89.0,59.91,88.9,444.1,32.6,unstable
2026-07-10 23:00:00,23,0.96,78.7,156.2,67.0,59.81,88.9,374.2,24.4,unstable
2026-07-11 00:00:00,0,1.01,59.1,116.2,44.1,59.97,43.4,240.8,23.6,stable
2026-07-11 01:00:00,1,0.91,38.7,71.3,27.0,59.99,16.6,153.4,14.0,stable
2026-07-11 02:00:00,2,1.01,72.5,155.8,55.5,60.01,53.3,286.2,22.7,stable
2026-07-11 03:00:00,3,0.96,96.7,196.7,83.2,59.86,65.2,403.0,30.6,unstable
2026-07-11 04:00:00,4,0.9,125.1,208.6,75.7,59.92,74.6,408.0,19.9,unstable
2026-07-11 05:00:00,5,1.02,50.6,102.5,42.6,59.98,18.1,211.4,23.7,stable
2026-07-11 06:00:00,6,0.84,91.6,165.1,72.0,59.8,74.1,356.0,27.9,unstable
2026-07-11 07:00:00,7,0.99,105.0,221.5,90.4,59.85,35.9,373.1,24.6,stable
2026-07-11 08:00:00,8,0.98,31.7,66.5,24.6,60.0,33.3,187.9,24.8,stable
2026-07-11 09:00:00,9,0.94,138.8,253.6,94.7,59.78,75.3,477.6,24.6,unstable
2026-07-11 10:00:00,10,1.0,88.2,167.9,72.1,60.01,59.0,335.1,22.4,stable
2026-07-11 11:00:00,11,0.95,46.4,94.2,35.7,59.89,42.9,207.7,12.6,stable
2026-07-11 12:00:00,12,0.87,92.2,155.1,66.4,59.81,52.0,315.4,19.6,unstable
2026-07-11 13:00:00,13,0.87,86.9,141.5,51.9,59.84,71.7,294.1,32.9,unstable
2026-07-11 14:00:00,14,0.84,136.4,238.2,87.1,59.82,37.6,386.8,24.1,unstable
2026-07-11 15:00:00,15,0.91,33.1,57.8,20.8,60.0,36.2,143.6,22.1,stable
2026-07-11 16:00:00,16,0.99,83.1,161.9,70.7,59.87,45.4,320.3,26.0,stable
2026-07-11 17:00:00,17,0.92,93.4,173.7,67.4,59.87,51.0,312.6,15.6,stable
2026-07-11 18:00:00,18,0.84,85.1,135.1,56.4,59.85,44.9,301.1,32.2,unstable
2026-07-11 19:00:00,19,0.86,103.2,190.1,67.5,59.85,65.7,381.3,26.8,unstable
2026-07-11 20:00:00,20,0.88,98.2,167.7,65.0,59.73,81.2,339.1,20.4,unstable
2026-07-11 21:00:00,21,1.0,73.0,149.2,58.9,60.01,35.4,312.0,14.9,stable
2026-07-11 22:00:00,22,1.01,56.3,117.7,44.5,59.91,52.6,276.5,21.9,stable
2026-07-11 23:00:00,23,0.96,58.4,113.4,40.2,60.01,42.7,239.4,18.0,stable
2026-07-12 00:00:00,0,0.96,52.0,103.1,37.0,60.01,54.2,224.3,17.1,stable
2026-07-12 01:00:00,1,0.91,42.7,78.1,28.0,60.03,55.1,199.5,18.7,stable
2026-07-12 02:00:00,2,0.9,119.1,206.5,79.2,59.84,85.3,433.3,25.6,unstable
2026-07-12 03:00:00,3,0.92,82.4,150.9,62.8,59.71,69.5,315.0,25.4,unstable
2026-07-12 04:00:00,4,0.92,64.2,111.1,47.2,59.84,73.9,278.2,27.7,unstable
2026-07-12 05:00:00,5,0.91,135.7,232.2,101.1,59.85,77.8,473.4,23.2,unstable
2026-07-12 06:00:00,6,0.84,120.1,195.8,73.6,59.88,46.7,352.4,28.4,unstable
2026-07-12 07:00:00,7,1.0,50.9,106.6,45.7,59.93,54.2,239.2,11.8,stable
2026-07-12 08:00:00,8,0.95,66.6,123.4,51.1,59.84,86.0,313.6,23.9,unstable
2026-07-12 09:00:00,9,0.85,112.4,196.1,69.7,59.84,84.3,414.8,25.8,unstable
2026-07-12 10:00:00,10,0.92,127.0,247.7,106.8,59.93,72.1,477.1,28.9,unstable
2026-07-12 11:00:00,11,0.92,51.2,89.5,31.5,59.93,31.6,192.4,20.9,stable
2026-07-12 12:00:00,12,0.89,118.9,215.2,89.5,59.93,55.0,403.9,21.5,unstable
2026-07-12 13:00:00,13,0.84,99.1,164.1,70.5,59.77,80.3,384.6,31.0,unstable
2026-07-12 14:00:00,14,0.99,54.0,107.1,45.9,60.02,10.6,224.2,25.8,stable
2026-07-12 15:00:00,15,0.91,80.4,137.3,52.8,59.84,43.5,262.9,26.6,unstable
2026-07-12 16:00:00,16,1.01,59.6,116.8,44.1,59.95,59.8,258.6,11.3,stable
2026-07-12 17:00:00,17,0.87,103.0,179.4,66.1,59.77,58.5,364.5,27.9,unstable
2026-07-12 18:00:00,18,0.85,126.0,209.1,82.8,59.75,75.7,419.4,26.1,unstable
2026-07-12 19:00:00,19,0.97,31.3,57.7,23.0,59.89,18.8,154.4,20.8,stable
2026-07-12 20:00:00,20,0.92,97.7,176.3,75.9,59.85,86.3,395.5,28.7,unstable
2026-07-12 21:00:00,21,0.98,54.8,112.9,43.7,59.91,42.7,250.8,13.0,stable
2026-07-12 22:00:00,22,0.9,112.5,213.4,93.6,59.89,50.8,386.0,20.0,unstable
2026-07-12 23:00:00,23,0.87,79.2,142.8,62.7,59.93,46.2,291.3,21.5,unstable
2026-07-13 00:00:00,0,0.91,68.1,132.9,52.8,59.76,85.7,306.1,31.2,unstable
2026-07-13 01:00:00,1,0.93,47.7,83.5,30.0,59.88,57.6,233.3,21.9,stable
2026-07-13 02:00:00,2,0.99,65.0,121.7,48.9,59.87,40.1,238.6,25.0,stable
2026-07-13 03:00:00,3,0.86,83.1,151.0,64.3,59.91,59.9,298.1,24.7,unstable
2026-07-13 04:00:00,4,0.91,84.8,164.6,58.0,59.81,80.6,329.2,20.8,unstable
2026-07-13 05:00:00,5,0.9,121.2,230.8,102.5,59.76,56.7,440.9,19.5,unstable
2026-07-13 06:00:00,6,0.92,53.0,90.3,35.1,59.89,58.0,203.8,18.7,stable
2026-07-13 07:00:00,7,0.89,65.6,120.7,47.1,59.79,43.4,267.8,26.7,unstable
2026-07-13 08:00:00,8,0.85,89.8,151.1,52.9,59.91,60.8,331.7,32.3,unstable
2026-07-13 09:00:00,9,0.92,100.2,192.1,85.1,59.79,67.1,368.6,24.7,unstable
2026-07-13 10:00:00,10,0.92,101.6,189.0,71.1,59.85,34.5,337.8,13.3,stable
2026-07-13 11:00:00,11,1.01,44.5,95.8,42.5,59.83,14.8,210.6,12.5,stable
2026-07-13 12:00:00,12,1.01,37.2,74.6,29.9,59.84,25.9,161.8,23.5,stable
2026-07-13 13:00:00,13,1.01,75.7,152.5,58.6,59.9,26.6,278.7,22.9,stable
2026-07-13 14:00:00,14,0.95,100.7,189.5,71.1,59.94,49.2,331.7,28.3,unstable
2026-07-13 15:00:00,15,1.0,61.9,121.5,52.8,60.0,47.7,291.8,19.7,stable
2026-07-13 16:00:00,16,1.0,78.1,148.4,63.3,59.99,52.7,330.4,18.4,stable
2026-07-13 17:00:00,17,0.94,137.5,268.4,115.8,59.78,74.6,523.3,27.0,unstable
2026-07-13 18:00:00,18,0.91,91.6,154.7,59.1,59.86,57.3,310.2,15.6,stable
2026-07-13 19:00:00,19,0.91,96.8,172.7,71.9,59.87,17.7,286.0,22.4,stable
2026-07-13 20:00:00,20,0.89,107.5,178.6,79.2,59.92,39.5,327.9,30.2,unstable
2026-07-13 21:00:00,21,0.84,102.3,182.5,78.5,59.84,59.6,372.3,19.5,unstable
2026-07-13 22:00:00,22,0.99,99.8,200.5,82.9,59.86,24.2,371.6,20.8,stable
2026-07-13 23:00:00,23,0.93,69.0,125.1,49.8,59.85,59.8,279.2,30.7,unstable
2026-07-14 00:00:00,0,1.01,66.9,143.7,50.4,59.87,31.2,251.4,15.4,stable
2026-07-14 01:00:00,1,0.94,92.1,163.3,60.4,59.98,22.7,279.8,13.9,stable
2026-07-14 02:00:00,2,1.0,95.3,180.2,64.2,59.83,13.9,316.3,20.8,stable
2026-07-14 03:00:00,3,0.91,68.3,116.1,45.0,59.81,77.7,286.7,30.5,unstable
2026-07-14 04:00:00,4,0.97,102.4,205.6,84.1,59.98,29.5,358.6,19.3,stable
2026-07-14 05:00:00,5,0.98,43.8,90.9,38.6,59.95,35.3,219.6,24.3,stable
2026-07-14 06:00:00,6,0.89,127.6,239.0,105.0,59.74,53.0,454.7,29.7,unstable
2026-07-14 07:00:00,7,0.98,41.6,86.6,31.7,59.9,16.5,191.1,13.7,stable
2026-07-14 08:00:00,8,0.96,95.6,176.0,76.2,59.8,59.2,364.4,30.4,unstable
2026-07-14 09:00:00,9,0.84,80.3,137.8,57.8,59.9,85.9,334.4,20.8,unstable
2026-07-14 10:00:00,10,0.95,103.3,209.2,92.0,59.89,70.2,403.1,26.9,unstable
2026-07-14 11:00:00,11,0.96,138.3,259.7,103.3,59.77,72.7,497.4,19.7,unstable
2026-07-14 12:00:00,12,0.88,69.2,113.2,40.6,59.93,67.3,260.2,26.1,unstable
2026-07-14 13:00:00,13,0.9,117.6,199.3,74.7,59.86,67.1,382.0,24.3,unstable
2026-07-14 14:00:00,14,0.93,84.4,149.6,52.6,59.92,45.3,283.5,25.5,stable
2026-07-14 15:00:00,15,0.91,117.4,225.9,90.1,59.93,44.5,426.6,20.6,unstable
2026-07-14 16:00:00,16,1.02,59.9,117.8,44.1,60.01,47.9,249.6,18.1,stable
2026-07-14 17:00:00,17,0.86,138.4,228.3,84.4,59.83,68.8,434.4,24.7,unstable
2026-07-14 18:00:00,18,0.95,82.4,162.5,68.0,59.95,12.9,266.1,16.3,stable
2026-07-14 19:00:00,19,0.92,127.3,227.5,100.7,59.78,38.6,426.5,21.7,unstable
2026-07-14 20:00:00,20,0.96,93.7,189.0,84.6,60.0,30.0,366.9,25.9,stable
2026-07-14 21:00:00,21,1.02,88.3,187.6,79.1,59.92,20.6,349.8,22.0,stable
2026-07-14 22:00:00,22,0.91,74.5,128.9,48.3,59.71,72.4,286.8,26.9,unstable
2026-07-14 23:00:00,23,0.98,86.5,159.7,71.8,59.84,23.1,278.7,21.1,stable
2026-07-15 00:00:00,0,0.97,30.1,54.3,22.8,59.85,28.1,158.0,23.0,stable
2026-07-15 01:00:00,1,0.85,86.7,140.4,55.8,59.93,43.1,261.8,28.5,unstable
2026-07-15 02:00:00,2,0.96,57.7,107.8,42.4,60.04,27.4,201.5,24.7,stable
2026-07-15 03:00:00,3,0.92,69.5,135.5,57.5,59.99,13.1,260.3,11.0,stable
2026-07-15 04:00:00,4,0.87,111.1,206.4,73.6,59.87,76.9,381.0,24.1,unstable
2026-07-15 05:00:00,5,0.98,86.7,174.2,65.2,59.9,32.6,297.8,11.3,stable
2026-07-15 06:00:00,6,0.9,132.8,244.8,105.4,59.72,67.8,468.7,23.1,unstable
2026-07-15 07:00:00,7,0.85,81.5,131.3,59.0,59.92,38.1,291.9,28.0,unstable
2026-07-15 08:00:00,8,1.01,88.7,190.3,83.0,59.93,42.3,383.3,11.4,stable
2026-07-15 09:00:00,9,0.95,41.9,80.5,33.7,59.87,17.2,167.1,14.3,stable
2026-07-15 10:00:00,10,0.95,104.1,196.3,83.8,59.98,44.5,371.7,11.9,stable
2026-07-15 11:00:00,11,0.91,45.0,77.6,29.4,59.89,48.4,201.5,18.9,stable
2026-07-15 12:00:00,12,0.95,66.3,125.1,52.4,59.86,25.5,268.8,19.5,stable
2026-07-15 13:00:00,13,0.94,92.5,179.5,66.6,59.94,43.3,331.7,30.5,unstable
2026-07-15 14:00:00,14,0.93,81.1,151.8,62.5,59.98,54.4,302.4,19.5,stable
2026-07-15 15:00:00,15,0.98,87.2,182.5,70.6,60.01,41.9,363.2,13.4,stable
2026-07-15 16:00:00,16,0.85,125.8,227.1,93.0,59.92,80.2,443.9,20.3,unstable
2026-07-15 17:00:00,17,0.98,68.0,129.5,55.6,59.86,41.8,287.0,24.5,stable
2026-07-15 18:00:00,18,0.84,125.4,213.8,88.8,59.85,67.5,391.5,30.4,unstable
2026-07-15 19:00:00,19,0.93,105.8,185.0,77.1,59.89,69.5,375.5,27.6,unstable
2026-07-15 20:00:00,20,0.97,52.5,106.2,41.7,59.99,28.7,205.5,16.9,stable
2026-07-15 21:00:00,21,0.96,79.6,156.9,57.6,59.85,47.0,299.9,18.5,stable
2026-07-15 22:00:00,22,0.89,98.0,168.7,61.5,59.85,69.6,332.4,26.0,unstable
2026-07-15 23:00:00,23,0.93,119.9,229.3,94.1,59.91,72.4,418.2,23.3,unstable
2026-07-16 00:00:00,0,0.91,67.5,131.6,53.6,59.94,51.9,291.0,24.7,stable
2026-07-16 01:00:00,1,0.9,99.0,176.0,65.8,59.93,40.8,322.2,21.8,unstable
2026-07-16 02:00:00,2,0.88,132.7,236.4,92.1,59.73,75.1,464.8,27.7,unstable
2026-07-16 03:00:00,3,0.91,80.0,148.5,57.4,59.85,21.8,268.5,24.7,stable
2026-07-16 04:00:00,4,0.92,28.4,54.2,19.2,60.02,58.9,173.9,13.5,stable
2026-07-16 05:00:00,5,0.91,51.3,97.8,35.4,59.92,34.9,192.3,18.6,stable
2026-07-16 06:00:00,6,0.95,107.2,197.0,72.3,59.92,85.9,390.3,30.3,unstable
2026-07-16 07:00:00,7,0.92,110.3,200.0,79.5,59.85,47.4,396.7,30.1,unstable
2026-07-16 08:00:00,8,0.89,132.6,249.7,98.0,59.87,44.0,425.9,29.3,unstable
2026-07-16 09:00:00,9,0.93,97.1,176.8,73.0,59.91,39.5,333.3,12.4,stable
2026-07-16 10:00:00,10,1.0,104.0,200.0,76.0,59.93,55.7,360.9,11.9,stable
2026-07-16 11:00:00,11,0.89,73.1,129.7,49.7,59.72,42.3,288.5,19.6,unstable
2026-07-16 12:00:00,12,0.96,111.9,199.8,89.0,59.73,50.6,361.7,30.6,unstable
2026-07-16 13:00:00,13,0.9,138.1,255.8,104.1,59.89,60.5,475.0,29.6,unstable
2026-07-16 14:00:00,14,0.89,100.5,189.1,68.6,59.9,85.0,375.0,30.7,unstable
2026-07-16 15:00:00,15,0.96,92.0,170.8,61.5,59.77,52.1,324.1,19.6,unstable
2026-07-16 16:00:00,16,0.99,62.9,133.0,47.9,59.98,50.6,295.4,24.6,stable
2026-07-16 17:00:00,17,0.89,116.3,215.0,84.7,59.79,69.9,389.8,20.5,unstable
2026-07-16 18:00:00,18,0.9,74.9,127.8,52.1,59.73,91.6,310.5,31.2,unstable
2026-07-16 19:00:00,19,0.96,52.3,106.7,48.0,59.84,16.3,238.1,18.3,stable
2026-07-16 20:00:00,20,0.91,49.0,87.9,34.9,59.98,53.3,209.3,23.2,stable
2026-07-16 21:00:00,21,0.96,78.2,161.5,71.2,59.92,52.2,332.4,20.5,unstable
2026-07-16 22:00:00,22,0.99,100.0,195.8,80.3,59.87,36.3,350.1,12.4,stable
2026-07-16 23:00:00,23,1.01,77.5,155.6,59.0,59.99,35.6,316.9,14.8,stable
2026-07-17 00:00:00,0,0.92,82.1,156.8,63.0,60.0,58.8,302.0,17.9,stable
2026-07-17 01:00:00,1,0.85,83.5,152.1,58.0,59.78,77.1,354.0,29.0,unstable
2026-07-17 02:00:00,2,0.96,82.1,163.7,73.6,59.97,18.6,321.6,22.3,stable
2026-07-17 03:00:00,3,0.99,102.5,191.2,82.8,60.03,51.3,357.9,22.5,stable
2026-07-17 04:00:00,4,0.95,51.9,99.3,41.4,59.9,52.8,262.7,22.5,stable
2026-07-17 05:00:00,5,0.91,136.9,241.0,87.0,59.84,56.3,413.9,32.8,unstable
2026-07-17 06:00:00,6,0.92,92.7,179.2,75.7,59.83,67.9,390.4,30.7,unstable
2026-07-17 07:00:00,7,0.91,53.3,101.4,37.9,59.89,37.4,222.6,24.6,stable
2026-07-17 08:00:00,8,1.02,63.7,127.1,44.5,59.84,59.4,280.4,25.7,stable
2026-07-17 09:00:00,9,0.94,53.6,98.9,38.1,60.03,40.5,221.0,21.8,stable
2026-07-17 10:00:00,10,0.92,80.2,149.3,61.7,59.96,37.9,298.9,25.0,stable
2026-07-17 11:00:00,11,0.92,31.3,55.1,19.5,60.02,42.0,143.6,20.2,stable
2026-07-17 12:00:00,12,0.95,68.0,124.1,55.8,59.92,52.9,265.7,31.5,unstable
2026-07-17 13:00:00,13,0.96,47.6,92.4,34.3,59.86,43.8,212.9,16.1,stable
2026-07-17 14:00:00,14,0.95,63.5,126.6,46.3,59.87,44.6,251.2,25.5,stable
2026-07-17 15:00:00,15,0.85,78.8,130.3,47.2,59.77,48.8,260.2,22.2,unstable
2026-07-17 16:00:00,16,0.93,33.2,57.9,23.4,59.87,35.0,168.8,23.6,stable
2026-07-17 17:00:00,17,1.01,32.4,69.9,30.1,60.01,28.0,156.9,21.1,stable
2026-07-17 18:00:00,18,0.93,106.2,209.1,91.2,59.82,70.5,414.2,20.4,unstable
2026-07-17 19:00:00,19,0.98,36.7,70.5,25.3,59.87,11.0,150.1,24.7,stable
2026-07-17 20:00:00,20,0.85,103.2,179.0,70.4,59.83,68.9,370.5,28.2,unstable
2026-07-17 21:00:00,21,0.89,89.0,159.0,64.2,59.8,50.1,310.1,20.1,unstable
2026-07-17 22:00:00,22,0.97,71.9,147.8,58.7,60.02,19.5,258.2,25.6,stable
2026-07-17 23:00:00,23,0.94,113.4,219.7,92.4,59.73,72.2,421.8,21.6,unstable
2026-07-18 00:00:00,0,0.94,111.8,226.7,91.4,59.84,59.7,414.7,21.1,unstable
2026-07-18 01:00:00,1,0.98,95.5,186.5,71.2,59.88,13.5,332.6,20.1,stable
2026-07-18 02:00:00,2,1.0,100.6,213.4,76.5,59.92,27.2,342.5,19.0,stable
2026-07-18 03:00:00,3,1.02,65.3,132.0,51.9,59.99,35.3,241.1,14.9,stable
2026-07-18 04:00:00,4,0.9,103.8,183.8,74.8,59.87,84.4,373.1,24.1,unstable
2026-07-18 05:00:00,5,0.92,134.6,248.4,105.9,59.81,70.8,477.3,21.2,unstable
2026-07-18 06:00:00,6,0.99,36.7,73.9,31.7,59.84,42.5,197.0,14.6,stable
2026-07-18 07:00:00,7,0.92,120.1,213.5,91.7,59.74,75.3,426.1,26.2,unstable
2026-07-18 08:00:00,8,0.95,109.2,217.0,87.6,59.89,61.0,418.3,32.4,unstable
2026-07-18 09:00:00,9,0.86,86.2,154.4,62.1,59.78,77.7,333.5,21.0,unstable
2026-07-18 10:00:00,10,0.9,96.9,181.3,76.4,59.79,77.6,396.1,27.8,unstable
2026-07-18 11:00:00,11,0.96,119.7,248.1,92.2,59.82,74.3,455.7,26.9,unstable
2026-07-18 12:00:00,12,0.86,63.4,107.9,41.3,59.88,85.9,261.5,27.9,unstable
2026-07-18 13:00:00,13,0.99,33.5,69.1,29.2,59.9,26.3,169.5,13.8,stable
2026-07-18 14:00:00,14,0.93,82.7,155.0,59.9,59.92,13.4,272.3,16.6,stable
2026-07-18 15:00:00,15,0.95,38.7,77.8,33.7,59.85,36.4,185.4,13.6,stable
2026-07-18 16:00:00,16,0.97,75.3,141.9,49.7,59.86,44.0,271.4,12.3,stable
2026-07-18 17:00:00,17,0.92,65.4,118.1,46.2,59.76,54.4,262.1,30.6,unstable
2026-07-18 18:00:00,18,0.96,43.9,78.5,29.7,59.85,19.4,178.0,18.6,stable
2026-07-18 19:00:00,19,0.93,140.4,278.0,103.0,59.8,90.1,528.6,30.2,unstable
2026-07-18 20:00:00,20,0.93,85.9,165.8,69.2,59.8,89.7,359.9,21.9,unstable
2026-07-18 21:00:00,21,0.85,139.5,223.2,86.7,59.93,77.3,423.7,30.9,unstable
2026-07-18 22:00:00,22,0.93,78.4,135.2,57.6,59.95,16.6,246.0,13.0,stable
2026-07-18 23:00:00,23,0.94,96.7,182.6,66.8,59.74,78.0,356.4,27.0,unstable
2026-07-19 00:00:00,0,0.91,55.0,105.5,43.7,60.01,30.8,222.5,14.9,stable
2026-07-19 01:00:00,1,0.95,55.5,98.9,35.0,59.93,30.5,193.1,15.7,stable
2026-07-19 02:00:00,2,0.95,138.7,272.4,111.1,59.86,55.7,485.6,24.6,unstable
2026-07-19 03:00:00,3,0.98,79.4,153.1,54.1,59.99,57.9,285.7,25.2,stable
2026-07-19 04:00:00,4,0.84,67.2,113.7,41.0,59.8,71.4,287.5,21.7,unstable
2026-07-19 05:00:00,5,0.95,42.3,78.4,28.1,60.02,50.7,185.8,19.2,stable
2026-07-19 06:00:00,6,0.98,66.2,137.3,54.4,59.88,15.4,245.2,12.5,stable
2026-07-19 07:00:00,7,0.95,49.0,86.6,36.0,59.9,38.3,220.3,19.4,stable
2026-07-19 08:00:00,8,1.01,42.8,81.1,29.2,59.89,44.9,213.5,13.8,stable
2026-07-19 09:00:00,9,0.87,122.6,222.1,94.4,59.74,64.7,427.3,21.9,unstable
2026-07-19 10:00:00,10,0.91,67.1,124.7,51.8,59.93,51.7,258.4,23.0,unstable
2026-07-19 11:00:00,11,0.96,136.8,246.7,101.9,59.89,82.6,468.7,24.6,unstable
2026-07-19 12:00:00,12,0.89,68.4,128.9,56.9,59.93,47.6,281.4,27.5,unstable
2026-07-19 13:00:00,13,0.88,102.5,168.0,68.5,59.93,77.0,375.2,22.8,unstable
2026-07-19 14:00:00,14,1.01,74.9,160.9,64.9,59.95,51.2,344.6,11.3,stable
2026-07-19 15:00:00,15,0.92,55.2,103.6,40.8,59.86,23.2,190.4,17.6,stable
2026-07-19 16:00:00,16,0.96,33.7,66.2,27.5,60.01,50.5,209.7,13.6,stable
2026-07-19 17:00:00,17,0.85,89.2,143.4,54.5,59.92,49.8,287.0,25.8,unstable
2026-07-19 18:00:00,18,0.89,124.2,232.7,103.1,59.8,87.5,477.7,20.4,unstable
2026-07-19 19:00:00,19,0.95,79.9,151.2,55.8,60.0,26.2,261.9,21.6,stable
2026-07-19 20:00:00,20,0.99,66.6,139.3,60.7,59.94,19.0,272.0,17.4,stable
2026-07-19 21:00:00,21,1.01,58.7,123.8,45.3,59.86,16.6,249.7,18.0,stable
2026-07-19 22:00:00,22,0.99,35.2,74.0,31.0,59.84,41.0,176.1,23.6,stable
2026-07-19 23:00:00,23,0.95,117.2,220.6,98.1,59.74,66.3,448.1,24.9,unstable
2026-07-20 00:00:00,0,0.95,104.8,192.9,77.4,59.85,17.3,322.8,18.7,stable
2026-07-20 01:00:00,1,1.02,33.4,73.2,26.3,59.92,43.2,168.6,16.6,stable
2026-07-20 02:00:00,2,1.0,49.3,94.3,41.0,59.93,25.5,184.0,16.1,stable
2026-07-20 03:00:00,3,0.93,132.4,261.4,104.2,59.71,75.8,494.1,20.0,unstable
2026-07-20 04:00:00,4,1.01,46.3,99.6,35.6,59.92,22.9,178.8,22.5,stable
2026-07-20 05:00:00,5,0.95,42.5,86.7,33.2,59.89,27.3,215.4,25.6,stable
2026-07-20 06:00:00,6,0.95,128.3,258.6,96.0,59.76,56.5,480.7,21.7,unstable
2026-07-20 07:00:00,7,0.84,109.3,184.9,72.0,59.92,60.2,361.3,20.1,unstable
2026-07-20 08:00:00,8,0.98,78.4,153.5,57.7,60.03,27.0,277.0,15.9,stable
2026-07-20 09:00:00,9,1.01,72.9,153.7,65.1,59.96,31.4,272.0,20.5,stable
2026-07-20 10:00:00,10,0.99,39.6,82.2,30.3,59.85,49.4,183.5,19.4,stable
2026-07-20 11:00:00,11,0.89,130.8,219.0,79.5,59.84,76.4,399.1,32.9,unstable
2026-07-20 12:00:00,12,0.94,38.2,70.3,30.4,59.97,15.2,177.8,17.9,stable
2026-07-20 13:00:00,13,0.94,102.8,180.6,68.2,59.85,42.2,315.8,29.4,unstable
2026-07-20 14:00:00,14,0.98,84.5,161.0,65.2,60.02,58.1,327.1,22.4,stable
2026-07-20 15:00:00,15,0.97,34.4,62.2,25.0,59.98,47.3,183.6,13.2,stable
2026-07-20 16:00:00,16,0.9,67.1,126.5,48.2,59.84,76.1,294.7,21.9,unstable
2026-07-20 17:00:00,17,1.0,40.4,79.8,35.2,59.99,12.4,164.8,20.1,stable
2026-07-20 18:00:00,18,0.9,84.2,159.9,64.4,59.9,88.8,371.7,26.6,unstable
2026-07-20 19:00:00,19,0.94,98.5,174.7,64.5,59.84,43.1,308.7,29.4,unstable
2026-07-20 20:00:00,20,0.92,74.8,137.9,53.3,59.78,54.6,290.5,26.0,unstable
2026-07-20 21:00:00,21,0.94,131.6,244.3,92.7,59.72,50.4,438.2,29.1,unstable
2026-07-20 22:00:00,22,0.96,32.5,61.4,26.2,59.93,56.2,179.5,23.7,stable
2026-07-20 23:00:00,23,0.97,32.4,65.3,24.9,59.93,58.3,182.9,23.6,stable
2026-07-21 00:00:00,0,1.01,48.7,94.0,36.7,60.03,40.4,200.5,21.9,stable
2026-07-21 01:00:00,1,1.01,79.6,169.3,69.9,60.01,27.4,307.2,20.9,stable
2026-07-21 02:00:00,2,1.01,97.5,198.2,70.1,60.02,29.7,349.8,23.9,stable
2026-07-21 03:00:00,3,0.87,67.4,115.1,45.1,59.94,89.0,305.8,21.2,unstable
2026-07-21 04:00:00,4,0.96,125.4,257.7,97.2,59.89,42.9,425.0,25.7,unstable
2026-07-21 05:00:00,5,0.96,95.0,169.3,61.9,59.83,72.8,330.6,32.1,unstable
2026-07-21 06:00:00,6,0.87,106.3,198.3,72.5,59.77,55.0,365.2,24.7,unstable
2026-07-21 07:00:00,7,0.91,127.5,241.1,88.2,59.89,65.3,426.9,31.0,unstable
2026-07-21 08:00:00,8,1.02,45.7,96.2,34.0,59.91,53.5,204.6,14.0,stable
2026-07-21 09:00:00,9,0.92,123.3,220.5,93.8,59.74,44.1,418.6,26.5,unstable
2026-07-21 10:00:00,10,0.86,95.8,177.1,78.3,59.92,63.2,338.7,21.4,unstable
2026-07-21 11:00:00,11,1.01,61.6,129.9,51.4,59.92,29.0,256.8,11.4,stable
2026-07-21 12:00:00,12,0.94,106.7,208.5,84.6,59.9,86.8,411.4,20.6,unstable
2026-07-21 13:00:00,13,0.87,125.2,233.9,89.0,59.92,72.5,445.7,20.3,unstable
2026-07-21 14:00:00,14,0.92,30.5,53.2,21.0,59.97,15.1,121.8,21.8,stable
2026-07-21 15:00:00,15,0.85,69.2,115.6,50.5,59.89,83.1,278.4,28.3,unstable
2026-07-21 16:00:00,16,0.85,141.0,245.9,86.5,59.8,45.9,445.4,30.6,unstable
2026-07-21 17:00:00,17,1.02,45.0,89.7,37.8,59.94,29.6,216.8,20.2,stable
2026-07-21 18:00:00,18,0.89,82.7,143.2,55.4,59.94,56.1,279.7,19.5,unstable
2026-07-21 19:00:00,19,0.91,64.4,111.4,48.6,59.78,84.3,277.0,27.2,unstable
2026-07-21 20:00:00,20,0.95,132.4,234.4,84.0,59.75,81.2,425.0,23.3,unstable
2026-07-21 21:00:00,21,0.95,70.9,128.2,54.7,59.84,20.4,223.3,14.5,stable
2026-07-21 22:00:00,22,0.85,90.3,154.5,57.9,59.84,38.6,309.3,25.5,unstable
2026-07-21 23:00:00,23,0.93,131.7,257.4,110.3,59.85,67.1,503.4,21.6,unstable
2026-07-22 00:00:00,0,0.91,116.0,217.4,83.7,59.83,90.9,427.0,26.5,unstable
2026-07-22 01:00:00,1,0.84,76.7,133.9,53.6,59.78,62.2,292.8,25.5,unstable
2026-07-22 02:00:00,2,0.95,140.6,260.2,91.5,59.73,63.2,443.1,21.6,unstable
2026-07-22 03:00:00,3,0.91,116.4,204.7,74.1,59.74,83.4,383.1,27.0,unstable
2026-07-22 04:00:00,4,0.98,35.9,70.1,31.3,59.93,20.4,191.7,23.2,stable
2026-07-22 05:00:00,5,0.94,47.5,91.7,40.9,59.88,59.3,253.0,16.0,stable
2026-07-22 06:00:00,6,0.93,65.9,115.9,43.9,59.87,57.6,266.8,24.6,stable
2026-07-22 07:00:00,7,0.85,138.4,240.2,89.4,59.8,89.3,476.1,26.8,unstable
2026-07-22 08:00:00,8,0.86,93.5,165.5,70.3,59.71,83.8,352.7,32.8,unstable
2026-07-22 09:00:00,9,0.99,34.8,65.0,25.9,59.93,47.0,161.6,14.3,stable
2026-07-22 10:00:00,10,0.98,102.3,208.3,80.3,59.88,51.2,397.3,12.6,stable
2026-07-22 11:00:00,11,0.92,94.4,162.0,58.5,59.97,26.2,266.8,12.2,stable
2026-07-22 12:00:00,12,0.87,114.4,192.6,82.2,59.74,91.6,433.2,31.6,unstable
2026-07-22 13:00:00,13,1.01,50.6,95.4,42.9,60.0,14.2,190.4,18.3,stable
2026-07-22 14:00:00,14,1.0,37.1,77.7,34.8,59.92,21.9,161.0,21.1,stable
2026-07-22 15:00:00,15,0.84,127.9,213.2,81.6,59.77,47.9,393.6,26.7,unstable
2026-07-22 16:00:00,16,0.95,49.6,96.9,38.0,59.97,42.2,234.4,25.4,stable
2026-07-22 17:00:00,17,0.94,61.4,123.6,50.4,59.98,50.9,262.6,15.4,stable
2026-07-22 18:00:00,18,0.88,68.4,117.9,41.4,59.75,54.7,263.0,25.4,unstable
2026-07-22 19:00:00,19,0.86,104.1,178.3,65.4,59.74,42.2,328.2,22.6,unstable
2026-07-22 20:00:00,20,0.95,141.4,285.8,111.4,59.9,66.1,511.1,27.1,unstable
2026-07-22 21:00:00,21,0.91,124.9,236.6,88.5,59.73,91.2,446.2,19.9,unstable
2026-07-22 22:00:00,22,0.91,28.1,54.4,22.9,59.93,37.7,141.3,17.9,stable
2026-07-22 23:00:00,23,0.96,109.9,212.9,91.0,59.88,67.7,398.0,24.6,unstable
2026-07-23 00:00:00,0,0.93,29.7,53.5,24.0,59.92,37.5,156.4,16.7,stable
2026-07-23 01:00:00,1,0.9,94.1,177.4,65.5,59.74,55.5,348.8,25.5,unstable
2026-07-23 02:00:00,2,0.88,68.9,129.6,53.5,59.82,66.9,282.3,23.3,unstable
2026-07-23 03:00:00,3,0.84,116.7,193.3,74.5,59.73,84.0,404.0,21.2,unstable
2026-07-23 04:00:00,4,0.96,138.5,274.8,115.7,59.88,52.3,463.8,27.2,unstable
2026-07-23 05:00:00,5,1.02,69.9,146.2,54.4,59.86,25.7,248.1,24.2,stable
2026-07-23 06:00:00,6,0.84,113.3,193.1,70.6,59.74,78.0,377.5,25.6,unstable
2026-07-23 07:00:00,7,0.95,42.9,81.1,29.3,59.9,39.7,212.1,23.1,stable
2026-07-23 08:00:00,8,0.9,137.0,251.7,101.5,59.77,77.6,458.2,26.9,unstable
2026-07-23 09:00:00,9,0.96,31.5,60.3,22.5,59.96,17.1,132.0,19.8,stable
2026-07-23 10:00:00,10,0.91,68.3,116.3,50.8,59.92,25.4,248.6,23.3,stable
2026-07-23 11:00:00,11,0.96,136.6,262.1,93.4,59.88,63.0,483.9,25.3,unstable
2026-07-23 12:00:00,12,0.98,104.5,207.1,82.0,60.02,18.2,376.2,22.2,stable
2026-07-23 13:00:00,13,0.99,79.3,155.6,57.8,59.91,36.6,295.0,14.7,stable
2026-07-23 14:00:00,14,0.91,29.5,55.8,23.8,59.99,35.9,156.4,19.6,stable
2026-07-23 15:00:00,15,0.93,89.3,160.2,63.4,59.83,49.9,317.4,20.7,unstable
2026-07-23 16:00:00,16,0.95,66.2,127.4,52.3,60.02,31.2,260.0,11.7,stable
2026-07-23 17:00:00,17,1.0,32.6,66.5,26.2,60.01,25.9,177.5,15.8,stable
2026-07-23 18:00:00,18,0.86,77.4,124.0,52.3,59.78,47.9,264.2,22.0,unstable
2026-07-23 19:00:00,19,0.88,103.4,195.3,72.3,59.93,91.3,393.3,26.6,unstable
2026-07-23 20:00:00,20,1.02,70.6,135.6,51.7,60.0,14.3,234.5,16.5,stable
2026-07-23 21:00:00,21,0.94,87.2,161.1,60.3,59.75,51.4,339.9,23.1,unstable
2026-07-23 22:00:00,22,0.85,77.6,124.4,52.5,59.82,48.9,285.4,23.0,unstable
2026-07-23 23:00:00,23,0.92,76.0,130.8,54.3,59.8,58.8,301.1,26.8,unstable
2026-07-24 00:00:00,0,0.92,33.6,64.8,26.0,59.83,56.2,193.4,22.5,stable
2026-07-24 01:00:00,1,0.94,94.0,164.9,71.9,59.91,55.1,334.3,29.3,unstable
2026-07-24 02:00:00,2,0.92,84.0,155.5,63.2,59.86,88.9,355.3,32.8,unstable
2026-07-24 03:00:00,3,0.96,71.5,142.2,52.7,59.77,88.1,350.9,22.0,unstable
2026-07-24 04:00:00,4,1.02,34.5,73.2,27.4,60.03,31.7,198.0,20.7,stable
2026-07-24 05:00:00,5,0.95,103.7,192.1,75.4,59.83,57.6,369.0,20.4,unstable
2026-07-24 06:00:00,6,0.95,97.8,193.9,87.1,59.92,47.6,395.6,11.3,stable
2026-07-24 07:00:00,7,0.98,78.4,148.1,57.7,59.89,44.8,302.6,15.2,stable
2026-07-24 08:00:00,8,0.91,86.3,147.2,52.3,59.93,90.1,326.6,25.6,unstable
2026-07-24 09:00:00,9,0.94,132.9,242.4,99.0,59.89,69.4,461.7,25.1,unstable
2026-07-24 10:00:00,10,0.96,129.2,255.9,95.5,59.86,71.1,472.3,23.4,unstable
2026-07-24 11:00:00,11,0.85,87.5,149.5,57.5,59.81,43.2,295.5,30.5,unstable
2026-07-24 12:00:00,12,0.91,64.9,111.3,43.3,59.94,54.7,260.3,19.3,stable
2026-07-24 13:00:00,13,0.95,65.4,123.5,44.5,59.73,37.1,267.9,28.6,unstable
2026-07-24 14:00:00,14,0.88,136.2,222.7,89.6,59.75,78.7,439.7,29.1,unstable
2026-07-24 15:00:00,15,0.88,64.8,116.5,43.1,59.91,71.4,262.9,24.5,unstable
2026-07-24 16:00:00,16,1.02,47.2,95.3,40.6,60.03,15.1,197.5,19.9,stable
2026-07-24 17:00:00,17,0.98,80.1,149.0,56.6,59.86,34.4,307.5,23.3,stable
2026-07-24 18:00:00,18,1.02,99.3,211.1,90.9,59.97,25.9,378.8,12.4,stable
2026-07-24 19:00:00,19,1.01,75.5,151.7,65.6,59.87,12.5,286.5,13.1,stable
2026-07-24 20:00:00,20,0.91,40.2,70.4,27.6,59.91,11.8,136.9,15.0,stable
2026-07-24 21:00:00,21,0.95,129.5,255.1,108.5,59.89,81.3,475.1,24.5,unstable
2026-07-24 22:00:00,22,0.96,77.5,142.4,56.7,59.83,43.8,283.0,19.3,stable
2026-07-24 23:00:00,23,1.0,41.9,84.1,29.7,59.99,26.6,190.0,16.7,stable
2026-07-25 00:00:00,0,0.91,88.4,167.5,70.3,59.71,79.3,379.8,26.0,unstable
2026-07-25 01:00:00,1,0.87,137.3,225.4,90.0,59.84,74.4,431.9,25.4,unstable
2026-07-25 02:00:00,2,0.95,34.9,65.1,26.4,59.9,12.3,159.4,17.6,stable
2026-07-25 03:00:00,3,0.9,99.0,175.1,63.2,59.92,65.7,330.3,25.8,unstable
2026-07-25 04:00:00,4,0.94,137.9,267.3,94.8,59.78,81.6,492.1,28.6,unstable
2026-07-25 05:00:00,5,0.91,32.0,58.0,24.5,59.89,38.5,149.2,12.7,stable
2026-07-25 06:00:00,6,0.91,49.6,86.6,31.2,59.86,49.8,230.0,23.8,stable
2026-07-25 07:00:00,7,0.92,95.2,169.9,70.5,59.95,13.5,282.8,12.3,stable
2026-07-25 08:00:00,8,1.0,36.9,73.0,32.8,59.95,59.4,228.4,18.4,stable
2026-07-25 09:00:00,9,0.89,136.2,251.5,107.2,59.73,83.4,473.5,23.3,unstable
2026-07-25 10:00:00,10,0.94,39.8,69.4,25.1,60.0,43.4,190.7,15.9,stable
2026-07-25 11:00:00,11,0.92,117.7,204.4,78.5,59.81,64.1,398.8,23.3,unstable
2026-07-25 12:00:00,12,0.92,41.8,74.8,31.1,59.97,21.1,194.9,19.0,stable
2026-07-25 13:00:00,13,0.91,76.9,142.9,59.6,59.93,57.2,312.9,20.7,unstable
2026-07-25 14:00:00,14,0.99,101.7,215.7,93.4,59.84,21.1,388.5,12.8,stable
2026-07-25 15:00:00,15,0.94,120.8,227.3,96.7,59.86,90.8,456.4,21.7,unstable
2026-07-25 16:00:00,16,0.85,85.5,138.8,48.9,59.85,44.6,259.8,23.8,unstable
2026-07-25 17:00:00,17,0.91,86.0,164.8,65.5,59.99,38.2,297.2,14.1,stable
2026-07-25 18:00:00,18,0.86,102.2,187.4,72.1,59.8,56.8,354.1,28.2,unstable
2026-07-25 19:00:00,19,0.97,90.7,167.3,66.4,59.92,54.6,333.5,19.9,stable
2026-07-25 20:00:00,20,0.87,98.3,180.7,77.0,59.82,48.5,346.2,31.6,unstable
2026-07-25 21:00:00,21,0.93,110.4,217.4,77.9,59.86,43.8,376.1,27.7,unstable
2026-07-25 22:00:00,22,0.99,95.2,174.7,63.8,59.85,12.0,310.5,23.9,stable
2026-07-25 23:00:00,23,1.02,68.5,133.4,47.5,59.85,13.9,259.4,13.3,stable
2026-07-26 00:00:00,0,0.92,78.7,153.1,68.1,59.86,91.9,380.5,23.9,unstable
2026-07-26 01:00:00,1,0.94,71.9,139.4,52.7,59.86,28.0,240.9,23.5,stable
2026-07-26 02:00:00,2,0.91,115.0,212.0,87.1,59.73,73.9,417.0,21.4,unstable
2026-07-26 03:00:00,3,0.92,96.0,180.7,75.3,59.92,29.3,306.4,17.4,stable
2026-07-26 04:00:00,4,0.88,106.9,180.9,67.8,59.86,72.8,360.0,28.2,unstable
2026-07-26 05:00:00,5,0.92,80.1,139.7,51.9,59.85,85.6,324.2,25.4,unstable
2026-07-26 06:00:00,6,0.95,135.3,270.7,102.7,59.83,42.6,442.8,28.4,unstable
2026-07-26 07:00:00,7,0.96,113.9,216.8,77.6,59.86,73.9,404.2,19.6,unstable
2026-07-26 08:00:00,8,0.98,41.3,77.7,28.4,60.04,29.9,177.3,23.1,stable
2026-07-26 09:00:00,9,0.96,131.0,260.3,98.3,59.82,85.8,469.2,21.2,unstable
2026-07-26 10:00:00,10,0.94,52.9,98.5,38.5,59.9,20.0,222.8,17.5,stable
2026-07-26 11:00:00,11,0.84,120.0,207.2,76.6,59.75,69.5,379.3,32.3,unstable
2026-07-26 12:00:00,12,0.98,74.3,150.0,64.3,59.86,53.3,292.8,21.9,stable
2026-07-26 13:00:00,13,0.84,135.1,233.5,96.8,59.74,49.2,427.3,28.3,unstable
2026-07-26 14:00:00,14,0.89,63.8,110.5,43.2,59.93,39.9,263.6,25.9,unstable
2026-07-26 15:00:00,15,1.01,46.4,94.6,41.6,59.91,48.4,252.9,23.1,stable
2026-07-26 16:00:00,16,0.86,141.2,251.0,93.2,59.83,53.1,446.8,27.6,unstable
2026-07-26 17:00:00,17,0.95,128.3,255.5,99.3,59.88,48.0,431.7,19.5,unstable
2026-07-26 18:00:00,18,0.9,107.8,206.2,75.4,59.75,77.0,403.3,26.5,unstable
2026-07-26 19:00:00,19,0.95,94.6,189.2,79.1,59.93,53.8,386.2,22.9,unstable
2026-07-26 20:00:00,20,0.9,133.9,255.0,90.5,59.87,58.0,447.5,23.4,unstable
2026-07-26 21:00:00,21,0.85,120.1,213.8,96.0,59.8,57.2,425.9,23.3,unstable
2026-07-26 22:00:00,22,1.02,103.5,216.8,95.4,60.0,47.4,413.6,20.9,stable
2026-07-26 23:00:00,23,0.93,62.4,113.7,41.9,60.02,18.1,206.5,23.0,stable
2026-07-27 00:00:00,0,0.85,131.4,232.9,89.8,59.85,61.7,437.1,27.8,unstable
2026-07-27 01:00:00,1,0.92,140.2,249.4,102.3,59.76,41.2,434.3,26.1,unstable
2026-07-27 02:00:00,2,0.87,124.8,216.1,77.2,59.75,49.2,370.8,29.8,unstable
2026-07-27 03:00:00,3,0.98,82.2,162.0,61.5,59.87,51.2,298.6,16.0,stable
2026-07-27 04:00:00,4,0.93,95.0,172.4,70.9,59.82,57.1,323.6,25.4,unstable
2026-07-27 05:00:00,5,0.93,62.6,110.8,46.3,59.96,48.7,235.3,23.4,stable
2026-07-27 06:00:00,6,0.96,81.0,164.7,62.0,59.75,44.2,317.9,25.6,unstable
2026-07-27 07:00:00,7,0.88,107.2,175.7,63.0,59.85,56.8,365.0,30.9,unstable
2026-07-27 08:00:00,8,1.0,60.3,125.5,50.7,59.96,41.5,285.5,12.4,stable
2026-07-27 09:00:00,9,0.92,32.5,58.7,26.3,59.93,47.3,199.3,18.5,stable
2026-07-27 10:00:00,10,0.93,100.8,196.7,86.2,59.98,38.5,376.6,14.2,stable
2026-07-27 11:00:00,11,0.86,101.1,164.4,63.5,59.86,73.8,334.7,20.6,unstable
2026-07-27 12:00:00,12,0.95,87.2,172.6,71.2,59.97,19.4,328.7,24.8,stable
2026-07-27 13:00:00,13,0.89,99.0,164.7,58.2,59.73,64.9,328.8,27.6,unstable
2026-07-27 14:00:00,14,0.93,88.7,170.5,76.5,59.87,39.5,322.9,21.6,unstable
2026-07-27 15:00:00,15,1.01,98.5,200.0,74.7,59.84,33.3,376.8,25.5,stable
2026-07-27 16:00:00,16,0.95,116.3,210.5,82.3,59.75,59.6,404.4,32.6,unstable
2026-07-27 17:00:00,17,0.94,63.6,112.4,47.2,59.91,22.6,228.9,23.3,stable
2026-07-27 18:00:00,18,0.9,98.2,183.9,70.4,59.91,43.7,364.6,19.6,unstable
2026-07-27 19:00:00,19,0.96,63.2,113.8,46.6,59.95,55.3,266.9,17.9,stable
2026-07-27 20:00:00,20,1.02,55.1,120.2,53.7,59.92,34.5,239.9,24.5,stable
2026-07-27 21:00:00,21,0.87,65.5,111.5,42.1,59.8,45.8,231.0,24.6,unstable
2026-07-27 22:00:00,22,0.94,56.4,100.6,42.0,59.98,50.1,258.5,13.5,stable
2026-07-27 23:00:00,23,0.84,72.3,127.6,49.0,59.93,50.8,295.2,32.0,unstable
2026-07-28 00:00:00,0,0.91,69.4,120.2,49.9,59.98,38.6,251.7,25.9,stable
2026-07-28 01:00:00,1,0.93,130.7,235.4,94.9,59.87,85.3,453.6,26.9,unstable
2026-07-28 02:00:00,2,0.91,109.7,195.0,81.3,59.87,89.5,415.8,23.2,unstable
2026-07-28 03:00:00,3,0.88,129.4,213.0,78.9,59.77,84.6,405.4,23.0,unstable
2026-07-28 04:00:00,4,0.87,88.3,160.0,71.2,59.83,67.8,339.2,23.8,unstable
2026-07-28 05:00:00,5,0.87,90.2,150.3,64.1,59.73,72.5,313.5,26.3,unstable
2026-07-28 06:00:00,6,0.92,116.6,204.3,82.1,59.76,90.7,418.3,30.6,unstable
2026-07-28 07:00:00,7,1.02,98.0,195.6,74.1,59.86,19.7,352.0,15.8,stable
